SK_ID_PREV,SK_ID_CURR,MONTHS_BALANCE,AMT_BALANCE,AMT_CREDIT_LIMIT_ACTUAL,AMT_DRAWINGS_ATM_CURRENT,AMT_DRAWINGS_CURRENT,AMT_DRAWINGS_OTHER_CURRENT,AMT_DRAWINGS_POS_CURRENT,AMT_INST_MIN_REGULARITY,AMT_PAYMENT_CURRENT,AMT_PAYMENT_TOTAL_CURRENT,AMT_RECEIVABLE_PRINCIPAL,AMT_RECIVABLE,AMT_TOTAL_RECEIVABLE,CNT_DRAWINGS_ATM_CURRENT,CNT_DRAWINGS_CURRENT,CNT_DRAWINGS_OTHER_CURRENT,CNT_DRAWINGS_POS_CURRENT,CNT_INSTALMENT_MATURE_CUM,NAME_CONTRACT_STATUS,SK_DPD,SK_DPD_DEF
2562384,378907,-6,56.97,135000,0.0,877.5,0.0,877.5,1700.325,1800.0,1800.0,0.0,0.0,0.0,0.0,1,0.0,1.0,35.0,Active,0,0
2582071,363914,-1,63975.555,45000,2250.0,2250.0,0.0,0.0,2250.0,2250.0,2250.0,60175.08,64875.555,64875.555,1.0,1,0.0,0.0,69.0,Active,0,0
1740877,371185,-7,31815.225,450000,0.0,0.0,0.0,0.0,2250.0,2250.0,2250.0,26926.425,31460.085,31460.085,0.0,0,0.0,0.0,30.0,Active,0,0
1389973,337855,-4,236572.11,225000,2250.0,2250.0,0.0,0.0,11795.76,11925.0,11925.0,224949.285,233048.97,233048.97,1.0,1,0.0,0.0,10.0,Active,0,0
1891521,126868,-1,453919.455,450000,0.0,11547.0,0.0,11547.0,22924.89,27000.0,27000.0,443044.395,453919.455,453919.455,0.0,1,0.0,1.0,101.0,Active,0,0
2646502,380010,-7,82903.815,270000,0.0,0.0,0.0,0.0,4449.105,3825.0,3825.0,80519.04,82773.315,82773.315,0.0,0,0.0,0.0,2.0,Active,7,0
1079071,171320,-6,353451.645,585000,67500.0,67500.0,0.0,0.0,14684.175,15750.0,15750.0,345433.86,351881.145,351881.145,1.0,1,0.0,0.0,6.0,Active,0,0
2095912,118650,-7,47962.125,45000,45000.0,45000.0,0.0,0.0,0.0,264.69,0.0,44735.31,47962.125,47962.125,1.0,1,0.0,0.0,51.0,Active,0,0
2181852,367360,-4,291543.075,292500,90000.0,289339.425,0.0,199339.425,130.5,4093.515,4093.515,285376.41,286831.575,286831.575,3.0,8,0.0,5.0,3.0,Active,0,0
1235299,203885,-5,201261.195,225000,76500.0,111026.7,0.0,34526.7,6338.34,45000.0,45000.0,192793.275,197224.695,197224.695,3.0,9,0.0,6.0,38.0,Active,0,0
1108284,209660,-7,102076.56,180000,92250.0,92250.0,0.0,0.0,0.0,4500.0,4500.0,92237.355,94224.06,94224.06,5.0,5,0.0,0.0,0.0,Active,0,0
2740914,340339,-1,131669.145,225000,10800.0,10800.0,0.0,0.0,6000.48,6322.5,6322.5,121430.7,127891.935,127891.935,2.0,2,0.0,0.0,6.0,Active,0,0
1985699,302517,-4,1427.265,135000,4500.0,101304.72,0.0,96804.72,3023.955,85500.0,85500.0,0.0,0.0,0.0,1.0,30,0.0,29.0,27.0,Active,0,0
1441883,171537,-5,0.0,270000,0.0,0.0,0.0,0.0,12218.49,2607.795,1448.64,0.0,0.0,0.0,0.0,0,0.0,0.0,2.0,Active,0,0
1864742,303581,-1,0.0,45000,0.0,0.0,0.0,0.0,0.0,2.295,0.0,0.0,0.0,0.0,0.0,0,0.0,0.0,59.0,Active,0,0
2037377,289902,-1,131294.34,135000,0.0,0.0,0.0,0.0,6774.66,6975.0,6975.0,128518.02,131294.34,131294.34,0.0,0,0.0,0.0,11.0,Active,0,0
1816636,255981,-6,72899.955,450000,67500.0,67500.0,0.0,0.0,2457.72,25200.0,25200.0,68954.805,71554.455,71554.455,1.0,1,0.0,0.0,42.0,Active,0,0
1039039,276642,-6,0.0,67500,0.0,0.0,0.0,0.0,0.0,0.0,0.0,0.0,0.0,0.0,0.0,0,0.0,0.0,33.0,Completed,0,0
2016842,302450,-3,0.0,0,0.0,0.0,0.0,0.0,0.0,0.0,0.0,0.0,0.0,0.0,0.0,0,0.0,0.0,2.0,Completed,0,0
1189095,231608,-4,452774.7,450000,9000.0,9000.0,0.0,0.0,22916.475,27000.0,27000.0,440329.05,451429.2,451429.2,1.0,1,0.0,0.0,22.0,Active,0,0
1104090,259807,-6,45413.73,45000,105750.0,105750.0,0.0,0.0,1471.005,86887.98,84637.98,43650.855,44068.23,44068.23,3.0,3,0.0,0.0,16.0,Active,0,0
1683604,217113,-1,68710.14,67500,0.0,4412.25,0.0,4412.25,3315.24,3375.0,3375.0,67341.87,68710.14,68710.14,0.0,4,0.0,4.0,6.0,Active,0,0
2392920,132481,-1,85792.095,135000,45000.0,63337.815,0.0,18337.815,2250.0,23181.57,18521.55,85086.945,85792.095,85792.095,1.0,9,0.0,8.0,5.0,Active,0,0
2021411,105755,-5,464452.47,450000,135000.0,279112.5,137700.0,6412.5,8921.97,9000.0,9000.0,448552.125,456379.47,456379.47,5.0,7,1.0,1.0,25.0,Active,0,0
1927949,323730,-3,152801.55,157500,0.0,0.0,0.0,0.0,7875.0,7875.0,7875.0,146857.995,152801.55,152801.55,0.0,0,0.0,0.0,70.0,Active,0,0
1885349,195164,-6,134249.445,157500,0.0,0.0,0.0,0.0,6906.555,7200.0,7200.0,130930.965,134249.445,134249.445,0.0,0,0.0,0.0,35.0,Active,0,0
2024137,184131,-3,67609.125,450000,42750.0,76131.0,0.0,33381.0,2250.0,13500.0,13500.0,65466.54,66263.625,66263.625,1.0,2,0.0,1.0,33.0,Active,0,0
2272688,387286,-6,76235.94,180000,31500.0,32985.0,0.0,1485.0,2250.0,18919.035,14175.855,75963.78,76235.94,76235.94,2.0,4,0.0,2.0,1.0,Active,0,0
2561523,213409,-2,137812.185,180000,0.0,3100.5,0.0,3100.5,7041.645,9000.0,9000.0,134933.175,137812.185,137812.185,0.0,1,0.0,1.0,5.0,Active,0,0
1288249,406607,-4,0.0,270000,0.0,0.0,0.0,0.0,0.0,2394.18,0.0,0.0,0.0,0.0,0.0,0,0.0,0.0,80.0,Active,0,0
1598223,427122,-6,44959.455,45000,450.0,1664.46,0.0,1214.46,2291.04,2475.0,2475.0,41942.295,43613.955,43613.955,1.0,3,0.0,2.0,30.0,Active,0,0
1503450,388056,-6,364886.415,360000,0.0,0.0,0.0,0.0,18000.0,0.0,0.0,349996.185,361835.91,361835.91,0.0,0,0.0,0.0,42.0,Active,0,0
2332261,337802,-6,267745.185,270000,45000.0,45000.0,0.0,0.0,13500.0,13500.0,13500.0,257208.84,267745.185,267745.185,2.0,2,0.0,0.0,92.0,Active,0,0
2252971,193247,-4,23422.5,540000,0.0,0.0,0.0,0.0,2250.0,0.0,0.0,22120.335,23346.675,23346.675,0.0,0,0.0,0.0,6.0,Active,0,0
2536108,223794,-6,137786.67,135000,0.0,0.0,0.0,0.0,6934.5,7200.0,7200.0,131489.64,137786.67,137786.67,0.0,0,0.0,0.0,35.0,Active,0,0
1204677,234016,-7,137723.31,292500,0.0,0.0,0.0,0.0,7846.785,9000.0,1325.52,135489.735,137723.31,137723.31,0.0,0,0.0,0.0,35.0,Active,0,0
1487883,379250,-4,0.0,180000,0.0,0.0,0.0,0.0,1520.55,1804.32,1804.32,0.0,0.0,0.0,0.0,0,0.0,0.0,13.0,Active,0,0
2043751,441030,-4,436537.755,450000,4500.0,4500.0,0.0,0.0,23238.585,23400.0,23400.0,421431.93,435192.255,435192.255,1.0,1,0.0,0.0,26.0,Active,0,0
2257392,384410,-5,116897.895,292500,0.0,0.0,0.0,0.0,5527.755,1244.97,1244.97,111640.86,115367.76,115367.76,0.0,0,0.0,0.0,4.0,Active,0,0
1395300,330465,-5,108377.91,135000,0.0,0.0,0.0,0.0,5578.875,5850.0,5850.0,105727.095,108377.91,108377.91,0.0,0,0.0,0.0,42.0,Active,0,0
1974378,215299,-1,390808.305,450000,0.0,0.0,0.0,0.0,20074.68,20250.0,20250.0,381243.42,390808.305,390808.305,0.0,0,0.0,0.0,21.0,Active,0,0
2014169,147323,-4,45403.11,225000,0.0,0.0,0.0,0.0,5432.625,22500.0,18033.93,44321.4,45403.11,45403.11,0.0,0,0.0,0.0,5.0,Active,0,0
2765915,425246,-5,0.0,225000,67500.0,67500.0,0.0,0.0,0.0,69752.07,67772.25,0.0,0.0,0.0,1.0,1,0.0,0.0,3.0,Active,0,0
1009803,313797,-4,135326.115,225000,0.0,0.0,0.0,0.0,13500.0,13500.0,13500.0,114841.71,135326.115,135326.115,0.0,0,0.0,0.0,95.0,Active,0,0
2293769,352647,-4,110310.12,450000,0.0,0.0,0.0,0.0,6054.075,13500.0,13500.0,107581.5,110310.12,110310.12,0.0,0,0.0,0.0,85.0,Active,0,0
2657726,399970,-5,0.0,225000,,0.0,,,0.0,,0.0,0.0,0.0,0.0,,0,,,0.0,Active,0,0
1426111,116448,-7,0.0,0,0.0,0.0,0.0,0.0,0.0,0.0,0.0,0.0,0.0,0.0,0.0,0,0.0,0.0,15.0,Completed,0,0
1517613,121258,-6,0.0,135000,,0.0,,,0.0,,0.0,0.0,0.0,0.0,,0,,,0.0,Active,0,0
1940476,104946,-1,0.0,45000,0.0,0.0,0.0,0.0,0.0,132.885,0.0,0.0,0.0,0.0,0.0,0,0.0,0.0,54.0,Active,0,0
2408643,104761,-4,0.0,225000,,0.0,,,0.0,,0.0,0.0,0.0,0.0,,0,,,0.0,Active,0,0
1294904,271657,-7,0.0,180000,0.0,0.0,0.0,0.0,0.0,193.5,193.5,0.0,0.0,0.0,0.0,0,0.0,0.0,3.0,Active,0,0
1090346,352319,-5,13432.5,135000,0.0,0.0,0.0,0.0,2250.0,3150.0,900.0,13195.98,13432.5,13432.5,0.0,0,0.0,0.0,8.0,Active,0,0
1322825,215709,-5,0.0,180000,,0.0,,,0.0,,0.0,0.0,0.0,0.0,,0,,,0.0,Active,0,0
1894367,113120,-1,0.0,0,0.0,2145.78,0.0,0.0,811.035,2664.45,2664.45,0.0,0.0,0.0,0.0,0,0.0,0.0,8.0,Completed,0,0
1264033,367562,-4,593915.355,558000,54000.0,54000.0,0.0,0.0,23231.475,0.0,0.0,556774.785,585591.66,585591.66,3.0,3,0.0,0.0,12.0,Active,0,0
1573869,166121,-1,152923.41,180000,4500.0,4500.0,0.0,0.0,7519.68,7650.0,22.68,149396.085,151352.91,151352.91,1.0,1,0.0,0.0,8.0,Active,0,0
1661600,343837,-4,0.0,0,0.0,0.0,0.0,0.0,0.0,30.735,0.0,0.0,0.0,0.0,0.0,0,0.0,0.0,21.0,Active,0,0
2652291,217747,-1,199062.9,202500,0.0,0.0,0.0,0.0,10295.64,11025.0,11025.0,194887.665,199062.9,199062.9,0.0,0,0.0,0.0,7.0,Active,0,0
1385772,224252,-4,0.0,45000,0.0,0.0,0.0,0.0,0.0,9.225,0.0,0.0,0.0,0.0,0.0,0,0.0,0.0,26.0,Active,0,0
1055022,128242,-5,156841.245,225000,18000.0,18000.0,0.0,0.0,6456.915,6750.0,6750.0,122581.44,149668.245,149668.245,5.0,5,0.0,0.0,8.0,Active,0,0
1217908,162464,-5,0.0,45000,,0.0,,,0.0,,0.0,0.0,0.0,0.0,,0,,,0.0,Active,0,0
1032912,343308,-5,11287.8,135000,0.0,14847.3,0.0,14847.3,0.0,1350.63,1350.63,11282.985,11282.985,11282.985,0.0,14,0.0,14.0,2.0,Active,0,0
2759756,249286,-1,145090.665,135000,0.0,3257.64,0.0,3257.64,7140.105,7256.52,7256.52,134925.975,142931.25,142931.25,0.0,4,0.0,4.0,5.0,Active,0,0
2726169,252742,-2,0.0,0,0.0,0.0,0.0,0.0,0.0,695.115,0.0,0.0,0.0,0.0,0.0,0,0.0,0.0,42.0,Active,0,0
1156144,118055,-7,454135.5,450000,13500.0,13500.0,0.0,0.0,22561.47,22950.0,22950.0,441779.715,452790.0,452790.0,1.0,1,0.0,0.0,39.0,Active,0,0
2294189,277880,-5,125690.67,247500,40500.0,40500.0,0.0,0.0,4988.16,15750.0,10575.0,123216.165,123960.195,123960.195,1.0,1,0.0,0.0,9.0,Active,0,0
2451557,166894,-1,0.0,270000,,0.0,,,0.0,,0.0,0.0,0.0,0.0,,0,,,0.0,Active,0,0
1444467,293607,-6,0.0,45000,0.0,0.0,0.0,0.0,0.0,39.915,0.0,0.0,0.0,0.0,0.0,0,0.0,0.0,40.0,Active,0,0
2439019,336961,-5,0.0,135000,0.0,0.0,0.0,0.0,0.0,2048.22,2048.22,0.0,0.0,0.0,0.0,0,0.0,0.0,6.0,Active,0,0
1079749,140209,-3,0.0,112500,0.0,0.0,0.0,0.0,0.0,0.0,0.0,0.0,0.0,0.0,0.0,0,0.0,0.0,35.0,Completed,0,0
2812675,114707,-5,0.0,0,0.0,0.0,0.0,0.0,0.0,1800.855,0.0,0.0,0.0,0.0,0.0,0,0.0,0.0,39.0,Active,0,0
1984677,340224,-7,0.0,450000,,0.0,,,0.0,,0.0,0.0,0.0,0.0,,0,,,0.0,Active,0,0
1259317,277061,-7,0.0,135000,0.0,0.0,0.0,0.0,0.0,0.0,0.0,0.0,0.0,0.0,0.0,0,0.0,0.0,45.0,Completed,0,0
1471306,311117,-6,2762.775,135000,0.0,256.5,0.0,256.5,8044.47,163912.5,163912.5,0.0,0.0,0.0,0.0,2,0.0,2.0,6.0,Active,0,0
2643601,103029,-7,0.0,90000,,0.0,,,0.0,,0.0,0.0,0.0,0.0,,0,,,0.0,Active,0,0
2832576,214797,-7,81205.11,720000,13500.0,13500.0,0.0,0.0,3333.24,0.0,0.0,73945.35,79169.175,79169.175,1.0,1,0.0,0.0,8.0,Active,0,0
2329144,271670,-6,41497.2,270000,0.0,4050.0,0.0,4050.0,4166.055,45000.0,45000.0,37871.505,39985.785,39985.785,0.0,1,0.0,1.0,4.0,Active,0,0
1681467,294744,-6,0.0,0,0.0,0.0,0.0,0.0,0.0,689.85,0.0,0.0,0.0,0.0,0.0,0,0.0,0.0,28.0,Active,0,0
1493815,152835,-7,0.0,0,0.0,0.0,0.0,0.0,0.0,479.745,479.745,0.0,0.0,0.0,0.0,0,0.0,0.0,20.0,Active,0,0
1245301,183994,-6,0.0,0,0.0,0.0,0.0,0.0,0.0,0.0,0.0,0.0,0.0,0.0,0.0,0,0.0,0.0,49.0,Completed,0,0
1312251,385344,-5,0.0,0,0.0,0.0,0.0,0.0,0.0,258.255,0.0,0.0,0.0,0.0,0.0,0,0.0,0.0,26.0,Active,0,0
2315769,439525,-7,0.0,45000,0.0,0.0,0.0,0.0,0.0,47.34,0.0,0.0,0.0,0.0,0.0,0,0.0,0.0,53.0,Active,0,0
2641736,341787,-7,0.0,90000,,0.0,,,0.0,,0.0,0.0,0.0,0.0,,0,,,0.0,Active,0,0
1262215,263564,-7,42875.145,180000,0.0,31303.485,0.0,31303.485,2250.0,6873.435,6873.435,41632.02,41942.97,41942.97,0.0,38,0.0,38.0,6.0,Active,0,0
2137059,353300,-4,0.0,0,0.0,0.0,0.0,0.0,0.0,164.565,0.0,0.0,0.0,0.0,0.0,0,0.0,0.0,18.0,Active,0,0
1000355,274118,-7,155068.695,135000,2250.0,2250.0,0.0,0.0,7680.825,8100.0,8100.0,134619.3,151808.445,151808.445,1.0,1,0.0,0.0,6.0,Active,0,0
1409826,216234,-4,215383.005,270000,0.0,0.0,0.0,0.0,13500.0,13500.0,13500.0,187009.29,215383.005,215383.005,0.0,0,0.0,0.0,79.0,Active,0,0
2701290,224220,-5,0.0,0,0.0,0.0,0.0,0.0,0.0,507.51,0.0,0.0,0.0,0.0,0.0,0,0.0,0.0,35.0,Active,0,0
1125977,226681,-5,0.0,45000,0.0,0.0,0.0,0.0,0.0,1297.71,0.0,0.0,0.0,0.0,0.0,0,0.0,0.0,18.0,Active,0,0
1517334,186806,-5,118792.89,135000,0.0,0.0,0.0,0.0,6168.87,9000.0,9000.0,114377.58,117912.195,117912.195,0.0,0,0.0,0.0,4.0,Active,0,0
1092345,436212,-4,0.0,180000,,0.0,,,0.0,,0.0,0.0,0.0,0.0,,0,,,0.0,Active,0,0
1081753,274239,-4,0.0,45000,0.0,0.0,0.0,0.0,0.0,0.0,0.0,0.0,0.0,0.0,0.0,0,0.0,0.0,76.0,Completed,0,0
2683662,161019,-4,0.0,225000,0.0,0.0,0.0,0.0,10805.805,1794.015,0.0,0.0,0.0,0.0,0.0,0,0.0,0.0,42.0,Completed,0,0
1821360,302820,-3,0.0,45000,,0.0,,,0.0,,0.0,0.0,0.0,0.0,,0,,,0.0,Active,0,0
2583137,416815,-3,237235.68,315000,90000.0,90000.0,0.0,0.0,2250.0,0.0,0.0,224358.93,231853.68,231853.68,3.0,3,0.0,0.0,7.0,Active,0,0
1843380,375482,-5,0.0,0,0.0,0.0,0.0,0.0,0.0,578.205,0.0,0.0,0.0,0.0,0.0,0,0.0,0.0,30.0,Active,0,0
2638478,354226,-2,0.0,45000,0.0,0.0,0.0,0.0,0.0,3.015,0.0,0.0,0.0,0.0,0.0,0,0.0,0.0,65.0,Active,0,0
1960212,285273,-1,0.0,0,0.0,0.0,0.0,0.0,0.0,0.0,0.0,0.0,0.0,0.0,0.0,0,0.0,0.0,20.0,Completed,0,0
2571669,283851,-5,116710.605,900000,0.0,0.0,0.0,0.0,5928.435,6750.0,6750.0,107218.44,115084.035,115084.035,0.0,0,0.0,0.0,7.0,Active,0,0
1128942,281671,-7,0.0,0,,0.0,,,0.0,,0.0,0.0,0.0,0.0,,0,,,0.0,Active,0,0
1385756,318823,-2,118960.965,180000,0.0,0.0,0.0,0.0,6657.21,6750.0,209.025,117319.59,118960.965,118960.965,0.0,0,0.0,0.0,5.0,Active,0,0
1445955,443277,-1,0.0,45000,0.0,0.0,0.0,0.0,0.0,559.485,0.0,0.0,0.0,0.0,0.0,0,0.0,0.0,82.0,Active,0,0
2347240,218365,-4,0.0,22500,0.0,0.0,0.0,0.0,0.0,137.34,0.0,0.0,0.0,0.0,0.0,0,0.0,0.0,55.0,Active,0,0
1594902,148430,-1,0.0,45000,0.0,0.0,0.0,0.0,0.0,834.48,0.0,0.0,0.0,0.0,0.0,0,0.0,0.0,32.0,Active,0,0
2332604,155018,-6,0.0,180000,0.0,0.0,0.0,0.0,0.0,0.0,0.0,0.0,0.0,0.0,0.0,0,0.0,0.0,43.0,Completed,0,0
1799652,317323,-6,0.0,0,0.0,0.0,0.0,0.0,0.0,0.0,0.0,0.0,0.0,0.0,0.0,0,0.0,0.0,4.0,Completed,0,0
2354830,144297,-1,0.0,675000,,0.0,,,0.0,,0.0,0.0,0.0,0.0,,0,,,0.0,Active,0,0
2608405,440902,-7,356424.975,450000,0.0,0.0,0.0,0.0,17865.585,18000.0,18000.0,339311.61,356424.975,356424.975,0.0,0,0.0,0.0,13.0,Active,0,0
1806009,415488,-6,0.0,45000,0.0,0.0,0.0,0.0,0.0,7.155,0.0,0.0,0.0,0.0,0.0,0,0.0,0.0,24.0,Active,0,0
1739537,263672,-1,10641.015,180000,0.0,0.0,0.0,0.0,2250.0,4500.0,4500.0,10363.23,10641.015,10641.015,0.0,0,0.0,0.0,9.0,Active,0,0
2578042,111058,-5,0.0,0,0.0,0.0,0.0,0.0,0.0,1032.795,0.0,0.0,0.0,0.0,0.0,0,0.0,0.0,29.0,Active,0,0
1982415,206238,-4,20977.11,135000,0.0,0.0,0.0,0.0,2250.0,4968.0,4968.0,19282.68,20158.11,20158.11,0.0,0,0.0,0.0,1.0,Active,0,0
1900349,225797,-2,0.0,45000,0.0,0.0,0.0,0.0,0.0,459.405,0.0,0.0,0.0,0.0,0.0,0,0.0,0.0,54.0,Active,0,0
2150075,208643,-1,181938.285,180000,0.0,19544.535,0.0,19544.535,8397.495,9000.0,9000.0,178494.345,181938.285,181938.285,0.0,12,0.0,12.0,11.0,Active,0,0
1985672,380281,-5,0.0,0,0.0,0.0,0.0,0.0,0.0,494.055,0.0,0.0,0.0,0.0,0.0,0,0.0,0.0,73.0,Active,0,0
1565409,216500,-4,0.0,157500,,0.0,,,0.0,,0.0,0.0,0.0,0.0,,0,,,0.0,Active,0,0
2320324,234103,-7,351987.525,450000,0.0,0.0,0.0,0.0,20085.03,22500.0,2897.955,347041.125,351987.525,351987.525,0.0,0,0.0,0.0,3.0,Active,0,0
1916109,262878,-5,300314.88,900000,0.0,0.0,0.0,0.0,16844.4,21600.0,21600.0,287398.845,299644.38,299644.38,0.0,0,0.0,0.0,6.0,Active,0,0
1496965,325115,-1,0.0,0,0.0,0.0,0.0,0.0,0.0,728.145,0.0,0.0,0.0,0.0,0.0,0,0.0,0.0,13.0,Active,0,0
1660593,165574,-6,37963.485,45000,0.0,0.0,0.0,0.0,2250.0,9000.0,9000.0,36543.96,38120.985,38120.985,0.0,0,0.0,0.0,8.0,Active,0,0
1711699,214119,-3,0.0,225000,0.0,35446.5,0.0,35446.5,2250.0,61600.5,61600.5,0.0,0.0,0.0,0.0,3,0.0,3.0,5.0,Active,0,0
1862079,139874,-7,0.0,135000,0.0,0.0,0.0,0.0,0.0,81.0,81.0,0.0,0.0,0.0,0.0,0,0.0,0.0,1.0,Active,0,0
2188865,219020,-1,85156.965,135000,0.0,0.0,0.0,0.0,4395.015,4500.0,4500.0,82061.775,84036.465,84036.465,0.0,0,0.0,0.0,5.0,Active,0,0
1624374,319420,-5,0.0,0,0.0,0.0,0.0,0.0,0.0,298.395,0.0,0.0,0.0,0.0,0.0,0,0.0,0.0,58.0,Active,0,0
2306532,100796,-4,0.0,292500,0.0,0.0,0.0,0.0,0.0,509.175,509.175,0.0,0.0,0.0,0.0,0,0.0,0.0,41.0,Active,0,0
2821408,350096,-5,0.0,0,0.0,0.0,0.0,0.0,0.0,0.0,0.0,0.0,0.0,0.0,0.0,0,0.0,0.0,21.0,Active,0,0
1212054,437044,-3,0.0,90000,,0.0,,,0.0,,0.0,0.0,0.0,0.0,,0,,,0.0,Active,0,0
1922636,401940,-3,0.0,90000,,0.0,,,0.0,,0.0,0.0,0.0,0.0,,0,,,0.0,Active,0,0
1997693,258531,-4,186705.045,180000,45000.0,45000.0,0.0,0.0,7076.565,7255.665,7255.665,177308.91,183548.79,183548.79,1.0,1,0.0,0.0,11.0,Active,0,0
1982550,289116,-7,232107.705,225000,0.0,5222.205,0.0,5222.205,11653.65,13618.17,13618.17,224677.125,231437.205,231437.205,0.0,2,0.0,2.0,7.0,Active,0,0
2525841,287348,-1,122086.62,135000,0.0,0.0,0.0,0.0,6865.02,9082.125,9082.125,119218.455,122086.62,122086.62,0.0,0,0.0,0.0,8.0,Active,0,0
1005486,269777,-7,0.0,45000,0.0,0.0,0.0,0.0,0.0,3.735,0.0,0.0,0.0,0.0,0.0,0,0.0,0.0,59.0,Active,0,0
2305805,184329,-6,797553.0,855000,0.0,0.0,0.0,0.0,42264.765,67500.0,67500.0,777795.705,797553.0,797553.0,0.0,0,0.0,0.0,72.0,Active,0,0
1642352,152002,-7,0.0,0,0.0,0.0,0.0,0.0,0.0,0.0,0.0,0.0,0.0,0.0,0.0,0,0.0,0.0,13.0,Completed,0,0
2502806,309694,-7,0.0,180000,0.0,0.0,0.0,0.0,0.0,0.0,0.0,0.0,0.0,0.0,0.0,0,0.0,0.0,46.0,Completed,0,0
2357860,129148,-3,226257.435,382500,0.0,0.0,0.0,0.0,12327.3,14007.33,14007.33,219938.85,226257.435,226257.435,0.0,0,0.0,0.0,8.0,Active,0,0
1056548,292878,-1,0.0,225000,0.0,0.0,0.0,0.0,2250.0,0.18,0.18,0.0,0.0,0.0,0.0,0,0.0,0.0,14.0,Active,0,0
2440419,311473,-3,0.0,45000,0.0,0.0,0.0,0.0,0.0,86.76,0.0,0.0,0.0,0.0,0.0,0,0.0,0.0,33.0,Active,0,0
2702693,425342,-4,0.0,450000,0.0,0.0,0.0,0.0,0.0,0.0,0.0,0.0,0.0,0.0,0.0,0,0.0,0.0,8.0,Active,0,0
1257190,251071,-4,0.0,0,0.0,0.0,0.0,0.0,0.0,79207.695,79207.695,0.0,0.0,0.0,0.0,0,0.0,0.0,2.0,Active,0,0
1531303,243368,-5,131528.97,225000,0.0,0.0,0.0,0.0,6155.46,45000.0,45000.0,125718.795,130560.93,130560.93,0.0,0,0.0,0.0,10.0,Active,0,0
2413836,222627,-2,0.0,0,0.0,0.0,0.0,0.0,0.0,0.0,0.0,0.0,0.0,0.0,0.0,0,0.0,0.0,53.0,Completed,0,0
2378470,168967,-1,191380.05,180000,2250.0,2250.0,0.0,0.0,9397.8,10350.0,10350.0,179855.775,185283.63,185283.63,3.0,3,0.0,0.0,9.0,Active,0,0
2181480,122315,-1,0.0,0,0.0,0.0,0.0,0.0,0.0,0.0,0.0,0.0,0.0,0.0,0.0,0,0.0,0.0,23.0,Completed,0,0
1062011,226508,-2,0.0,0,0.0,0.0,0.0,0.0,0.0,134.235,0.0,0.0,0.0,0.0,0.0,0,0.0,0.0,16.0,Active,0,0
2600853,257200,-6,0.0,45000,,0.0,,,0.0,,0.0,0.0,0.0,0.0,,0,,,0.0,Active,0,0
1729406,437104,-4,204822.81,720000,67500.0,67500.0,0.0,0.0,6905.745,9000.0,9000.0,196614.99,201963.375,201963.375,1.0,1,0.0,0.0,17.0,Active,0,0
1493315,352910,-4,0.0,0,0.0,0.0,0.0,0.0,0.0,2.115,2.115,0.0,0.0,0.0,0.0,0,0.0,0.0,30.0,Active,0,0
1905183,328427,-7,0.0,900000,,0.0,,,0.0,,0.0,0.0,0.0,0.0,,0,,,0.0,Active,0,0
1437736,120317,-5,0.0,0,0.0,0.0,0.0,0.0,0.0,0.0,0.0,0.0,0.0,0.0,0.0,0,0.0,0.0,28.0,Active,0,0
1130058,416736,-3,0.0,90000,,0.0,,,0.0,,0.0,0.0,0.0,0.0,,0,,,0.0,Active,0,0
1461271,344086,-1,0.0,0,0.0,0.0,0.0,0.0,0.0,0.0,0.0,0.0,0.0,0.0,0.0,0,0.0,0.0,88.0,Active,0,0
2761594,228504,-4,492902.37,495000,36000.0,50556.15,0.0,14556.15,22766.22,27583.965,2784.78,485665.155,491556.87,491556.87,2.0,19,0.0,17.0,11.0,Active,0,0
1230775,321929,-7,70504.11,337500,0.0,70504.11,0.0,70504.11,0.0,,0.0,70504.11,70504.11,70504.11,0.0,26,0.0,26.0,0.0,Active,0,0
1441790,203891,-1,0.0,135000,,0.0,,,0.0,,0.0,0.0,0.0,0.0,,0,,,0.0,Active,0,0
2429257,248677,-7,94710.87,180000,0.0,10109.295,0.0,10109.295,5554.665,45000.0,38329.83,93833.91,94710.87,94710.87,0.0,7,0.0,7.0,11.0,Active,0,0
2069077,227521,-1,137096.955,135000,0.0,39858.795,0.0,39858.795,4924.935,5400.0,5400.0,132957.9,135811.395,135811.395,0.0,17,0.0,17.0,10.0,Active,0,0
2319650,377975,-2,764010.63,900000,135000.0,193808.97,0.0,58808.97,29565.135,43085.88,6767.865,752395.095,761319.63,761319.63,3.0,33,0.0,30.0,10.0,Active,0,0
1155859,218654,-1,0.0,0,0.0,0.0,0.0,0.0,0.0,138.42,0.0,0.0,0.0,0.0,0.0,0,0.0,0.0,46.0,Active,0,0
2089406,424828,-6,0.0,0,0.0,0.0,0.0,0.0,0.0,2.835,0.0,0.0,0.0,0.0,0.0,0,0.0,0.0,64.0,Active,0,0
1899794,372599,-2,0.0,202500,,0.0,,,0.0,,0.0,0.0,0.0,0.0,,0,,,0.0,Completed,0,0
1128014,102143,-3,0.0,135000,0.0,20419.74,0.0,20419.74,0.0,31156.83,31156.83,0.0,0.0,0.0,0.0,5,0.0,5.0,4.0,Active,0,0
1880996,251438,-5,31458.915,135000,0.0,31463.1,0.0,31463.1,2250.0,44423.46,42173.46,31413.555,31458.915,31458.915,0.0,2,0.0,2.0,3.0,Active,0,0
1945898,172722,-4,0.0,45000,,0.0,,,0.0,,0.0,0.0,0.0,0.0,,0,,,0.0,Active,0,0
1575680,111353,-5,69932.88,202500,0.0,0.0,0.0,0.0,3593.34,4500.0,4500.0,67366.8,69414.165,69414.165,0.0,0,0.0,0.0,2.0,Active,0,0
1356439,375115,-3,2337.21,135000,0.0,1300.5,0.0,1300.5,2250.0,50.85,50.85,2240.82,2329.29,2329.29,0.0,2,0.0,2.0,10.0,Active,0,0
2837755,397363,-2,307272.645,315000,5400.0,5400.0,0.0,0.0,16380.585,16650.0,16650.0,295092.855,306152.145,306152.145,1.0,1,0.0,0.0,5.0,Active,0,0
1667472,388124,-5,0.0,90000,,0.0,,,0.0,,0.0,0.0,0.0,0.0,,0,,,0.0,Active,0,0
2283857,110936,-5,0.0,225000,,0.0,,,0.0,,0.0,0.0,0.0,0.0,,0,,,0.0,Active,0,0
1319719,374917,-6,0.0,765000,,0.0,,,0.0,,0.0,0.0,0.0,0.0,,0,,,0.0,Active,0,0
2250490,237951,-7,0.0,0,0.0,0.0,0.0,0.0,0.0,0.0,0.0,0.0,0.0,0.0,0.0,0,0.0,0.0,9.0,Completed,0,0
2239519,370398,-2,0.0,135000,0.0,0.0,0.0,0.0,0.0,60.12,60.12,0.0,0.0,0.0,0.0,0,0.0,0.0,3.0,Active,0,0
1861181,441487,-1,0.0,45000,,0.0,,,0.0,,0.0,0.0,0.0,0.0,,0,,,0.0,Active,0,0
2102737,369494,-7,141412.635,135000,0.0,0.0,0.0,0.0,7187.31,7200.0,7200.0,133440.21,140610.15,140610.15,0.0,0,0.0,0.0,6.0,Active,0,0
2084976,262446,-6,182648.925,180000,62100.0,62100.0,0.0,0.0,7046.865,9000.0,9000.0,170814.465,174073.23,174073.23,6.0,6,0.0,0.0,2.0,Active,0,0
2644447,342198,-7,0.0,135000,,0.0,,,0.0,,0.0,0.0,0.0,0.0,,0,,,0.0,Active,0,0
2272517,102267,-1,355066.155,405000,0.0,0.0,0.0,0.0,17761.095,18000.0,18000.0,337221.45,352469.565,352469.565,0.0,0,0.0,0.0,12.0,Active,0,0
1235597,399186,-6,176503.14,180000,0.0,0.0,0.0,0.0,9000.0,9000.0,9000.0,169815.42,176503.14,176503.14,0.0,0,0.0,0.0,73.0,Active,0,0
2318327,246513,-5,885718.665,900000,0.0,0.0,0.0,0.0,44696.655,45000.0,45000.0,848933.235,879181.875,879181.875,0.0,0,0.0,0.0,16.0,Active,0,0
2244321,266709,-4,231504.93,270000,0.0,64102.815,0.0,64102.815,8192.25,9000.0,9000.0,224679.87,229779.18,229779.18,0.0,15,0.0,15.0,3.0,Active,0,0
2115381,371612,-5,117273.465,292500,45000.0,125415.0,0.0,80415.0,2250.0,31500.0,24972.39,117052.29,117273.465,117273.465,2.0,5,0.0,3.0,4.0,Active,0,0
2835876,288650,-4,0.0,225000,,0.0,,,0.0,,0.0,0.0,0.0,0.0,,0,,,0.0,Active,0,0
2274302,261013,-5,469815.3,450000,0.0,11571.75,0.0,11571.75,23058.9,0.0,0.0,449349.39,466355.295,466355.295,0.0,3,0.0,3.0,5.0,Active,0,0
2486217,147847,-6,0.0,247500,,0.0,,,0.0,,0.0,0.0,0.0,0.0,,0,,,0.0,Completed,0,0
2184028,197559,-6,0.0,202500,,0.0,,,0.0,,0.0,0.0,0.0,0.0,,0,,,0.0,Active,0,0
1386430,206827,-1,0.0,45000,0.0,0.0,0.0,0.0,0.0,31.905,0.0,0.0,0.0,0.0,0.0,0,0.0,0.0,47.0,Active,0,0
1717779,413276,-1,0.0,112500,0.0,0.0,0.0,0.0,0.0,23.985,0.0,0.0,0.0,0.0,0.0,0,0.0,0.0,54.0,Active,0,0
1126522,414828,-1,229878.585,765000,0.0,0.0,0.0,0.0,11859.93,12150.0,12150.0,225048.69,229878.585,229878.585,0.0,0,0.0,0.0,11.0,Active,0,0
1901704,422506,-6,0.0,180000,,0.0,,,0.0,,0.0,0.0,0.0,0.0,,0,,,0.0,Active,0,0
2581671,232385,-4,0.0,45000,0.0,0.0,0.0,0.0,0.0,325.8,0.0,0.0,0.0,0.0,0.0,0,0.0,0.0,21.0,Active,0,0
1949688,313585,-1,0.0,225000,,0.0,,,0.0,,0.0,0.0,0.0,0.0,,0,,,0.0,Active,0,0
1776445,336696,-1,0.0,0,0.0,0.0,0.0,0.0,0.0,470.025,0.0,0.0,0.0,0.0,0.0,0,0.0,0.0,23.0,Active,0,0
2258765,234738,-4,184139.865,180000,0.0,3753.45,0.0,3753.45,9305.595,9568.53,9568.53,180296.46,184139.865,184139.865,0.0,3,0.0,3.0,7.0,Active,0,0
1910410,330879,-3,141428.34,135000,0.0,4668.3,0.0,4668.3,6117.03,9000.0,9000.0,134829.765,139739.4,139739.4,0.0,3,0.0,3.0,4.0,Active,0,0
1490040,429020,-4,258546.465,450000,0.0,0.0,0.0,0.0,13865.445,27000.0,27000.0,250309.26,258546.465,258546.465,0.0,0,0.0,0.0,11.0,Active,0,0
1514450,120959,-3,0.0,765000,,0.0,,,0.0,,0.0,0.0,0.0,0.0,,0,,,0.0,Active,0,0
2506212,162786,-7,122229.225,450000,0.0,0.0,0.0,0.0,6635.835,13500.0,13500.0,119216.34,122229.225,122229.225,0.0,0,0.0,0.0,32.0,Active,0,0
1243870,161365,-4,0.0,90000,,0.0,,,0.0,0.0,0.0,0.0,0.0,0.0,,0,,,0.0,Active,0,0
2730941,332438,-4,0.0,112500,,0.0,,,0.0,,0.0,0.0,0.0,0.0,,0,,,0.0,Active,0,0
2788876,144820,-4,0.0,0,0.0,0.0,0.0,0.0,0.0,249.93,0.0,0.0,0.0,0.0,0.0,0,0.0,0.0,8.0,Active,0,0
1037340,136444,-1,380620.71,450000,0.0,0.0,0.0,0.0,11998.71,13500.0,13500.0,361473.795,377837.37,377837.37,0.0,0,0.0,0.0,11.0,Active,0,0
2697907,279783,-4,133654.005,135000,0.0,1124.1,0.0,1124.1,6847.065,7252.92,7252.92,130812.3,133654.005,133654.005,0.0,1,0.0,1.0,11.0,Active,0,0
2106624,194514,-7,195366.645,225000,0.0,0.0,0.0,0.0,10674.9,11250.0,11250.0,190998.225,195366.645,195366.645,0.0,0,0.0,0.0,3.0,Active,0,0
1430399,370268,-5,0.0,0,0.0,0.0,0.0,0.0,0.0,360.0,0.0,0.0,0.0,0.0,0.0,0,0.0,0.0,31.0,Active,0,0
2045561,114772,-6,90284.31,135000,0.0,0.0,0.0,0.0,5158.395,9000.0,4106.79,88863.975,90284.31,90284.31,0.0,0,0.0,0.0,10.0,Active,0,0
1769799,102029,-6,195815.835,450000,0.0,0.0,0.0,0.0,10125.585,13500.0,13500.0,189011.34,195815.835,195815.835,0.0,0,0.0,0.0,25.0,Active,0,0
1590121,195945,-7,0.0,0,0.0,0.0,0.0,0.0,0.0,0.0,0.0,0.0,0.0,0.0,0.0,0,0.0,0.0,26.0,Active,0,0
2110001,206948,-2,0.0,45000,0.0,0.0,0.0,0.0,0.0,312.975,0.0,0.0,0.0,0.0,0.0,0,0.0,0.0,28.0,Active,0,0
1135153,265577,-6,396834.525,900000,51750.0,51750.0,0.0,0.0,17363.16,17550.0,17550.0,381462.885,391881.285,391881.285,1.0,1,0.0,0.0,10.0,Active,0,0
1362476,178732,-1,0.0,45000,0.0,0.0,0.0,0.0,0.0,1.17,0.0,0.0,0.0,0.0,0.0,0,0.0,0.0,15.0,Active,0,0
1056137,413284,-3,109688.985,112500,450.0,450.0,0.0,0.0,5996.07,6075.0,6075.0,104573.88,108343.485,108343.485,1.0,1,0.0,0.0,4.0,Active,0,0
2536051,190803,-3,0.0,45000,0.0,0.0,0.0,0.0,0.0,313.065,0.0,0.0,0.0,0.0,0.0,0,0.0,0.0,25.0,Active,0,0
2051605,295191,-4,0.0,157500,0.0,0.0,0.0,0.0,0.0,3.24,0.0,0.0,0.0,0.0,0.0,0,0.0,0.0,72.0,Active,0,0
1750131,410544,-3,0.0,45000,0.0,0.0,0.0,0.0,0.0,0.0,0.0,0.0,0.0,0.0,0.0,0,0.0,0.0,1.0,Completed,0,0
1078479,174368,-1,0.0,45000,0.0,0.0,0.0,0.0,0.0,15420.24,0.0,0.0,0.0,0.0,0.0,0,0.0,0.0,52.0,Active,0,0
2105237,354676,-4,48.825,45000,0.0,0.0,0.0,0.0,0.0,0.0,0.0,0.0,48.825,48.825,0.0,0,0.0,0.0,39.0,Active,2192,0
2558015,310648,-7,0.0,0,0.0,0.0,0.0,0.0,0.0,0.0,0.0,0.0,0.0,0.0,0.0,0,0.0,0.0,15.0,Active,0,0
2269549,251192,-4,100967.13,292500,0.0,0.0,0.0,0.0,5507.415,13500.0,13500.0,96648.255,100222.92,100222.92,0.0,0,0.0,0.0,17.0,Active,0,0
1299196,325165,-2,0.0,450000,,0.0,,,0.0,,0.0,0.0,0.0,0.0,,0,,,0.0,Active,0,0
1334221,432369,-3,181494.765,180000,0.0,0.0,0.0,0.0,9000.0,9000.0,9000.0,174695.355,181719.765,181719.765,0.0,0,0.0,0.0,88.0,Active,0,0
1822680,332335,-2,0.0,45000,,0.0,,,0.0,,0.0,0.0,0.0,0.0,,0,,,0.0,Active,0,0
2261356,346936,-6,100909.53,135000,0.0,0.0,0.0,0.0,5745.105,9000.0,3529.44,100411.515,100909.53,100909.53,0.0,0,0.0,0.0,4.0,Active,0,0
2058286,322566,-7,0.0,45000,0.0,0.0,0.0,0.0,0.0,159.795,0.0,0.0,0.0,0.0,0.0,0,0.0,0.0,20.0,Active,0,0
1110615,111905,-1,5294.835,157500,0.0,16770.375,0.0,16770.375,0.0,23782.05,23782.05,5294.835,5294.835,5294.835,0.0,15,0.0,15.0,6.0,Active,0,0
2772878,214481,-6,0.0,45000,0.0,0.0,0.0,0.0,0.0,599.85,599.85,0.0,0.0,0.0,0.0,0,0.0,0.0,5.0,Active,0,0
1959576,394557,-4,0.0,0,0.0,0.0,0.0,0.0,0.0,234.315,0.0,0.0,0.0,0.0,0.0,0,0.0,0.0,25.0,Active,0,0
1464885,266045,-7,0.0,0,0.0,0.0,0.0,0.0,0.0,0.0,0.0,0.0,0.0,0.0,0.0,0,0.0,0.0,35.0,Completed,0,0
1642344,445566,-4,0.0,0,0.0,0.0,0.0,0.0,0.0,0.0,0.0,0.0,0.0,0.0,0.0,0,0.0,0.0,35.0,Completed,0,0
1738960,248148,-7,0.0,0,0.0,0.0,0.0,0.0,0.0,290.16,0.0,0.0,0.0,0.0,0.0,0,0.0,0.0,19.0,Active,0,0
1430405,233719,-1,72588.645,90000,0.0,0.0,0.0,0.0,4500.0,4500.0,4500.0,70897.5,72588.645,72588.645,0.0,0,0.0,0.0,69.0,Active,0,0
2821541,136943,-3,44666.145,202500,16200.0,16200.0,0.0,0.0,2250.0,9000.0,6750.0,42635.565,43095.645,43095.645,1.0,1,0.0,0.0,4.0,Active,0,0
1954738,428838,-1,0.0,45000,0.0,0.0,0.0,0.0,0.0,371.25,0.0,0.0,0.0,0.0,0.0,0,0.0,0.0,56.0,Active,0,0
1396189,445601,-6,0.0,360000,,0.0,,,0.0,,0.0,0.0,0.0,0.0,,0,,,0.0,Active,0,0
2557549,111524,-5,0.0,112500,,0.0,,,0.0,,0.0,0.0,0.0,0.0,,0,,,0.0,Active,0,0
1256895,289475,-5,82638.855,292500,0.0,0.0,0.0,0.0,0.0,4950.0,378.99,79695.0,81518.355,81518.355,0.0,0,0.0,0.0,0.0,Active,0,0
2783338,109639,-5,96683.31,90000,15750.0,24783.75,0.0,9033.75,3083.76,7960.005,7960.005,88071.975,91665.135,91665.135,2.0,4,0.0,2.0,1.0,Active,0,0
2113424,382122,-6,0.0,135000,,0.0,,,0.0,,0.0,0.0,0.0,0.0,,0,,,0.0,Active,0,0
2268013,424756,-4,384013.62,405000,0.0,0.0,0.0,0.0,20080.08,27000.0,27000.0,374601.42,384013.62,384013.62,0.0,0,0.0,0.0,18.0,Active,0,0
2304094,405036,-7,0.0,0,,0.0,,,0.0,0.0,0.0,0.0,0.0,0.0,,0,,,1.0,Active,0,0
1589116,272557,-5,0.0,45000,0.0,0.0,0.0,0.0,0.0,2508.975,0.0,0.0,0.0,0.0,0.0,0,0.0,0.0,53.0,Active,0,0
1545175,203098,-7,0.0,67500,0.0,0.0,0.0,0.0,0.0,365.94,0.0,0.0,0.0,0.0,0.0,0,0.0,0.0,78.0,Active,0,0
1950682,400093,-1,166443.255,450000,0.0,3885.615,0.0,3885.615,7502.58,9000.0,9000.0,160178.805,165209.85,165209.85,0.0,1,0.0,1.0,24.0,Active,0,0
1355029,372436,-5,0.0,45000,,0.0,,,0.0,,0.0,0.0,0.0,0.0,,0,,,0.0,Active,0,0
1153149,416302,-7,0.0,0,0.0,0.0,0.0,0.0,0.0,1070.055,0.0,0.0,0.0,0.0,0.0,0,0.0,0.0,35.0,Active,0,0
1561571,214142,-1,0.0,90000,0.0,0.0,0.0,0.0,0.0,22.905,0.0,0.0,0.0,0.0,0.0,0,0.0,0.0,61.0,Active,0,0
1425590,252727,-5,0.0,0,0.0,0.0,0.0,0.0,0.0,792.765,0.0,0.0,0.0,0.0,0.0,0,0.0,0.0,28.0,Active,0,0
1745743,349015,-6,0.0,45000,,0.0,,,0.0,,0.0,0.0,0.0,0.0,,0,,,0.0,Active,0,0
1121884,127177,-6,0.0,45000,,0.0,,,0.0,,0.0,0.0,0.0,0.0,,0,,,0.0,Active,0,0
1568403,218545,-4,0.0,0,0.0,0.0,0.0,0.0,0.0,3196.935,3196.935,0.0,0.0,0.0,0.0,0,0.0,0.0,5.0,Active,0,0
2618924,402569,-3,0.0,585000,,0.0,,,0.0,,0.0,0.0,0.0,0.0,,0,,,0.0,Active,0,0
1083222,284688,-5,24403.275,135000,11250.0,28839.51,0.0,17589.51,2421.765,21420.0,19170.0,21191.175,21262.275,21262.275,2.0,8,0.0,6.0,1.0,Active,0,0
1364007,414943,-4,59724.0,67500,0.0,0.0,0.0,0.0,4050.0,4500.0,4500.0,57344.805,59724.0,59724.0,0.0,0,0.0,0.0,104.0,Active,0,0
1455529,221352,-3,0.0,45000,,0.0,,,0.0,,0.0,0.0,0.0,0.0,,0,,,0.0,Active,0,0
2253276,362044,-1,0.0,0,0.0,0.0,0.0,0.0,0.0,459.18,0.0,0.0,0.0,0.0,0.0,0,0.0,0.0,7.0,Active,0,0
2761768,422690,-4,0.0,45000,,0.0,,,0.0,,0.0,0.0,0.0,0.0,,0,,,0.0,Active,0,0
1459675,235291,-7,0.0,0,0.0,0.0,0.0,0.0,0.0,0.0,0.0,0.0,0.0,0.0,0.0,0,0.0,0.0,5.0,Completed,0,0
2425036,360320,-6,0.0,45000,0.0,0.0,0.0,0.0,0.0,376.11,0.0,0.0,0.0,0.0,0.0,0,0.0,0.0,43.0,Active,0,0
2428741,305324,-5,0.0,45000,,0.0,,,0.0,,0.0,0.0,0.0,0.0,,0,,,0.0,Active,0,0
1850707,296060,-2,0.0,0,0.0,0.0,0.0,0.0,0.0,168.66,0.0,0.0,0.0,0.0,0.0,0,0.0,0.0,35.0,Active,0,0
2610390,453836,-6,0.0,0,0.0,0.0,0.0,0.0,0.0,0.0,0.0,0.0,0.0,0.0,0.0,0,0.0,0.0,8.0,Completed,0,0
2671336,261814,-7,0.0,0,0.0,0.0,0.0,0.0,0.0,3.735,0.0,0.0,0.0,0.0,0.0,0,0.0,0.0,8.0,Active,0,0
2812890,407873,-1,76077.36,108000,0.0,29747.61,0.0,29747.61,5264.505,36464.085,36464.085,72318.78,74948.4,74948.4,0.0,9,0.0,9.0,6.0,Active,0,0
2486499,285360,-2,82125.045,382500,0.0,0.0,0.0,0.0,16760.43,261000.0,261000.0,74208.915,82125.045,82125.045,0.0,0,0.0,0.0,16.0,Active,0,0
1169306,152039,-7,0.0,22500,0.0,0.0,0.0,0.0,0.0,218.385,0.0,0.0,0.0,0.0,0.0,0,0.0,0.0,34.0,Active,0,0
1597260,374550,-5,187274.43,180000,0.0,2311.65,0.0,2311.65,9325.665,9555.21,9555.21,179789.625,185219.55,185219.55,0.0,1,0.0,1.0,2.0,Active,0,0
1054642,326438,-6,0.0,0,0.0,0.0,0.0,0.0,0.0,0.0,0.0,0.0,0.0,0.0,0.0,0,0.0,0.0,34.0,Completed,0,0
2532267,134144,-4,0.0,45000,0.0,0.0,0.0,0.0,0.0,0.0,0.0,0.0,0.0,0.0,0.0,0,0.0,0.0,27.0,Completed,0,0
1008708,123809,-6,0.0,45000,,0.0,,,0.0,,0.0,0.0,0.0,0.0,,0,,,0.0,Active,0,0
1083528,286143,-4,0.0,0,0.0,0.0,0.0,0.0,0.0,529.965,0.0,0.0,0.0,0.0,0.0,0,0.0,0.0,7.0,Active,0,0
2120463,205601,-4,0.0,0,0.0,0.0,0.0,0.0,0.0,2098.98,0.0,0.0,0.0,0.0,0.0,0,0.0,0.0,7.0,Active,0,0
1768989,148769,-6,0.0,45000,,0.0,,,0.0,,0.0,0.0,0.0,0.0,,0,,,0.0,Active,0,0
1266750,399078,-5,0.0,0,0.0,0.0,0.0,0.0,0.0,0.495,0.0,0.0,0.0,0.0,0.0,0,0.0,0.0,80.0,Active,0,0
2841525,113151,-7,0.0,157500,0.0,0.0,0.0,0.0,0.0,0.0,0.0,0.0,0.0,0.0,0.0,0,0.0,0.0,34.0,Completed,0,0
1206486,114794,-1,0.0,0,0.0,0.0,0.0,0.0,0.0,0.0,0.0,0.0,0.0,0.0,0.0,0,0.0,0.0,26.0,Active,0,0
1363797,431352,-4,0.0,0,0.0,0.0,0.0,0.0,0.0,0.0,0.0,0.0,0.0,0.0,0.0,0,0.0,0.0,32.0,Completed,0,0
1277154,286192,-5,2464.11,180000,0.0,0.0,0.0,0.0,2250.0,2250.0,2250.0,2389.41,2464.11,2464.11,0.0,0,0.0,0.0,7.0,Active,0,0
2196685,332125,-5,0.0,0,0.0,0.0,0.0,0.0,0.0,453.69,453.69,0.0,0.0,0.0,0.0,0,0.0,0.0,6.0,Active,0,0
1423356,358405,-7,0.0,135000,,0.0,,,0.0,,0.0,0.0,0.0,0.0,,0,,,0.0,Completed,0,0
2362009,116529,-3,0.0,225000,0.0,0.0,0.0,0.0,0.0,0.0,0.0,0.0,0.0,0.0,0.0,0,0.0,0.0,32.0,Completed,0,0
1775017,372850,-7,0.0,225000,0.0,0.0,0.0,0.0,0.0,0.0,0.0,0.0,0.0,0.0,0.0,0,0.0,0.0,32.0,Completed,0,0
1567357,396039,-1,235063.17,247500,0.0,29279.115,0.0,29279.115,9275.265,0.0,0.0,226182.15,233347.995,233347.995,0.0,10,0.0,10.0,6.0,Active,0,0
1783918,333536,-4,410750.91,450000,0.0,0.0,0.0,0.0,20863.125,21150.0,21150.0,396112.77,410305.41,410305.41,0.0,0,0.0,0.0,19.0,Active,0,0
1873594,260384,-5,80876.97,90000,18000.0,18000.0,0.0,0.0,3318.075,4500.0,271.89,79062.615,80102.79,80102.79,1.0,1,0.0,0.0,5.0,Active,0,0
1390863,425178,-5,0.0,450000,0.0,0.0,0.0,0.0,0.0,242.64,242.64,0.0,0.0,0.0,0.0,0,0.0,0.0,6.0,Active,0,0
1316967,165069,-1,0.0,45000,,0.0,,,0.0,,0.0,0.0,0.0,0.0,,0,,,0.0,Active,0,0
2142478,361839,-6,191464.425,180000,450.0,178290.0,177840.0,0.0,0.0,2.115,0.0,178287.885,191464.425,191464.425,1.0,2,1.0,0.0,45.0,Active,0,0
1870785,348995,-4,264855.375,270000,0.0,0.0,0.0,0.0,13658.985,13950.0,13950.0,259229.88,264855.375,264855.375,0.0,0,0.0,0.0,6.0,Active,0,0
1414431,452974,-6,0.0,67500,0.0,0.0,0.0,0.0,0.0,1306.71,0.0,0.0,0.0,0.0,0.0,0,0.0,0.0,56.0,Active,0,0
2560632,226563,-1,0.0,0,0.0,0.0,0.0,0.0,0.0,513.63,0.0,0.0,0.0,0.0,0.0,0,0.0,0.0,39.0,Active,0,0
1087733,236483,-5,284955.03,765000,0.0,0.0,0.0,0.0,14640.705,14850.0,14850.0,277963.875,284955.03,284955.03,0.0,0,0.0,0.0,19.0,Active,0,0
1060352,316382,-7,539799.75,900000,0.0,0.0,0.0,0.0,30863.745,45000.0,45000.0,527275.26,539799.75,539799.75,0.0,0,0.0,0.0,16.0,Active,0,0
2120394,453287,-7,0.0,0,0.0,0.0,0.0,0.0,0.0,0.0,0.0,0.0,0.0,0.0,0.0,0,0.0,0.0,50.0,Active,0,0
2271987,405444,-6,0.0,45000,,0.0,,,0.0,,0.0,0.0,0.0,0.0,,0,,,0.0,Active,0,0
2391623,128830,-6,237532.365,270000,0.0,0.0,0.0,0.0,13500.0,13500.0,13500.0,228106.755,237532.365,237532.365,0.0,0,0.0,0.0,79.0,Active,0,0
2712896,372019,-4,0.0,135000,0.0,0.0,0.0,0.0,0.0,0.945,0.0,0.0,0.0,0.0,0.0,0,0.0,0.0,44.0,Active,0,0
1363632,127993,-4,21931.56,135000,0.0,0.0,0.0,0.0,2250.0,20250.0,20250.0,21264.885,21931.56,21931.56,0.0,0,0.0,0.0,7.0,Active,0,0
1853711,334594,-6,0.0,0,,0.0,,,0.0,,0.0,0.0,0.0,0.0,,0,,,0.0,Active,0,0
1007369,331182,-2,0.0,45000,0.0,0.0,0.0,0.0,0.0,0.0,0.0,0.0,0.0,0.0,0.0,0,0.0,0.0,55.0,Completed,0,0
2228386,379974,-3,183851.235,180000,0.0,0.0,0.0,0.0,9485.235,9675.0,9675.0,178039.08,183050.235,183050.235,0.0,0,0.0,0.0,6.0,Active,0,0
1693689,395900,-7,297539.775,315000,40500.0,56999.25,0.0,16499.25,12081.24,0.0,0.0,285123.96,294150.195,294150.195,1.0,4,0.0,3.0,6.0,Active,0,0
2315784,107224,-1,67337.91,67500,0.0,3375.0,0.0,3375.0,3375.0,3600.0,3600.0,65292.975,67337.91,67337.91,0.0,1,0.0,1.0,83.0,Active,0,0
2057766,427045,-2,3561.12,450000,135000.0,135000.0,0.0,0.0,0.0,67500.0,67500.0,0.0,1990.62,1990.62,1.0,1,0.0,0.0,0.0,Active,0,0
2320642,390285,-7,0.0,225000,,0.0,,,0.0,,0.0,0.0,0.0,0.0,,0,,,0.0,Active,0,0
2260768,239013,-5,0.0,45000,,0.0,,,0.0,,0.0,0.0,0.0,0.0,,0,,,0.0,Active,0,0
1474503,309195,-6,0.0,45000,0.0,0.0,0.0,0.0,0.0,32.13,0.0,0.0,0.0,0.0,0.0,0,0.0,0.0,22.0,Active,0,0
2192738,108929,-7,130327.74,135000,0.0,1696.5,0.0,1696.5,7010.685,7242.165,7242.165,127467.81,130327.74,130327.74,0.0,1,0.0,1.0,10.0,Active,0,0
1787773,200039,-4,0.0,0,0.0,0.0,0.0,0.0,0.0,111.195,0.0,0.0,0.0,0.0,0.0,0,0.0,0.0,13.0,Active,0,0
2199044,291956,-3,0.0,45000,0.0,0.0,0.0,0.0,0.0,732.42,0.0,0.0,0.0,0.0,0.0,0,0.0,0.0,6.0,Active,0,0
2696501,302739,-2,0.0,0,0.0,0.0,0.0,0.0,0.0,1602.9,0.0,0.0,0.0,0.0,0.0,0,0.0,0.0,18.0,Active,0,0
2818699,303266,-1,0.0,0,0.0,0.0,0.0,0.0,0.0,481.275,0.0,0.0,0.0,0.0,0.0,0,0.0,0.0,12.0,Active,0,0
1289406,293597,-7,0.0,540000,0.0,0.0,0.0,0.0,0.0,6354.99,6354.99,0.0,0.0,0.0,0.0,0,0.0,0.0,1.0,Active,0,0
2773468,436367,-4,0.0,0,0.0,0.0,0.0,0.0,0.0,0.0,0.0,0.0,0.0,0.0,0.0,0,0.0,0.0,29.0,Completed,0,0
2742293,215601,-5,0.0,0,0.0,0.0,0.0,0.0,0.0,0.0,0.0,0.0,0.0,0.0,0.0,0,0.0,0.0,33.0,Active,0,0
1519918,261002,-1,101065.14,315000,0.0,4702.5,0.0,4702.5,6835.635,45000.0,45000.0,96415.2,100358.955,100358.955,0.0,1,0.0,1.0,33.0,Active,0,0
2562886,365858,-2,218750.625,225000,0.0,0.0,0.0,0.0,2783.745,18171.99,18171.99,204003.045,216509.31,216509.31,0.0,0,0.0,0.0,16.0,Active,0,0
2526864,337106,-4,1158.525,225000,0.0,3780.0,0.0,3780.0,0.0,2250.0,0.0,1158.525,1158.525,1158.525,0.0,1,0.0,1.0,13.0,Active,0,0
2538976,450633,-5,132350.085,180000,0.0,5763.285,0.0,5763.285,6843.735,13788.0,13788.0,128850.3,132350.085,132350.085,0.0,2,0.0,2.0,21.0,Active,0,0
1419696,121018,-6,238369.635,270000,0.0,0.0,0.0,0.0,12158.775,13500.0,13500.0,229675.59,238369.635,238369.635,0.0,0,0.0,0.0,35.0,Active,0,0
2829749,242575,-3,329927.625,450000,0.0,0.0,0.0,0.0,22348.35,135000.0,135000.0,311967.135,329927.625,329927.625,0.0,0,0.0,0.0,22.0,Active,0,0
1944468,113907,-1,84570.615,180000,38250.0,55065.33,0.0,16815.33,2250.0,4500.0,228.78,83467.665,84497.49,84497.49,1.0,5,0.0,4.0,7.0,Active,0,0
2540024,380757,-4,339106.635,360000,0.0,0.0,0.0,0.0,18365.58,18450.0,18450.0,329412.555,338107.545,338107.545,0.0,0,0.0,0.0,27.0,Active,0,0
1532817,260010,-3,100381.32,247500,0.0,0.0,0.0,0.0,5993.055,22500.0,22500.0,97361.325,100381.32,100381.32,0.0,0,0.0,0.0,28.0,Active,0,0
1463647,239769,-4,91779.3,225000,90000.0,105451.65,0.0,15451.65,4792.68,157801.725,149977.8,88843.32,90433.8,90433.8,1.0,3,0.0,2.0,13.0,Active,0,0
2458389,216074,-4,453835.71,450000,0.0,48595.5,0.0,48595.5,20818.935,22500.0,22500.0,442474.02,453835.71,453835.71,0.0,3,0.0,3.0,28.0,Active,0,0
1666318,246267,-6,2286.54,135000,0.0,8532.9,0.0,8532.9,2250.0,9885.015,9660.015,2286.54,2286.54,2286.54,0.0,4,0.0,4.0,8.0,Active,0,0
1485958,235032,-1,557320.995,585000,0.0,13827.78,0.0,13827.78,29988.675,32400.0,2329.515,548760.015,557320.995,557320.995,0.0,5,0.0,5.0,24.0,Active,0,0
2547613,104607,-2,170940.375,315000,0.0,0.0,0.0,0.0,8861.31,9900.0,9900.0,167325.93,170940.375,170940.375,0.0,0,0.0,0.0,27.0,Active,0,0
2630525,401158,-1,434493.945,450000,14850.0,15300.0,0.0,450.0,22566.78,22950.0,22950.0,420735.96,431802.945,431802.945,2.0,3,0.0,1.0,28.0,Active,0,0
2737989,286797,-2,49484.43,247500,0.0,79738.335,0.0,79738.335,2638.305,41933.115,41933.115,48721.545,49484.43,49484.43,0.0,101,0.0,101.0,26.0,Active,0,0
2116703,391533,-3,420932.205,450000,67500.0,86381.325,0.0,18881.325,17420.49,22500.0,22500.0,412291.17,419586.705,419586.705,1.0,2,0.0,1.0,35.0,Active,0,0
1405044,121066,-6,462247.29,450000,5400.0,5400.0,0.0,0.0,23386.95,23400.0,23400.0,449738.82,460901.79,460901.79,1.0,1,0.0,0.0,24.0,Active,0,0
1449382,348429,-1,273114.9,495000,0.0,529948.575,0.0,529948.575,19172.43,511200.0,486395.505,273114.9,273114.9,273114.9,0.0,72,0.0,72.0,37.0,Active,0,0
2640944,353962,-4,455611.68,450000,0.0,0.0,0.0,0.0,22948.47,22950.0,22950.0,436019.355,452254.32,452254.32,0.0,0,0.0,0.0,31.0,Active,0,0
2234538,403349,-6,425365.875,450000,0.0,0.0,0.0,0.0,22529.43,40500.0,27000.0,416900.52,422047.44,422047.44,0.0,0,0.0,0.0,42.0,Active,0,0
1147257,200416,-3,198810.765,585000,0.0,0.0,0.0,0.0,11177.325,15750.0,15750.0,192046.41,198810.765,198810.765,0.0,0,0.0,0.0,27.0,Active,0,0
1128523,167055,-4,115168.05,225000,0.0,97990.515,0.0,97990.515,4092.66,112500.0,112500.0,112343.445,115168.05,115168.05,0.0,32,0.0,32.0,18.0,Active,0,0
1290656,281019,-5,56255.535,180000,0.0,95888.115,0.0,95888.115,3546.945,85950.0,81653.895,56143.665,56255.535,56255.535,0.0,53,0.0,53.0,9.0,Active,0,0
1789306,297636,-7,232131.96,225000,0.0,9031.5,0.0,9031.5,11023.2,0.0,0.0,219100.095,232131.96,232131.96,0.0,1,0.0,1.0,14.0,Active,0,0
2397989,331519,-6,6611.4,90000,0.0,6611.4,0.0,6611.4,0.0,,0.0,6611.4,6611.4,6611.4,0.0,2,0.0,2.0,0.0,Active,0,0
1160845,169489,-4,375470.46,450000,63000.0,63000.0,0.0,0.0,14747.175,15750.0,15750.0,353836.89,368709.435,368709.435,3.0,3,0.0,0.0,21.0,Active,0,0
1153699,334706,-1,308175.255,450000,13500.0,17629.335,0.0,4129.335,14700.195,0.0,0.0,296783.595,306829.755,306829.755,1.0,3,0.0,2.0,10.0,Active,0,0
1651962,370426,-4,141934.005,135000,0.0,0.0,0.0,0.0,7075.575,0.0,0.0,132775.515,140911.65,140911.65,0.0,0,0.0,0.0,15.0,Active,0,0
1698794,371303,-2,11567.7,225000,0.0,10260.0,0.0,10260.0,2250.0,15750.0,15750.0,11507.4,11507.4,11507.4,0.0,2,0.0,2.0,21.0,Active,0,0
1980507,218296,-4,154179.315,382500,0.0,4125.15,0.0,4125.15,7962.795,18000.0,18000.0,147124.215,154179.315,154179.315,0.0,4,0.0,4.0,23.0,Active,0,0
2227761,387219,-1,25457.85,180000,0.0,25710.165,0.0,25710.165,0.0,14.4,14.4,25012.35,25012.35,25012.35,0.0,20,0.0,20.0,5.0,Active,0,0
1334276,302794,-5,306119.205,292500,36000.0,36000.0,0.0,0.0,15019.065,45000.0,45000.0,291381.48,301184.55,301184.55,2.0,2,0.0,0.0,13.0,Active,0,0
2138277,393333,-5,632147.535,765000,0.0,31455.0,0.0,31455.0,31750.065,47697.3,47697.3,618758.775,632147.535,632147.535,0.0,1,0.0,1.0,21.0,Active,0,0
1052570,377159,-7,382761.54,450000,0.0,26456.4,0.0,26456.4,14865.93,0.0,0.0,355977.585,380071.71,380071.71,0.0,6,0.0,6.0,15.0,Active,0,0
1783368,255002,-3,139555.755,450000,0.0,150260.85,0.0,150260.85,15052.365,315000.0,315000.0,136308.285,139555.755,139555.755,0.0,10,0.0,10.0,77.0,Active,0,0
2539355,315302,-4,131319.27,135000,0.0,0.0,0.0,0.0,6549.21,8100.0,8100.0,122884.245,130373.055,130373.055,0.0,0,0.0,0.0,24.0,Active,0,0
2759101,132089,-6,38171.97,900000,0.0,49808.745,0.0,49808.745,0.0,13419.315,13419.315,38171.97,38171.97,38171.97,0.0,9,0.0,9.0,12.0,Active,0,0
1762261,151682,-4,32017.095,900000,0.0,50064.075,0.0,50064.075,2250.0,53280.45,53280.45,31260.87,31260.87,31260.87,0.0,16,0.0,16.0,14.0,Active,0,0
1870920,136792,-1,466236.495,540000,0.0,37271.43,0.0,37271.43,22028.805,22999.5,22999.5,454847.715,466236.495,466236.495,0.0,9,0.0,9.0,67.0,Active,0,0
1895691,320279,-5,4797.405,90000,0.0,19709.64,0.0,19709.64,2250.0,54384.93,54159.93,4797.405,4797.405,4797.405,0.0,5,0.0,5.0,3.0,Active,0,0
1652895,316015,-1,38126.88,135000,0.0,76944.465,0.0,76944.465,1345.5,109569.645,109569.645,38126.88,38126.88,38126.88,0.0,23,0.0,23.0,1.0,Active,0,0
2508522,357227,-2,431833.725,450000,0.0,5387.175,0.0,5387.175,22549.635,22275.0,125.145,426109.41,431833.725,431833.725,0.0,1,0.0,1.0,33.0,Active,0,0
1108516,363382,-7,563147.55,540000,0.0,13078.44,0.0,13078.44,27743.895,29250.0,29250.0,538706.52,559100.205,559100.205,0.0,1,0.0,1.0,41.0,Active,0,0
2272544,228001,-1,111226.545,247500,0.0,8933.22,0.0,8933.22,5895.72,9000.0,9000.0,108847.53,111226.545,111226.545,0.0,1,0.0,1.0,34.0,Active,0,0
2304849,301437,-4,162902.115,450000,0.0,14381.685,0.0,14381.685,0.0,0.0,0.0,161657.37,161657.37,161657.37,0.0,2,0.0,2.0,13.0,Active,0,0
2697247,340371,-1,609717.51,630000,0.0,8928.0,0.0,8928.0,30861.36,31500.0,31500.0,594655.245,609717.51,609717.51,0.0,3,0.0,3.0,22.0,Active,0,0
2716015,181444,-5,129045.645,450000,0.0,50713.245,0.0,50713.245,11145.6,153000.0,153000.0,123073.65,127440.18,127440.18,0.0,5,0.0,5.0,20.0,Active,0,0
1768145,189339,-3,711977.4,810000,0.0,93810.555,0.0,93810.555,29285.55,30150.0,30150.0,676142.055,706826.79,706826.79,0.0,47,0.0,47.0,27.0,Active,0,0
2726737,320709,-6,161896.905,495000,0.0,0.0,0.0,0.0,10081.395,45000.0,45000.0,156627.99,161896.905,161896.905,0.0,0,0.0,0.0,68.0,Active,0,0
2836310,163738,-6,96002.415,450000,0.0,96655.05,0.0,96655.05,3869.145,81900.0,81900.0,96002.415,96002.415,96002.415,0.0,4,0.0,4.0,24.0,Active,0,0
1056268,337709,-5,284973.975,292500,4050.0,4050.0,0.0,0.0,15187.23,15300.0,15300.0,277194.24,283628.475,283628.475,1.0,1,0.0,0.0,39.0,Active,0,0
2610428,321838,-1,485614.215,450000,4500.0,4500.0,0.0,0.0,23801.625,24750.0,24750.0,448876.26,481712.355,481712.355,1.0,1,0.0,0.0,13.0,Active,0,0
1496955,307605,-3,36655.83,427500,0.0,0.0,0.0,0.0,2336.13,45000.0,45000.0,33222.33,36400.005,36400.005,0.0,0,0.0,0.0,27.0,Active,0,0
2475924,152369,-6,307466.73,292500,5400.0,5400.0,0.0,0.0,14807.16,14850.0,14850.0,291193.335,306121.23,306121.23,1.0,1,0.0,0.0,32.0,Active,0,0
1126822,152374,-7,407832.3,450000,22500.0,22500.0,0.0,0.0,20400.93,40500.0,40500.0,390018.645,403483.635,403483.635,1.0,1,0.0,0.0,41.0,Active,0,0
2004758,448518,-1,156369.69,450000,0.0,6765.345,0.0,6765.345,8185.275,9000.0,9000.0,152471.25,156369.69,156369.69,0.0,2,0.0,2.0,28.0,Active,0,0
1739150,306267,-6,88828.56,202500,0.0,11380.5,0.0,11380.5,7308.495,36000.0,36000.0,85550.445,88828.56,88828.56,0.0,1,0.0,1.0,29.0,Active,0,0
1155629,102465,-6,343711.98,450000,0.0,17536.5,0.0,17536.5,20322.945,90000.0,90000.0,333995.445,343711.98,343711.98,0.0,2,0.0,2.0,96.0,Active,0,0
1316896,203561,-7,262910.025,450000,45000.0,45000.0,0.0,0.0,9830.52,22500.0,22500.0,252864.72,260088.525,260088.525,2.0,2,0.0,0.0,20.0,Active,0,0
1340049,397815,-7,16822.755,540000,0.0,21830.805,0.0,21830.805,0.0,18000.0,18000.0,16694.19,16694.19,16694.19,0.0,10,0.0,10.0,21.0,Active,0,0
1092370,455226,-1,293364.81,450000,0.0,19632.6,0.0,19632.6,14461.695,22500.0,22500.0,286366.275,293364.81,293364.81,0.0,6,0.0,6.0,27.0,Active,0,0
1864772,166000,-5,10960.875,450000,0.0,11821.5,0.0,11821.5,0.0,860.625,860.625,10960.875,10960.875,10960.875,0.0,1,0.0,1.0,21.0,Active,0,0
2487119,311786,-6,100967.985,450000,0.0,139939.83,0.0,139939.83,2250.0,45000.0,45000.0,100967.985,100967.985,100967.985,0.0,3,0.0,3.0,14.0,Active,0,0
1068722,343859,-5,83612.16,540000,0.0,71372.25,0.0,71372.25,12813.615,256050.0,256050.0,71594.865,83612.16,83612.16,0.0,1,0.0,1.0,17.0,Active,0,0
2755032,446862,-4,171179.1,450000,9000.0,9000.0,0.0,0.0,9052.29,9450.0,82.89,168442.065,171179.1,171179.1,1.0,1,0.0,0.0,26.0,Active,0,0
2720092,130276,-5,106638.525,112500,0.0,2971.485,0.0,2971.485,7875.0,7650.0,7650.0,103836.105,106638.525,106638.525,0.0,2,0.0,2.0,63.0,Active,7,0
2621637,228495,-5,420611.895,495000,99000.0,184765.5,0.0,85765.5,10541.565,11250.0,11250.0,400807.665,413884.395,413884.395,5.0,14,0.0,9.0,12.0,Active,0,0
2672693,429139,-5,215392.59,270000,0.0,0.0,0.0,0.0,10986.345,11250.0,11250.0,208476.495,215617.59,215617.59,0.0,0,0.0,0.0,91.0,Active,0,0
2173300,201351,-7,245160.81,450000,0.0,13092.525,0.0,13092.525,13096.755,18000.0,18000.0,239027.355,245160.81,245160.81,0.0,3,0.0,3.0,23.0,Active,0,0
1557203,361477,-4,4842.495,450000,0.0,31437.45,0.0,31437.45,2250.0,473422.005,471172.005,4842.495,4842.495,4842.495,0.0,10,0.0,10.0,5.0,Active,0,0
1283727,424733,-4,255.555,45000,45000.0,45000.0,0.0,0.0,2351.745,47475.0,47475.0,0.0,0.0,0.0,1.0,1,0.0,0.0,9.0,Active,0,0
2640978,417386,-2,280218.87,450000,15750.0,15750.0,0.0,0.0,13374.945,13500.0,13500.0,268148.385,277752.87,277752.87,2.0,2,0.0,0.0,38.0,Active,0,0
1065408,261835,-7,173949.75,337500,0.0,17505.0,0.0,17505.0,9799.92,45209.655,45209.655,168293.52,173279.25,173279.25,0.0,1,0.0,1.0,18.0,Active,0,0
2652031,389398,-6,27258.795,450000,0.0,39384.0,0.0,39384.0,0.0,11250.0,9000.0,27258.795,27258.795,27258.795,0.0,1,0.0,1.0,15.0,Active,0,0
1053765,165075,-1,71786.88,135000,0.0,2765.475,0.0,2765.475,9450.0,31500.0,31500.0,68829.12,71786.88,71786.88,0.0,1,0.0,1.0,61.0,Active,0,0
1536174,309130,-4,24132.645,630000,0.0,24152.4,0.0,24152.4,2250.0,967.5,492.795,24132.105,24132.645,24132.645,0.0,2,0.0,2.0,6.0,Active,0,0
2122828,215727,-4,178717.815,292500,0.0,66186.0,0.0,66186.0,6110.91,6300.0,6300.0,175804.605,178717.815,178717.815,0.0,1,0.0,1.0,21.0,Active,0,0
1740407,312252,-4,110237.895,157500,0.0,0.0,0.0,0.0,5736.06,6878.655,6878.655,107842.815,110237.895,110237.895,0.0,0,0.0,0.0,15.0,Active,0,0
1914917,280060,-1,326648.61,450000,0.0,0.0,0.0,0.0,16522.875,18000.0,18000.0,312457.41,326648.61,326648.61,0.0,0,0.0,0.0,22.0,Active,0,0
2629916,257532,-2,425555.235,450000,0.0,0.0,0.0,0.0,22882.275,22950.0,22950.0,405982.35,422219.115,422219.115,0.0,0,0.0,0.0,22.0,Active,0,0
1233469,260219,-1,32552.865,450000,0.0,32555.07,0.0,32555.07,0.0,8466.705,8466.705,32552.865,32552.865,32552.865,0.0,7,0.0,7.0,19.0,Active,0,0
1940432,177421,-4,46038.33,495000,42750.0,43555.5,0.0,805.5,0.0,0.0,0.0,43176.33,43347.33,43347.33,2.0,3,0.0,1.0,13.0,Active,0,0
2165194,454534,-5,2703.24,450000,31500.0,135699.75,0.0,104199.75,7354.035,340087.725,324622.35,0.0,0.0,0.0,2.0,9,0.0,7.0,4.0,Active,0,0
1259949,170565,-1,202370.445,225000,0.0,0.0,0.0,0.0,11681.685,18000.0,18000.0,197633.79,202370.445,202370.445,0.0,0,0.0,0.0,9.0,Active,0,0
2315967,104355,-5,129.015,135000,22500.0,22522.5,0.0,22.5,0.0,25200.0,22950.0,0.0,0.0,0.0,1.0,2,0.0,1.0,0.0,Active,0,0
2475918,296774,-1,396632.025,427500,0.0,15934.5,0.0,15934.5,18557.82,18562.5,18562.5,378614.61,396632.025,396632.025,0.0,8,0.0,8.0,38.0,Active,0,0
1408913,383193,-2,322963.695,450000,0.0,74554.065,0.0,74554.065,15445.665,67500.0,67500.0,315967.455,322963.695,322963.695,0.0,17,0.0,17.0,18.0,Active,0,0
2341378,302616,-5,47480.67,450000,0.0,11047.5,0.0,11047.5,2848.815,22500.0,22500.0,45523.575,47130.12,47130.12,0.0,2,0.0,2.0,39.0,Active,0,0
2307212,225015,-4,245337.57,225000,33300.0,33300.0,0.0,0.0,3007.17,3150.0,3150.0,224960.355,242259.885,242259.885,1.0,1,0.0,0.0,19.0,Active,0,0
1519394,322290,-1,210874.59,427500,0.0,0.0,0.0,0.0,10698.525,0.0,0.0,200470.545,208660.455,208660.455,0.0,0,0.0,0.0,5.0,Active,0,0
2210035,145601,-6,146780.865,135000,0.0,0.0,0.0,0.0,0.0,,0.0,133677.0,144500.535,144500.535,0.0,0,0.0,0.0,0.0,Active,0,0
1290828,438574,-1,25602.255,450000,288000.0,295078.5,0.0,7078.5,2250.0,315651.33,315651.33,19906.02,20741.985,20741.985,3.0,5,0.0,2.0,17.0,Active,0,0
1492336,375495,-1,467217.18,450000,4500.0,9328.5,0.0,4828.5,23054.31,23175.0,23175.0,449930.565,465871.68,465871.68,1.0,9,0.0,8.0,39.0,Active,0,0
1743366,250314,-1,317477.385,315000,0.0,0.0,0.0,0.0,16418.52,17550.0,17550.0,310820.58,317477.385,317477.385,0.0,0,0.0,0.0,11.0,Active,0,0
2600656,450308,-1,253870.065,450000,45000.0,45000.0,0.0,0.0,10543.455,13500.0,13500.0,242369.1,253870.065,253870.065,1.0,1,0.0,0.0,95.0,Active,0,0
1772479,157191,-5,114737.535,450000,0.0,0.0,0.0,0.0,6256.08,6750.0,6750.0,111621.825,114737.535,114737.535,0.0,0,0.0,0.0,13.0,Active,0,0
2379642,291656,-1,866375.685,900000,0.0,46800.0,46800.0,0.0,43091.775,87944.4,45546.93,851999.715,865030.185,865030.185,0.0,1,1.0,0.0,15.0,Active,0,0
2287934,214176,-4,0.0,450000,0.0,0.0,0.0,0.0,0.0,305.955,305.955,0.0,0.0,0.0,0.0,0,0.0,0.0,38.0,Active,0,0
1295419,211981,-3,165751.875,180000,0.0,0.0,0.0,0.0,10800.0,15750.0,15750.0,158906.79,165751.875,165751.875,0.0,0,0.0,0.0,103.0,Active,0,0
1782121,426766,-1,279561.285,270000,4500.0,4500.0,0.0,0.0,13781.52,0.0,0.0,265730.625,278215.785,278215.785,1.0,1,0.0,0.0,38.0,Active,0,0
2814245,208720,-7,122716.17,180000,0.0,6938.865,0.0,6938.865,6340.41,6911.91,6911.91,120084.93,122716.17,122716.17,0.0,2,0.0,2.0,3.0,Active,0,0
1597194,101399,-7,410062.365,450000,0.0,2625.615,0.0,2625.615,22093.56,22500.0,22500.0,399496.95,410062.365,410062.365,0.0,2,0.0,2.0,38.0,Active,0,0
1940436,165175,-6,589881.195,630000,31500.0,31500.0,0.0,0.0,31496.4,63000.0,32174.37,585012.15,588535.695,588535.695,1.0,1,0.0,0.0,21.0,Active,0,0
1263505,115478,-2,388757.385,382500,0.0,0.0,0.0,0.0,19692.045,21150.0,21150.0,371542.23,385896.51,385896.51,0.0,0,0.0,0.0,16.0,Active,0,0
1370187,277284,-3,255335.625,450000,184500.0,247361.67,0.0,62861.67,130.5,170.055,170.055,247322.115,248608.125,248608.125,5.0,16,0.0,11.0,19.0,Active,0,0
2007396,224055,-7,385138.035,405000,0.0,854.55,0.0,854.55,20960.28,22500.0,22500.0,375060.24,385138.035,385138.035,0.0,1,0.0,1.0,16.0,Active,0,0
1676666,290240,-4,216754.92,225000,0.0,0.0,0.0,0.0,10850.715,11250.0,11250.0,205764.66,215170.515,215170.515,0.0,0,0.0,0.0,24.0,Active,0,0
1849318,165698,-5,29837.565,45000,0.0,0.0,0.0,0.0,3150.0,3150.0,3150.0,29095.875,29837.565,29837.565,0.0,0,0.0,0.0,59.0,Active,0,0
1890031,150035,-3,185685.435,450000,13500.0,13500.0,0.0,0.0,22020.66,292500.0,270752.76,178445.115,184339.935,184339.935,1.0,1,0.0,0.0,27.0,Active,0,0
1684619,416865,-7,0.0,135000,,0.0,,,0.0,,0.0,0.0,0.0,0.0,,0,,,0.0,Active,0,0
2451764,368477,-2,4869.63,360000,0.0,6749.73,0.0,6749.73,225.0,0.0,0.0,4167.045,4167.045,4167.045,0.0,1,0.0,1.0,13.0,Active,0,0
2571927,423117,-5,160148.925,765000,0.0,170410.365,0.0,170410.365,0.0,10261.44,10261.44,160148.925,160148.925,160148.925,0.0,28,0.0,28.0,5.0,Active,0,0
2541695,239008,-4,315767.655,540000,9000.0,9000.0,0.0,0.0,16713.0,18000.0,18000.0,307260.225,314197.155,314197.155,1.0,1,0.0,0.0,8.0,Active,0,0
2567733,224437,-6,120225.015,135000,0.0,259504.38,0.0,259504.38,250.515,143023.365,142798.365,120225.015,120225.015,120225.015,0.0,9,0.0,9.0,6.0,Active,0,0
1825672,154340,-1,135430.56,135000,0.0,3138.075,0.0,3138.075,6790.545,6795.0,6795.0,132153.975,135430.56,135430.56,0.0,7,0.0,7.0,39.0,Active,0,0
1414183,241654,-7,213205.32,225000,0.0,0.0,0.0,0.0,11731.995,13500.0,13500.0,207639.99,213205.32,213205.32,0.0,0,0.0,0.0,39.0,Active,0,0
1605242,172542,-5,3960.135,450000,0.0,13077.0,0.0,13077.0,2250.0,13500.0,11250.0,3960.135,3960.135,3960.135,0.0,2,0.0,2.0,3.0,Active,0,0
1982852,220271,-1,75749.67,135000,0.0,17338.95,0.0,17338.95,2250.0,2250.0,2250.0,72717.3,74388.735,74388.735,0.0,9,0.0,9.0,6.0,Active,0,0
1329336,299010,-5,434520.09,405000,4500.0,4500.0,0.0,0.0,21338.325,22500.0,22500.0,404681.715,429422.715,429422.715,1.0,1,0.0,0.0,5.0,Active,0,0
1848413,164280,-2,46389.195,45000,0.0,5509.17,0.0,5509.17,2250.0,0.0,0.0,44589.06,46033.695,46033.695,0.0,1,0.0,1.0,43.0,Active,0,0
1474542,290527,-6,327202.83,360000,0.0,0.0,0.0,0.0,25200.0,25200.0,25200.0,318107.52,327202.83,327202.83,0.0,0,0.0,0.0,61.0,Active,0,0
1797945,243700,-7,255457.35,225000,0.0,0.0,0.0,0.0,12477.78,12850.29,12850.29,236931.615,253187.46,253187.46,0.0,0,0.0,0.0,20.0,Active,0,0
1870546,138167,-4,187959.15,225000,0.0,0.0,0.0,0.0,9108.72,18000.0,7883.91,184321.755,187959.15,187959.15,0.0,0,0.0,0.0,24.0,Active,0,0
2100894,257275,-3,761464.665,765000,0.0,12412.305,0.0,12412.305,38782.845,45230.85,45230.85,742837.995,761464.665,761464.665,0.0,3,0.0,3.0,18.0,Active,0,0
1956396,452001,-4,467697.42,450000,8100.0,8100.0,0.0,0.0,23244.255,23400.0,23400.0,449584.74,466351.92,466351.92,1.0,1,0.0,0.0,28.0,Active,0,0
1969950,371295,-6,137268.18,135000,2250.0,2400.615,0.0,150.615,6895.845,7021.71,7021.71,132682.095,135534.285,135534.285,1.0,2,0.0,1.0,11.0,Active,0,0
1354963,115288,-3,0.0,45000,0.0,0.0,0.0,0.0,0.0,33.705,0.0,0.0,0.0,0.0,0.0,0,0.0,0.0,72.0,Active,0,0
2596395,120486,-1,189799.65,225000,0.0,50575.5,0.0,50575.5,15750.0,15750.0,15750.0,184029.57,188416.575,188416.575,0.0,1,0.0,1.0,17.0,Active,0,0
1648527,361402,-6,448244.73,450000,0.0,5575.95,0.0,5575.95,23060.25,28006.425,28006.425,438774.12,448244.73,448244.73,0.0,2,0.0,2.0,23.0,Active,0,0
1770926,297726,-4,359089.605,382500,0.0,0.0,0.0,0.0,19803.15,22500.0,22500.0,351062.91,359089.605,359089.605,0.0,0,0.0,0.0,28.0,Active,0,0
1461656,453290,-1,199631.16,382500,0.0,13116.6,0.0,13116.6,9370.485,0.0,0.0,190175.895,198193.365,198193.365,0.0,5,0.0,5.0,22.0,Active,0,0
2156820,382814,-1,264346.335,270000,0.0,0.0,0.0,0.0,13883.175,13725.0,30.15,260172.0,264346.335,264346.335,0.0,0,0.0,0.0,38.0,Active,0,0
2262339,152619,-7,19926.0,450000,0.0,33426.0,0.0,33426.0,244.395,6750.0,6750.0,19926.0,19926.0,19926.0,0.0,2,0.0,2.0,32.0,Active,0,0
2166853,366071,-7,21287.07,225000,0.0,0.0,0.0,0.0,2250.0,2250.0,0.0,20928.15,21287.07,21287.07,0.0,0,0.0,0.0,11.0,Active,0,0
1782960,395350,-2,371413.215,450000,0.0,0.0,0.0,0.0,20217.825,45000.0,45000.0,359356.68,371413.215,371413.215,0.0,0,0.0,0.0,23.0,Active,0,0
2116697,113644,-1,40559.805,450000,22500.0,39105.0,0.0,16605.0,0.0,4.41,4.41,39100.59,39214.305,39214.305,1.0,2,0.0,1.0,20.0,Active,0,0
1270790,300163,-1,177184.08,180000,0.0,18486.0,0.0,18486.0,8399.43,9000.0,735.165,174782.655,177184.08,177184.08,0.0,2,0.0,2.0,12.0,Active,0,0
2535413,299345,-3,373872.78,450000,0.0,29245.5,0.0,29245.5,17820.09,20250.0,20250.0,365397.525,373872.78,373872.78,0.0,1,0.0,1.0,23.0,Active,0,0
1969010,157501,-5,121680.27,382500,0.0,21788.1,0.0,21788.1,6155.28,9000.0,2046.465,121070.295,121680.27,121680.27,0.0,7,0.0,7.0,31.0,Active,0,0
2040148,288853,-7,258778.53,270000,0.0,2626.65,0.0,2626.65,12712.23,13500.0,13500.0,250130.295,258778.53,258778.53,0.0,1,0.0,1.0,27.0,Active,0,0
2116501,386753,-5,140447.25,225000,0.0,9155.34,0.0,9155.34,6946.245,0.0,0.0,134580.465,140447.25,140447.25,0.0,2,0.0,2.0,19.0,Active,0,0
1004900,356429,-4,463685.04,900000,337500.0,337500.0,0.0,0.0,8703.135,64800.0,64800.0,446763.06,455612.04,455612.04,6.0,6,0.0,0.0,12.0,Active,0,0
2248408,410812,-4,182252.97,180000,0.0,972.9,0.0,972.9,9140.94,9450.0,9450.0,175809.015,182252.97,182252.97,0.0,2,0.0,2.0,37.0,Active,0,0
2023056,431034,-2,25975.53,270000,0.0,0.0,0.0,0.0,2250.0,4500.0,2250.0,25574.49,25975.53,25975.53,0.0,0,0.0,0.0,27.0,Active,0,0
2707503,332544,-4,466872.705,450000,0.0,18972.0,0.0,18972.0,22150.845,0.0,0.0,447866.505,466872.705,466872.705,0.0,1,0.0,1.0,29.0,Active,0,0
1958875,383414,-6,278010.405,270000,0.0,8105.58,0.0,8105.58,13500.0,13500.0,13500.0,265967.145,275606.955,275606.955,0.0,3,0.0,3.0,39.0,Active,0,0
2180648,419506,-5,38025.945,225000,0.0,41100.21,0.0,41100.21,5486.31,5359.905,5359.905,38025.945,38025.945,38025.945,0.0,2,0.0,2.0,11.0,Active,0,0
2229831,339080,-1,22689.27,45000,0.0,44886.015,0.0,44886.015,0.0,49309.245,49309.245,22689.27,22689.27,22689.27,0.0,43,0.0,43.0,0.0,Active,0,0
2362980,449090,-5,373532.175,450000,0.0,43232.265,0.0,43232.265,18328.86,22500.0,22500.0,364809.6,373532.175,373532.175,0.0,3,0.0,3.0,40.0,Active,0,0
1801808,115331,-1,17190.0,202500,0.0,17190.0,0.0,17190.0,0.0,0.0,0.0,17190.0,17190.0,17190.0,0.0,1,0.0,1.0,5.0,Active,0,0
2024449,304715,-5,255897.855,765000,0.0,0.0,0.0,0.0,14040.27,15750.0,15750.0,247471.065,255767.355,255767.355,0.0,0,0.0,0.0,21.0,Active,0,0
2384713,376352,-7,62957.25,225000,0.0,85457.25,0.0,85457.25,0.0,22500.0,22500.0,62957.25,62957.25,62957.25,0.0,1,0.0,1.0,0.0,Active,0,0
2539846,339863,-5,282066.885,495000,0.0,21564.135,0.0,21564.135,12476.385,13500.0,13500.0,271389.24,279998.235,279998.235,0.0,12,0.0,12.0,21.0,Active,0,0
1289093,352307,-1,256272.03,450000,0.0,256272.03,0.0,256272.03,0.0,0.0,0.0,256272.03,256272.03,256272.03,0.0,3,0.0,3.0,10.0,Active,0,0
1840380,402158,-5,430273.755,450000,0.0,22666.545,0.0,22666.545,22083.075,22500.0,22500.0,419327.685,430273.755,430273.755,0.0,7,0.0,7.0,22.0,Active,0,0
1460212,118801,-5,61516.17,225000,0.0,113629.05,0.0,113629.05,2544.705,148400.505,148270.005,61516.17,61516.17,61516.17,0.0,14,0.0,14.0,11.0,Active,0,0
2663334,268249,-3,469563.975,450000,0.0,10080.9,0.0,10080.9,22893.615,0.0,0.0,449721.225,469563.975,469563.975,0.0,6,0.0,6.0,24.0,Active,0,0
1029146,205358,-5,464989.68,450000,0.0,13056.3,0.0,13056.3,22437.225,22500.0,22500.0,449754.615,464989.68,464989.68,0.0,4,0.0,4.0,24.0,Active,0,0
2074599,268502,-4,92443.14,900000,0.0,21807.0,0.0,21807.0,5619.6,22500.0,22500.0,89198.73,92443.14,92443.14,0.0,4,0.0,4.0,13.0,Active,0,0
1743802,366952,-7,98745.21,315000,0.0,101298.825,0.0,101298.825,8331.345,1769.94,1648.665,98745.21,98745.21,98745.21,0.0,5,0.0,5.0,17.0,Active,0,0
2795319,193507,-7,233887.32,675000,0.0,0.0,0.0,0.0,12233.79,22500.0,22500.0,222176.025,232176.555,232176.555,0.0,0,0.0,0.0,27.0,Active,0,0
2807741,357521,-4,142333.29,135000,0.0,1199.25,0.0,1199.25,7103.925,7200.0,7200.0,134526.465,142197.435,142197.435,0.0,1,0.0,1.0,25.0,Active,0,0
1337187,188969,-1,248567.265,270000,9000.0,9000.0,0.0,0.0,12957.66,13050.0,13050.0,242052.84,247221.765,247221.765,1.0,1,0.0,0.0,20.0,Active,0,0
1876841,310038,-7,189528.525,180000,0.0,0.0,0.0,0.0,9587.475,9900.0,9900.0,177585.075,188161.11,188161.11,0.0,0,0.0,0.0,18.0,Active,0,0
1376802,104523,-1,11866.815,135000,0.0,11866.995,0.0,11866.995,2250.0,0.0,0.0,11866.815,11866.815,11866.815,0.0,1,0.0,1.0,7.0,Active,717,0
2316060,371521,-7,250039.35,270000,0.0,0.0,0.0,0.0,13954.32,13950.0,253.98,246020.445,250039.35,250039.35,0.0,0,0.0,0.0,33.0,Active,0,0
2787738,379648,-1,172942.11,225000,0.0,0.0,0.0,0.0,11250.0,11250.0,11250.0,165729.285,172586.61,172586.61,0.0,0,0.0,0.0,42.0,Active,0,0
2148141,389573,-6,604632.69,585000,0.0,17176.77,0.0,17176.77,26143.155,29541.15,29541.15,580756.23,599490.36,599490.36,0.0,5,0.0,5.0,16.0,Active,0,0
2126777,311676,-6,263946.69,405000,63450.0,121028.58,0.0,57578.58,10626.435,45000.0,45000.0,242207.55,247800.69,247800.69,13.0,22,0.0,9.0,28.0,Active,0,0
1308932,249347,-6,387317.34,405000,0.0,0.0,0.0,0.0,19494.45,19575.0,19575.0,370313.775,387317.34,387317.34,0.0,0,0.0,0.0,26.0,Active,0,0
1105596,323923,-6,440520.21,450000,112500.0,131819.355,0.0,19319.355,15480.18,15750.0,15750.0,425673.045,437829.21,437829.21,2.0,4,0.0,2.0,32.0,Active,0,0
2029033,439552,-5,286553.745,261000,2250.0,2250.0,0.0,0.0,14173.065,14400.0,14400.0,258244.11,283106.61,283106.61,1.0,1,0.0,0.0,18.0,Active,0,0
2524970,423887,-5,7770.285,450000,0.0,17240.625,0.0,17240.625,2043.63,6113.97,6113.97,7770.285,7770.285,7770.285,0.0,4,0.0,4.0,41.0,Active,0,0
1697085,391519,-5,352164.69,720000,0.0,0.0,0.0,0.0,18044.01,23400.0,23400.0,337480.155,349566.075,349566.075,0.0,0,0.0,0.0,23.0,Active,0,0
2491153,131128,-5,465881.985,450000,0.0,6712.245,0.0,6712.245,23314.995,23400.0,23400.0,449611.92,465881.985,465881.985,0.0,5,0.0,5.0,30.0,Active,0,0
1355422,199838,-4,322044.66,450000,0.0,0.0,0.0,0.0,16738.065,29250.0,29250.0,305511.345,319692.195,319692.195,0.0,0,0.0,0.0,26.0,Active,0,0
1363279,174136,-1,382259.655,405000,0.0,1435.5,0.0,1435.5,20707.425,20925.0,20925.0,373733.955,382259.655,382259.655,0.0,2,0.0,2.0,41.0,Active,0,0
2731288,221950,-3,82526.49,360000,0.0,82153.53,0.0,82153.53,18718.425,0.0,0.0,79043.895,82149.255,82149.255,0.0,49,0.0,49.0,25.0,Active,0,0
1132263,228383,-7,366057.315,450000,0.0,0.0,0.0,0.0,18792.495,22500.0,22500.0,353350.305,366057.315,366057.315,0.0,0,0.0,0.0,27.0,Active,0,0
2290317,213868,-1,157644.135,450000,0.0,0.0,0.0,0.0,9498.105,13500.0,4401.225,154975.05,157644.135,157644.135,0.0,0,0.0,0.0,22.0,Active,0,0
1595285,277221,-6,461502.72,450000,11250.0,11250.0,0.0,0.0,23009.625,27000.0,27000.0,444442.275,460157.22,460157.22,1.0,1,0.0,0.0,24.0,Active,0,0
2819460,186874,-5,7042.005,225000,0.0,7555.5,0.0,7555.5,2250.0,6750.0,6750.0,6988.185,7042.005,7042.005,0.0,2,0.0,2.0,66.0,Active,0,0
1745951,257131,-6,15222.15,450000,0.0,0.0,0.0,0.0,0.0,6750.0,4500.0,14993.37,15222.15,15222.15,0.0,0,0.0,0.0,17.0,Active,0,0
2224776,294693,-5,16210.62,90000,0.0,55951.38,0.0,55951.38,2250.0,52706.43,52706.43,16210.62,16210.62,16210.62,0.0,22,0.0,22.0,2.0,Active,0,0
2216462,184362,-4,400985.91,450000,0.0,0.0,0.0,0.0,21780.225,22500.0,22500.0,390604.5,400985.91,400985.91,0.0,0,0.0,0.0,37.0,Active,0,0
2243487,399174,-7,225.0,90000,0.0,23316.75,0.0,23316.75,0.0,24075.0,24075.0,225.0,225.0,225.0,0.0,13,0.0,13.0,0.0,Active,0,0
1675661,193240,-5,428515.065,450000,0.0,0.0,0.0,0.0,23257.89,23400.0,23400.0,418357.485,428515.065,428515.065,0.0,0,0.0,0.0,37.0,Active,0,0
1152920,121820,-5,849309.165,900000,0.0,849442.32,0.0,849442.32,0.0,133.155,133.155,849309.165,849309.165,849309.165,0.0,75,0.0,75.0,6.0,Active,0,0
2820652,405591,-4,43561.755,270000,0.0,46129.5,0.0,46129.5,4256.73,30901.86,29085.795,43561.755,43561.755,43561.755,0.0,1,0.0,1.0,5.0,Active,0,0
1335663,367215,-5,335153.88,337500,22500.0,28059.75,0.0,5559.75,13182.48,15480.0,15480.0,316806.525,331368.975,331368.975,1.0,3,0.0,2.0,17.0,Active,0,0
2162364,390389,-1,369163.575,450000,0.0,450.0,0.0,450.0,22500.0,22500.0,22500.0,355408.785,368808.075,368808.075,0.0,1,0.0,1.0,39.0,Active,0,0
1985231,254608,-1,72339.39,450000,0.0,29418.48,0.0,29418.48,2945.475,4500.0,952.65,71617.545,72339.39,72339.39,0.0,24,0.0,24.0,13.0,Active,0,0
2159052,279629,-1,425446.65,450000,0.0,0.0,0.0,0.0,23143.455,23521.5,23521.5,415948.005,425446.65,425446.65,0.0,0,0.0,0.0,35.0,Active,0,0
2727066,250169,-4,244579.68,229500,0.0,0.0,0.0,0.0,12079.98,12150.0,12150.0,229350.96,243038.655,243038.655,0.0,0,0.0,0.0,10.0,Active,0,0
2726879,103731,-3,132462.36,180000,0.0,4644.45,0.0,4644.45,6053.265,6075.0,6075.0,121061.205,132205.185,132205.185,0.0,1,0.0,1.0,14.0,Active,0,0
2764353,234025,-6,13601.34,675000,0.0,17257.185,0.0,17257.185,0.0,16759.845,16534.845,13601.34,13601.34,13601.34,0.0,7,0.0,7.0,2.0,Active,0,0
2565542,211190,-5,158001.48,202500,0.0,0.0,0.0,0.0,8291.835,13500.0,13500.0,152337.105,158001.48,158001.48,0.0,0,0.0,0.0,17.0,Active,0,0
1100277,277081,-4,129109.14,135000,1350.0,1350.0,0.0,0.0,6875.64,7200.0,7200.0,124463.115,127763.64,127763.64,1.0,1,0.0,0.0,27.0,Active,0,0
2327261,401198,-1,234964.62,225000,0.0,0.0,0.0,0.0,11609.64,11700.0,11700.0,220492.35,233266.815,233266.815,0.0,0,0.0,0.0,19.0,Active,0,0
1012912,455296,-7,59283.9,225000,9000.0,9000.0,0.0,0.0,3334.815,4500.0,4500.0,57696.57,59283.9,59283.9,1.0,1,0.0,0.0,35.0,Active,0,0
1701999,342886,-3,192670.065,202500,0.0,15346.125,0.0,15346.125,9184.365,11250.0,11250.0,187783.785,192670.065,192670.065,0.0,1,0.0,1.0,94.0,Active,0,0
1332170,340827,-1,64322.415,450000,0.0,71114.895,0.0,71114.895,4257.225,63084.555,63084.555,64322.415,64322.415,64322.415,0.0,23,0.0,23.0,5.0,Active,0,0
1387314,381036,-4,61892.55,67500,0.0,0.0,0.0,0.0,3244.185,4500.0,4500.0,60383.655,61892.55,61892.55,0.0,0,0.0,0.0,81.0,Active,0,0
1489084,207482,-4,146687.445,225000,0.0,39060.0,0.0,39060.0,5481.675,4500.0,4500.0,139465.8,146687.445,146687.445,0.0,1,0.0,1.0,23.0,Active,7,7
1481750,155992,-5,454833.225,450000,0.0,0.0,0.0,0.0,22847.805,22950.0,22950.0,435954.285,451476.36,451476.36,0.0,0,0.0,0.0,39.0,Active,0,0
1830665,122986,-3,337589.415,427500,51750.0,54965.565,0.0,3215.565,15236.505,17550.0,17550.0,321517.935,332207.415,332207.415,4.0,7,0.0,3.0,21.0,Active,0,0
2028218,319472,-1,397313.73,675000,0.0,0.0,0.0,0.0,23808.51,45000.0,45000.0,386170.065,397313.73,397313.73,0.0,0,0.0,0.0,22.0,Active,0,0
2662505,378449,-4,207193.5,450000,0.0,0.0,0.0,0.0,10458.09,10575.0,10575.0,198587.16,205664.355,205664.355,0.0,0,0.0,0.0,39.0,Active,0,0
2386359,147939,-1,33966.585,135000,0.0,54050.13,0.0,54050.13,188.595,47737.17,47737.17,33966.585,33966.585,33966.585,0.0,33,0.0,33.0,3.0,Active,0,0
2700814,254711,-3,383677.74,360000,31500.0,34462.8,0.0,2962.8,14147.955,0.0,0.0,359058.015,376876.485,376876.485,3.0,4,0.0,1.0,16.0,Active,0,0
2559490,431383,-1,10045.125,337500,0.0,3983.04,0.0,3983.04,2250.0,13500.0,13500.0,9353.52,10045.125,10045.125,0.0,2,0.0,2.0,17.0,Active,0,0
2748780,177172,-3,475022.745,450000,8100.0,8100.0,0.0,0.0,14707.125,15750.0,15750.0,448492.77,470223.855,470223.855,1.0,1,0.0,0.0,26.0,Active,0,0
2424307,259943,-1,211727.025,337500,0.0,95693.895,0.0,95693.895,9783.135,22500.0,11588.49,211469.715,211727.025,211727.025,0.0,18,0.0,18.0,27.0,Active,0,0
2812788,434122,-7,474823.215,450000,0.0,0.0,0.0,0.0,23184.225,0.0,0.0,448049.565,474692.715,474692.715,0.0,0,0.0,0.0,28.0,Active,7,7
1557219,121110,-3,329436.27,495000,108000.0,119760.435,0.0,11760.435,13595.895,14400.0,14400.0,316824.345,324345.51,324345.51,4.0,8,0.0,4.0,17.0,Active,0,0
1931169,125374,-1,94215.195,90000,0.0,1611.225,0.0,1611.225,4627.44,4950.0,4950.0,89598.96,94890.195,94890.195,0.0,2,0.0,2.0,21.0,Active,0,0
1054686,104356,-3,235839.825,270000,0.0,4252.5,0.0,4252.5,11975.535,13500.0,13500.0,230263.29,235839.825,235839.825,0.0,1,0.0,1.0,42.0,Active,0,0
1717985,197316,-1,268285.59,270000,0.0,14579.145,0.0,14579.145,13415.895,35593.335,21924.63,264535.47,268285.59,268285.59,0.0,7,0.0,7.0,14.0,Active,0,0
2535186,175756,-1,23403.06,45000,0.0,0.0,0.0,0.0,3150.0,3150.0,3150.0,22428.45,23230.35,23230.35,0.0,0,0.0,0.0,43.0,Active,0,0
1746980,452834,-3,237282.975,450000,0.0,2444.85,0.0,2444.85,12744.0,26325.0,26325.0,231000.255,237282.975,237282.975,0.0,2,0.0,2.0,38.0,Active,0,0
2039144,173008,-1,398788.875,405000,15750.0,15750.0,0.0,0.0,21144.915,22500.0,22500.0,381364.965,395652.375,395652.375,2.0,2,0.0,0.0,16.0,Active,0,0
2630042,136875,-3,433516.095,450000,0.0,0.0,0.0,0.0,22118.49,27000.0,27000.0,415369.8,430317.72,430317.72,0.0,0,0.0,0.0,36.0,Active,0,0
2709962,275729,-1,245051.64,270000,0.0,6830.595,0.0,6830.595,12983.4,13500.0,13500.0,239498.325,245051.64,245051.64,0.0,4,0.0,4.0,33.0,Active,0,0
2805873,342210,-7,216716.4,765000,0.0,166342.5,0.0,166342.5,5049.54,22500.0,9432.81,216344.07,216716.4,216716.4,0.0,1,0.0,1.0,13.0,Active,0,0
1864745,289814,-7,236195.82,270000,0.0,0.0,0.0,0.0,13735.575,22500.0,22500.0,229711.23,236195.82,236195.82,0.0,0,0.0,0.0,29.0,Active,0,0
1798067,353213,-2,459086.58,450000,0.0,22684.455,0.0,22684.455,22148.685,22500.0,22500.0,448276.545,459086.58,459086.58,0.0,8,0.0,8.0,17.0,Active,0,0
2240996,331772,-6,563759.55,540000,0.0,8838.45,0.0,8838.45,27745.56,0.0,0.0,535849.56,559633.5,559633.5,0.0,1,0.0,1.0,28.0,Active,0,0
1393943,391675,-4,49696.515,157500,0.0,3150.0,0.0,3150.0,2878.155,0.0,0.0,47213.055,49332.96,49332.96,0.0,1,0.0,1.0,24.0,Active,0,0
2346223,315629,-7,318522.645,405000,0.0,0.0,0.0,0.0,17260.47,40500.0,40500.0,304709.535,316176.345,316176.345,0.0,0,0.0,0.0,35.0,Active,0,0
2347453,199687,-1,682960.995,675000,0.0,445482.0,0.0,445482.0,12103.155,13500.0,13500.0,674045.19,682960.995,682960.995,0.0,5,0.0,5.0,29.0,Active,0,0
2328055,116573,-4,192698.55,202500,0.0,14557.5,0.0,14557.5,14175.0,14850.0,14850.0,187405.29,192698.55,192698.55,0.0,3,0.0,3.0,38.0,Active,0,0
1794170,338262,-4,136832.4,450000,0.0,0.0,0.0,0.0,7132.185,9000.0,9000.0,133643.61,136832.4,136832.4,0.0,0,0.0,0.0,17.0,Active,0,0
2721036,382782,-4,369623.61,360000,0.0,0.0,0.0,0.0,18642.825,18990.0,18990.0,353683.125,366454.755,366454.755,0.0,0,0.0,0.0,19.0,Active,0,0
2565433,175832,-1,441835.38,450000,0.0,14901.795,0.0,14901.795,23097.105,27000.0,3875.58,435487.995,441835.38,441835.38,0.0,7,0.0,7.0,35.0,Active,0,0
1268505,418019,-1,209689.74,270000,0.0,0.0,0.0,0.0,12402.36,45157.995,45157.995,202889.43,209689.74,209689.74,0.0,0,0.0,0.0,16.0,Active,0,0
1490220,440919,-4,440459.415,427500,13500.0,21766.5,0.0,8266.5,21299.985,27000.0,27000.0,420766.2,439113.915,439113.915,1.0,2,0.0,1.0,42.0,Active,0,0
2284013,161104,-7,76494.51,225000,0.0,0.0,0.0,0.0,3935.475,4500.0,4500.0,74209.365,76494.51,76494.51,0.0,0,0.0,0.0,15.0,Active,0,0
2152590,419066,-1,75825.72,225000,45000.0,45000.0,0.0,0.0,3549.465,22500.0,19952.235,73455.57,74480.22,74480.22,1.0,1,0.0,0.0,18.0,Active,0,0
1577754,319560,-1,125024.67,157500,0.0,0.0,0.0,0.0,6328.485,6750.0,6750.0,119819.61,124102.08,124102.08,0.0,0,0.0,0.0,41.0,Active,0,0
2069469,219673,-5,179234.1,202500,0.0,0.0,0.0,0.0,9854.01,11250.0,11250.0,174580.02,179234.1,179234.1,0.0,0,0.0,0.0,26.0,Active,0,0
1306235,382456,-1,440082.135,450000,31500.0,31500.0,0.0,0.0,20952.63,22275.0,22275.0,428277.15,438736.635,438736.635,1.0,1,0.0,0.0,36.0,Active,0,0
1456096,259833,-6,119485.98,225000,0.0,0.0,0.0,0.0,6564.825,18000.0,18000.0,113296.77,118613.565,118613.565,0.0,0,0.0,0.0,27.0,Active,0,0
2567700,432889,-4,423090.27,450000,0.0,8938.26,0.0,8938.26,23208.705,46800.0,23773.14,416356.56,423090.27,423090.27,0.0,6,0.0,6.0,33.0,Active,0,0
1887363,422202,-4,102560.265,90000,0.0,805.68,0.0,805.68,4964.58,5175.0,5175.0,89584.29,101870.46,101870.46,0.0,1,0.0,1.0,19.0,Active,0,0
2407752,259919,-4,89970.975,247500,0.0,54000.0,0.0,54000.0,2250.0,9000.0,9000.0,87972.48,89293.59,89293.59,0.0,1,0.0,1.0,23.0,Active,0,0
1208270,213529,-3,133133.85,270000,3150.0,25587.18,0.0,22437.18,7327.08,44550.0,44550.0,127578.645,131788.35,131788.35,1.0,7,0.0,6.0,20.0,Active,0,0
1852991,174314,-6,429739.605,450000,0.0,0.0,0.0,0.0,22110.165,22500.0,22500.0,419356.98,430086.285,430086.285,0.0,0,0.0,0.0,83.0,Active,0,0
2000822,379461,-5,230164.245,247500,0.0,0.0,0.0,0.0,12722.85,0.0,0.0,218456.91,228482.1,228482.1,0.0,0,0.0,0.0,24.0,Active,0,0
2056814,257216,-7,248978.925,450000,0.0,0.0,0.0,0.0,12093.12,12937.5,21.915,245373.975,248978.925,248978.925,0.0,0,0.0,0.0,39.0,Active,0,0
2645013,313203,-3,448041.195,450000,0.0,80928.045,0.0,80928.045,18390.285,0.0,0.0,431899.83,448041.195,448041.195,0.0,16,0.0,16.0,36.0,Active,0,0
1519421,264397,-7,188995.77,450000,0.0,187749.0,0.0,187749.0,0.0,0.0,0.0,187745.04,187745.04,187745.04,0.0,8,0.0,8.0,23.0,Active,0,0
2032398,328213,-3,335445.39,427500,0.0,0.0,0.0,0.0,16966.125,17100.0,17100.0,322222.365,334774.89,334774.89,0.0,0,0.0,0.0,18.0,Active,0,0
2623194,379843,-5,328923.09,427500,0.0,22428.81,0.0,22428.81,19217.925,58500.0,39438.09,326867.58,328923.09,328923.09,0.0,9,0.0,9.0,40.0,Active,0,0
1667098,417687,-1,22447.395,450000,27000.0,30145.5,0.0,3145.5,0.0,4500.0,2250.0,22293.495,22447.395,22447.395,1.0,2,0.0,1.0,28.0,Active,0,0
2106188,313023,-1,33311.07,180000,0.0,0.0,0.0,0.0,2250.0,52680.15,52680.15,32391.135,32391.135,32391.135,0.0,0,0.0,0.0,9.0,Active,0,0
1008119,404942,-4,225575.28,225000,0.0,9278.325,0.0,9278.325,8300.61,9000.0,9000.0,213542.55,224002.44,224002.44,0.0,3,0.0,3.0,17.0,Active,0,0
2094987,131528,-7,275898.78,450000,45000.0,45000.0,0.0,0.0,9657.63,18000.0,18000.0,265152.96,274553.28,274553.28,1.0,1,0.0,0.0,22.0,Active,0,0
1785041,107619,-4,180927.45,450000,9000.0,13500.0,0.0,4500.0,8980.245,9000.0,9000.0,175104.765,179581.95,179581.95,1.0,2,0.0,1.0,23.0,Active,0,0
2707000,417537,-3,96663.735,90000,45000.0,45485.55,0.0,485.55,2486.16,2700.0,2700.0,87254.55,92496.735,92496.735,3.0,5,0.0,2.0,24.0,Active,0,0
2229790,202811,-3,137470.95,180000,126000.0,132042.465,0.0,6042.465,2327.13,46620.0,46620.0,131964.795,133434.45,133434.45,3.0,7,0.0,4.0,11.0,Active,0,0
1103328,172686,-1,164093.94,157500,0.0,4220.055,0.0,4220.055,8090.91,137.565,137.565,157446.495,163423.44,163423.44,0.0,5,0.0,5.0,19.0,Active,0,0
1102027,382654,-4,30048.12,135000,0.0,43513.65,0.0,43513.65,2250.0,13500.0,11250.0,30048.12,30048.12,30048.12,0.0,7,0.0,7.0,22.0,Active,0,0
2506494,323436,-6,135556.56,135000,1350.0,1350.0,0.0,0.0,6750.0,6750.0,0.0,132809.895,134436.06,134436.06,1.0,1,0.0,0.0,41.0,Active,0,0
2174524,447538,-4,49404.06,450000,0.0,0.0,0.0,0.0,3271.725,18000.0,18000.0,47434.41,49404.06,49404.06,0.0,0,0.0,0.0,14.0,Active,0,0
1897796,237731,-7,125074.395,270000,0.0,0.0,0.0,0.0,6760.26,13500.0,13500.0,121705.425,125074.395,125074.395,0.0,0,0.0,0.0,36.0,Active,0,0
1900023,430559,-1,6166.125,450000,0.0,0.0,0.0,0.0,2250.0,9603.0,9603.0,6119.01,6119.01,6119.01,0.0,0,0.0,0.0,5.0,Active,0,0
2745507,332670,-4,165230.955,157500,3150.0,4275.0,0.0,1125.0,8158.635,9000.0,9000.0,157396.455,163885.455,163885.455,1.0,3,0.0,2.0,38.0,Active,0,0
1159707,266731,-1,206062.875,405000,0.0,0.0,0.0,0.0,10525.5,13500.0,13500.0,197010.225,206062.875,206062.875,0.0,0,0.0,0.0,24.0,Active,0,0
1276761,209091,-3,112299.525,225000,4500.0,4500.0,0.0,0.0,5376.015,31500.0,31500.0,103020.165,110954.025,110954.025,1.0,1,0.0,0.0,25.0,Active,0,0
2356265,432618,-7,339773.985,382500,0.0,0.0,0.0,0.0,17035.245,0.0,0.0,322704.63,337289.175,337289.175,0.0,0,0.0,0.0,29.0,Active,0,0
1059035,293130,-3,432016.74,450000,0.0,0.0,0.0,0.0,23362.47,23400.0,23400.0,420449.265,432016.74,432016.74,0.0,0,0.0,0.0,32.0,Active,0,0
2754510,343921,-5,211274.82,270000,0.0,0.0,0.0,0.0,10825.425,13500.0,13500.0,189106.425,209818.71,209818.71,0.0,0,0.0,0.0,25.0,Active,0,0
1736160,238108,-5,463702.905,450000,0.0,0.0,0.0,0.0,22645.62,0.0,0.0,434045.25,460360.755,460360.755,0.0,0,0.0,0.0,27.0,Active,7,7
1121294,327746,-5,178752.555,180000,0.0,0.0,0.0,0.0,9178.695,9225.0,9225.0,174348.99,178752.555,178752.555,0.0,0,0.0,0.0,97.0,Active,0,0
2592863,441156,-7,137320.74,450000,0.0,6911.865,0.0,6911.865,6799.95,9000.0,9000.0,133911.0,137320.74,137320.74,0.0,5,0.0,5.0,24.0,Active,0,0
1689007,188986,-5,822907.125,765000,33750.0,33750.0,0.0,0.0,35206.47,77490.0,35332.29,756015.975,817525.125,817525.125,4.0,4,0.0,0.0,23.0,Active,0,0
1468782,193626,-3,255067.875,247500,23850.0,25425.0,0.0,1575.0,11745.045,15750.0,15750.0,244576.305,251352.27,251352.27,1.0,2,0.0,1.0,13.0,Active,0,0
1339948,405767,-1,160596.18,157500,0.0,0.0,0.0,0.0,8189.64,9000.0,9000.0,154792.665,160596.18,160596.18,0.0,0,0.0,0.0,38.0,Active,0,0
2471870,198640,-7,37075.815,450000,0.0,19728.0,0.0,19728.0,2250.0,4500.0,4500.0,36363.555,37075.815,37075.815,0.0,3,0.0,3.0,28.0,Active,0,0
2747921,278066,-7,58116.06,135000,0.0,10774.665,0.0,10774.665,2313.765,0.0,0.0,55529.28,57706.155,57706.155,0.0,5,0.0,5.0,12.0,Active,0,0
1613988,253513,-1,224029.215,225000,0.0,2345.49,0.0,2345.49,11494.35,13500.0,1902.96,220786.47,224029.215,224029.215,0.0,1,0.0,1.0,16.0,Active,0,0
2272725,363726,-5,389428.2,405000,22500.0,25001.505,0.0,2501.505,20335.05,20250.0,241.875,382162.14,388082.7,388082.7,1.0,2,0.0,1.0,17.0,Active,0,0
2644879,380820,-2,59714.055,450000,0.0,0.0,0.0,0.0,3169.44,6750.0,6750.0,56638.89,59277.915,59277.915,0.0,0,0.0,0.0,38.0,Active,0,0
1033569,322689,-5,196111.17,225000,0.0,0.0,0.0,0.0,10499.76,12600.0,2357.64,192247.425,196111.17,196111.17,0.0,0,0.0,0.0,24.0,Active,0,0
1718158,221250,-5,469993.14,450000,0.0,13144.5,0.0,13144.5,22156.38,22500.0,22500.0,447532.65,466547.13,466547.13,0.0,1,0.0,1.0,15.0,Active,0,0
2167380,229821,-4,266181.885,270000,0.0,0.0,0.0,0.0,12561.795,13950.0,134.1,262368.045,266181.885,266181.885,0.0,0,0.0,0.0,35.0,Active,0,0
2103472,305923,-1,387890.685,382500,8100.0,10049.715,0.0,1949.715,19125.0,19946.25,19946.25,375819.75,385649.685,385649.685,2.0,4,0.0,2.0,38.0,Active,0,0
2504515,201096,-1,387472.725,585000,22050.0,22050.0,0.0,0.0,15186.285,15300.0,15300.0,338576.22,374101.695,374101.695,8.0,8,0.0,0.0,25.0,Active,0,0
2149157,274068,-3,232917.165,225000,0.0,0.0,0.0,0.0,10595.97,0.0,0.0,216419.715,231120.225,231120.225,0.0,0,0.0,0.0,17.0,Active,0,0
2403583,443352,-6,423453.375,450000,0.0,0.0,0.0,0.0,21561.345,22500.0,22500.0,408726.54,423453.375,423453.375,0.0,0,0.0,0.0,29.0,Active,0,0
1390799,429851,-6,425959.74,450000,0.0,0.0,0.0,0.0,21902.625,22500.0,22500.0,415552.545,425959.74,425959.74,0.0,0,0.0,0.0,27.0,Active,0,0
1686536,297155,-5,622188.585,765000,0.0,2250.0,0.0,2250.0,30967.74,31050.0,31050.0,590554.8,617065.29,617065.29,0.0,1,0.0,1.0,17.0,Active,0,0
2371201,224291,-5,298985.67,765000,0.0,8574.615,0.0,8574.615,16990.11,63145.395,63145.395,288930.42,298315.17,298315.17,0.0,5,0.0,5.0,18.0,Active,0,0
2356302,454299,-3,77955.75,540000,0.0,0.0,0.0,0.0,5949.585,45000.0,45000.0,73991.25,77255.505,77255.505,0.0,0,0.0,0.0,27.0,Active,0,0
1267965,159865,-7,46733.895,720000,11250.0,13991.085,0.0,2741.085,37495.305,553500.0,532497.015,42550.335,44042.895,44042.895,3.0,5,0.0,2.0,13.0,Active,0,0
2144725,442187,-6,104843.925,450000,0.0,45298.17,0.0,45298.17,0.0,0.0,0.0,103589.145,103589.145,103589.145,0.0,8,0.0,8.0,11.0,Active,0,0
1088150,110429,-5,464305.095,450000,900.0,900.0,0.0,0.0,23291.91,23400.0,23400.0,443338.065,459545.895,459545.895,1.0,1,0.0,0.0,26.0,Active,0,0
1645493,108665,-5,146494.845,225000,0.0,11475.0,0.0,11475.0,11250.0,18000.0,18000.0,142837.335,146494.845,146494.845,0.0,1,0.0,1.0,42.0,Active,0,0
2211193,241398,-5,4021.83,202500,0.0,4654.98,0.0,4654.98,0.0,8508.15,8283.15,4021.83,4021.83,4021.83,0.0,1,0.0,1.0,0.0,Active,0,0
1531291,113213,-3,431678.655,450000,0.0,5863.5,0.0,5863.5,22557.735,45450.0,23356.71,425229.12,431678.655,431678.655,0.0,1,0.0,1.0,27.0,Active,0,0
2356683,333424,-1,113784.84,450000,0.0,0.0,0.0,0.0,6436.665,9000.0,9000.0,110733.075,113784.84,113784.84,0.0,0,0.0,0.0,29.0,Active,0,0
1137652,383378,-4,193662.225,270000,11250.0,11250.0,0.0,0.0,6688.62,6750.0,6750.0,179802.63,189625.725,189625.725,3.0,3,0.0,0.0,21.0,Active,0,0
1373200,133053,-6,463383.765,450000,0.0,14526.45,0.0,14526.45,22871.79,24750.0,24750.0,447212.655,463383.765,463383.765,0.0,4,0.0,4.0,37.0,Active,0,0
1823951,353442,-5,136658.475,225000,0.0,0.0,0.0,0.0,15750.0,18000.0,2250.0,134149.995,136658.475,136658.475,0.0,0,0.0,0.0,64.0,Active,0,0
1328523,119558,-4,129663.36,135000,0.0,7697.25,0.0,7697.25,6444.855,16400.88,16400.88,123789.105,128098.935,128098.935,0.0,1,0.0,1.0,19.0,Active,0,0
1338659,305460,-6,5542.65,45000,0.0,5542.65,0.0,5542.65,0.0,,0.0,5542.65,5542.65,5542.65,0.0,5,0.0,5.0,0.0,Active,0,0
1636084,155718,-7,645.3,315000,0.0,48350.7,0.0,48350.7,0.0,47475.0,47475.0,640.35,640.35,640.35,0.0,3,0.0,3.0,21.0,Active,0,0
1077796,305736,-4,260082.135,270000,13500.0,13500.0,0.0,0.0,12633.255,13500.0,13500.0,252665.37,260082.135,260082.135,1.0,1,0.0,0.0,90.0,Active,0,0
2085717,306256,-5,16388.64,315000,0.0,63283.995,0.0,63283.995,0.0,104495.355,104495.355,16388.64,16388.64,16388.64,0.0,32,0.0,32.0,14.0,Active,0,0
1299140,151865,-5,163424.205,180000,0.0,0.0,0.0,0.0,12600.0,13500.0,13500.0,159215.67,163424.205,163424.205,0.0,0,0.0,0.0,64.0,Active,0,0
2200463,258259,-7,43167.915,45000,0.0,45990.225,0.0,45990.225,225.0,48047.31,48047.31,43167.915,43167.915,43167.915,0.0,18,0.0,18.0,2.0,Active,0,0
1389209,374474,-5,10978.74,135000,0.0,13275.0,0.0,13275.0,3663.405,4510.485,4510.485,10978.74,10978.74,10978.74,0.0,3,0.0,3.0,1.0,Active,0,0
1333374,420270,-1,77975.91,135000,0.0,80009.055,0.0,80009.055,2250.0,45864.315,45864.315,77305.41,77305.41,77305.41,0.0,19,0.0,19.0,6.0,Active,0,0
2466737,166805,-1,103127.22,450000,0.0,0.0,0.0,0.0,6369.12,6750.0,1336.185,101525.895,103127.22,103127.22,0.0,0,0.0,0.0,35.0,Active,0,0
2565496,382147,-7,424335.735,450000,0.0,0.0,0.0,0.0,22220.37,22500.0,572.355,416053.305,424335.735,424335.735,0.0,0,0.0,0.0,16.0,Active,0,0
2180554,270487,-1,43623.18,135000,0.0,0.0,0.0,0.0,2350.35,4500.0,4500.0,42506.865,43623.18,43623.18,0.0,0,0.0,0.0,24.0,Active,0,0
2764797,312809,-2,349105.86,495000,0.0,0.0,0.0,0.0,23227.965,136079.46,113102.1,347047.2,349105.86,349105.86,0.0,0,0.0,0.0,19.0,Active,0,0
1082424,278693,-4,1476.315,90000,0.0,1479.6,0.0,1479.6,225.0,228.285,228.285,1476.315,1476.315,1476.315,0.0,3,0.0,3.0,5.0,Active,0,0
2546844,141274,-2,120662.64,247500,0.0,0.0,0.0,0.0,7618.545,18000.0,18000.0,116371.17,120662.64,120662.64,0.0,0,0.0,0.0,16.0,Active,0,0
2841868,215236,-4,267037.695,450000,0.0,0.0,0.0,0.0,14814.585,14625.0,25.335,262743.705,267037.695,267037.695,0.0,0,0.0,0.0,21.0,Active,0,0
1944508,117480,-7,0.0,0,0.0,0.0,0.0,0.0,0.0,7110.09,0.0,0.0,0.0,0.0,0.0,0,0.0,0.0,19.0,Active,0,0
1642055,201985,-1,0.0,0,,0.0,,,0.0,,0.0,0.0,0.0,0.0,,0,,,0.0,Completed,0,0
1895174,297585,-4,0.0,157500,0.0,0.0,0.0,0.0,2250.0,29033.955,27299.745,0.0,0.0,0.0,0.0,0,0.0,0.0,11.0,Active,0,0
1439326,146386,-6,0.0,0,0.0,0.0,0.0,0.0,0.0,0.0,0.0,0.0,0.0,0.0,0.0,0,0.0,0.0,2.0,Active,0,0
2562340,236677,-4,94711.5,270000,90000.0,90000.0,0.0,0.0,0.0,,0.0,90000.0,90000.0,90000.0,3.0,3,0.0,0.0,0.0,Active,0,0
2235465,112731,-5,234822.645,270000,0.0,0.0,0.0,0.0,16200.0,22500.0,22500.0,225412.56,234822.645,234822.645,0.0,0,0.0,0.0,102.0,Active,0,0
2004153,308385,-1,0.0,180000,,0.0,,,0.0,,0.0,0.0,0.0,0.0,,0,,,0.0,Active,0,0
2320538,104980,-4,0.0,0,0.0,0.0,0.0,0.0,0.0,199.98,199.98,0.0,0.0,0.0,0.0,0,0.0,0.0,2.0,Active,0,0
1949010,286539,-2,0.0,45000,,0.0,,,0.0,,0.0,0.0,0.0,0.0,,0,,,0.0,Active,0,0
1249700,165868,-7,45555.39,45000,0.0,10626.705,0.0,10626.705,2317.725,13500.0,13500.0,43480.89,44550.09,44550.09,0.0,9,0.0,9.0,4.0,Active,0,0
2635821,338530,-7,61727.13,67500,0.0,0.0,0.0,0.0,3375.0,3375.0,3375.0,59195.79,61744.14,61744.14,0.0,0,0.0,0.0,87.0,Active,0,0
1158674,376320,-7,0.0,585000,0.0,0.0,0.0,0.0,2250.0,71358.525,69108.525,0.0,0.0,0.0,0.0,0,0.0,0.0,18.0,Active,0,0
2425090,453036,-5,425392.56,427500,8550.0,8550.0,0.0,0.0,22058.01,22500.0,430.965,418880.7,425392.56,425392.56,1.0,1,0.0,0.0,34.0,Active,0,0
2475921,205032,-3,0.0,45000,0.0,0.0,0.0,0.0,0.0,960.03,0.0,0.0,0.0,0.0,0.0,0,0.0,0.0,37.0,Active,0,0
1413728,309125,-6,0.0,90000,,0.0,,,0.0,,0.0,0.0,0.0,0.0,,0,,,0.0,Active,0,0
2638266,449543,-6,0.0,225000,,0.0,,,0.0,,0.0,0.0,0.0,0.0,,0,,,0.0,Active,0,0
2155865,344228,-5,0.0,135000,0.0,27003.645,0.0,0.0,0.0,27003.645,27003.645,0.0,0.0,0.0,0.0,0,0.0,0.0,72.0,Completed,0,0
1409968,232927,-3,0.0,45000,0.0,0.0,0.0,0.0,0.0,213.705,0.0,0.0,0.0,0.0,0.0,0,0.0,0.0,31.0,Active,0,0
1305228,391417,-3,0.0,135000,,0.0,,,0.0,,0.0,0.0,0.0,0.0,,0,,,0.0,Active,0,0
2211917,419633,-2,0.0,0,,0.0,,,0.0,,0.0,0.0,0.0,0.0,,0,,,0.0,Completed,0,0
1411144,249780,-4,0.0,0,,0.0,,,0.0,,0.0,0.0,0.0,0.0,,0,,,0.0,Active,0,0
1726931,150587,-1,0.0,0,0.0,0.0,0.0,0.0,0.0,808.965,0.0,0.0,0.0,0.0,0.0,0,0.0,0.0,14.0,Active,0,0
1951596,333378,-7,0.0,270000,,0.0,,,0.0,,0.0,0.0,0.0,0.0,,0,,,0.0,Active,0,0
1085506,186863,-4,0.0,315000,,0.0,,,0.0,,0.0,0.0,0.0,0.0,,0,,,0.0,Active,0,0
2148019,163507,-4,0.0,45000,,0.0,,,0.0,,0.0,0.0,0.0,0.0,,0,,,0.0,Active,0,0
1496921,124725,-3,0.0,45000,0.0,0.0,0.0,0.0,0.0,500.76,0.0,0.0,0.0,0.0,0.0,0,0.0,0.0,24.0,Active,0,0
2706852,228737,-7,24100.335,585000,0.0,0.0,0.0,0.0,2250.0,0.0,0.0,22262.175,23429.835,23429.835,0.0,0,0.0,0.0,10.0,Active,0,0
1420731,374991,-4,0.0,90000,,0.0,,,0.0,,0.0,0.0,0.0,0.0,,0,,,0.0,Completed,0,0
2385710,356493,-2,0.0,270000,0.0,0.0,0.0,0.0,12508.065,253838.835,253838.835,0.0,0.0,0.0,0.0,0,0.0,0.0,6.0,Active,0,0
1492993,129611,-6,0.0,45000,,0.0,,,0.0,,0.0,0.0,0.0,0.0,,0,,,0.0,Active,0,0
1102101,302428,-2,0.0,0,0.0,0.0,0.0,0.0,0.0,0.0,0.0,0.0,0.0,0.0,0.0,0,0.0,0.0,29.0,Active,0,0
2468897,362491,-4,83311.92,180000,90000.0,90000.0,0.0,0.0,0.0,14202.855,13500.0,75797.145,82169.64,82169.64,1.0,1,0.0,0.0,106.0,Active,0,0
2150214,101827,-6,0.0,135000,,0.0,,,0.0,,0.0,0.0,0.0,0.0,,0,,,0.0,Active,0,0
1143709,351326,-6,0.0,765000,,0.0,,,0.0,,0.0,0.0,0.0,0.0,,0,,,0.0,Active,0,0
1874758,430771,-3,0.0,0,0.0,0.0,0.0,0.0,0.0,1221.255,1221.255,0.0,0.0,0.0,0.0,0,0.0,0.0,7.0,Active,0,0
1789170,421933,-4,0.0,0,,0.0,,,0.0,,0.0,0.0,0.0,0.0,,0,,,0.0,Completed,0,0
2454007,207435,-2,0.0,45000,,0.0,,,0.0,,0.0,0.0,0.0,0.0,,0,,,0.0,Active,0,0
2841754,400856,-6,374762.745,450000,0.0,30762.0,0.0,30762.0,17952.255,27000.0,27000.0,362807.055,374762.745,374762.745,0.0,1,0.0,1.0,29.0,Active,0,0
1421704,353228,-5,0.0,225000,0.0,0.0,0.0,0.0,446.22,0.0,0.0,0.0,0.0,0.0,0.0,0,0.0,0.0,2.0,Completed,0,0
1721747,396381,-3,0.0,0,0.0,0.0,0.0,0.0,0.0,0.0,0.0,0.0,0.0,0.0,0.0,0,0.0,0.0,47.0,Completed,0,0
2697696,356593,-1,905737.905,900000,13500.0,13500.0,0.0,0.0,45893.97,45900.0,45900.0,885479.13,904392.405,904392.405,1.0,1,0.0,0.0,11.0,Active,0,0
1064892,227716,-4,194679.9,225000,0.0,2793.15,0.0,2793.15,10396.935,24649.56,24649.56,186082.425,192671.055,192671.055,0.0,1,0.0,1.0,5.0,Active,0,0
2366463,368517,-4,250701.975,247500,2250.0,2250.0,0.0,0.0,12707.415,13500.0,13500.0,242897.85,249356.475,249356.475,1.0,1,0.0,0.0,37.0,Active,0,0
2357905,300612,-7,0.0,0,0.0,0.0,0.0,0.0,0.0,368.055,0.0,0.0,0.0,0.0,0.0,0,0.0,0.0,26.0,Active,0,0
1721656,317079,-6,0.0,45000,0.0,0.0,0.0,0.0,0.0,7.965,0.0,0.0,0.0,0.0,0.0,0,0.0,0.0,8.0,Active,0,0
2379484,200362,-4,448375.95,450000,0.0,0.0,0.0,0.0,23158.26,23400.0,23400.0,439765.335,448375.95,448375.95,0.0,0,0.0,0.0,34.0,Active,0,0
1117307,232896,-3,217701.765,270000,0.0,4545.0,0.0,4545.0,11069.28,13500.0,13500.0,212430.24,217701.765,217701.765,0.0,1,0.0,1.0,26.0,Active,0,0
2127852,439188,-5,0.0,0,0.0,0.0,0.0,0.0,0.0,0.0,0.0,0.0,0.0,0.0,0.0,0,0.0,0.0,14.0,Completed,0,0
2841767,201393,-7,334731.42,360000,0.0,810.0,0.0,810.0,18113.67,18441.18,18441.18,320005.395,334731.42,334731.42,0.0,1,0.0,1.0,29.0,Active,0,0
1783008,102219,-4,70755.615,135000,0.0,36166.5,0.0,36166.5,2250.0,4500.0,4500.0,69069.645,70085.115,70085.115,0.0,1,0.0,1.0,5.0,Active,0,0
2726954,320898,-5,0.0,0,0.0,0.0,0.0,0.0,0.0,71.775,0.0,0.0,0.0,0.0,0.0,0,0.0,0.0,61.0,Active,0,0
1901616,387865,-1,0.0,450000,0.0,0.0,0.0,0.0,0.0,0.0,0.0,0.0,0.0,0.0,0.0,0,0.0,0.0,21.0,Completed,0,0
1465641,346101,-3,185919.57,180000,0.0,6733.35,0.0,6733.35,9000.18,9545.49,9545.49,179984.16,185249.07,185249.07,0.0,11,0.0,11.0,3.0,Active,0,0
2174648,419149,-7,0.0,0,0.0,0.0,0.0,0.0,0.0,0.0,0.0,0.0,0.0,0.0,0.0,0,0.0,0.0,28.0,Completed,0,0
1183263,341494,-1,457957.98,450000,0.0,8076.015,0.0,8076.015,22693.32,22950.0,22950.0,438992.235,454577.76,454577.76,0.0,1,0.0,1.0,29.0,Active,0,0
1610576,281439,-6,0.0,45000,,0.0,,,0.0,,0.0,0.0,0.0,0.0,,0,,,0.0,Active,0,0
2044325,238540,-7,0.0,450000,0.0,0.0,0.0,0.0,0.0,1.53,1.53,0.0,0.0,0.0,0.0,0,0.0,0.0,27.0,Active,0,0
2166672,133244,-5,259374.6,270000,0.0,9721.665,0.0,9721.665,13866.615,18000.0,4530.105,256069.305,259374.6,259374.6,0.0,6,0.0,6.0,4.0,Active,0,0
2777670,439047,-7,271442.43,270000,0.0,0.0,0.0,0.0,13945.455,13950.0,13950.0,264959.01,271442.43,271442.43,0.0,0,0.0,0.0,39.0,Active,0,0
2835858,241025,-1,231429.915,270000,0.0,0.0,0.0,0.0,13500.0,13500.0,13500.0,224776.89,231429.915,231429.915,0.0,0,0.0,0.0,40.0,Active,0,0
2343779,420019,-5,46432.17,450000,0.0,17078.85,0.0,17078.85,2291.76,18000.0,18000.0,44913.825,46432.17,46432.17,0.0,14,0.0,14.0,36.0,Active,0,0
1209013,102415,-7,209110.815,202500,0.0,0.0,0.0,0.0,12150.0,12150.0,12150.0,200218.86,209110.815,209110.815,0.0,0,0.0,0.0,71.0,Active,0,0
2562722,352234,-3,179601.975,180000,0.0,0.0,0.0,0.0,9000.0,9000.0,9000.0,174007.98,179601.975,179601.975,0.0,0,0.0,0.0,93.0,Active,0,0
2652787,130045,-7,114162.48,450000,0.0,0.0,0.0,0.0,5918.445,9000.0,9000.0,109369.26,113320.305,113320.305,0.0,0,0.0,0.0,23.0,Active,0,0
1743320,241284,-7,0.0,292500,,0.0,,,0.0,,0.0,0.0,0.0,0.0,,0,,,0.0,Active,0,0
1873797,126553,-6,0.0,180000,0.0,0.0,0.0,0.0,0.0,0.0,0.0,0.0,0.0,0.0,0.0,0,0.0,0.0,55.0,Completed,0,0
2769915,305545,-5,0.0,900000,,0.0,,,0.0,,0.0,0.0,0.0,0.0,,0,,,0.0,Active,0,0
1421143,127259,-7,40228.605,202500,0.0,44878.32,0.0,44878.32,225.0,45374.715,45374.715,40228.605,40228.605,40228.605,0.0,39,0.0,39.0,11.0,Active,0,0
2543475,454321,-7,0.0,0,,0.0,,,0.0,,0.0,0.0,0.0,0.0,,0,,,0.0,Active,0,0
2769884,202648,-5,0.0,90000,,0.0,,,0.0,,0.0,0.0,0.0,0.0,,0,,,0.0,Completed,0,0
2271748,287795,-3,248134.725,765000,0.0,255716.37,0.0,255716.37,5266.215,255793.545,255793.545,247464.225,247464.225,247464.225,0.0,33,0.0,33.0,17.0,Active,0,0
2379209,299066,-5,0.0,0,,0.0,,,0.0,,0.0,0.0,0.0,0.0,,0,,,0.0,Completed,0,0
1011095,343074,-5,375190.335,765000,67500.0,76303.62,0.0,8803.62,14910.705,16471.395,16471.395,356194.44,368055.63,368055.63,2.0,6,0.0,4.0,7.0,Active,0,0
1570214,173127,-7,0.0,0,0.0,0.0,0.0,0.0,0.0,0.0,0.0,0.0,0.0,0.0,0.0,0,0.0,0.0,85.0,Completed,0,0
2246624,419217,-4,323291.475,900000,0.0,68125.725,0.0,68125.725,14653.575,22500.0,22500.0,316197.27,323291.475,323291.475,0.0,7,0.0,7.0,7.0,Active,0,0
1301288,424174,-3,0.0,45000,,0.0,,,0.0,,0.0,0.0,0.0,0.0,,0,,,0.0,Active,0,0
1230152,228304,-2,280127.61,450000,0.0,87237.0,0.0,87237.0,10083.915,13500.0,13500.0,275415.075,280127.61,280127.61,0.0,3,0.0,3.0,33.0,Active,0,0
1625296,181509,-1,241184.7,450000,0.0,4499.73,0.0,4499.73,12308.535,18000.0,18000.0,232670.52,241184.7,241184.7,0.0,1,0.0,1.0,29.0,Active,0,0
2322644,231745,-5,76374.765,225000,0.0,4909.5,0.0,4909.5,3939.48,9000.0,9000.0,74699.28,76374.765,76374.765,0.0,2,0.0,2.0,3.0,Active,0,0
1541340,252603,-7,629990.91,900000,0.0,0.0,0.0,0.0,46728.54,45000.0,9441.315,621173.88,629990.91,629990.91,0.0,0,0.0,0.0,6.0,Active,0,0
2533201,263339,-6,346470.795,337500,0.0,2134.575,0.0,2134.575,17760.645,18018.495,18018.495,335615.895,345350.295,345350.295,0.0,3,0.0,3.0,4.0,Active,0,0
1132280,417747,-1,284614.11,765000,0.0,0.0,0.0,0.0,15050.34,22500.0,22500.0,278507.07,284614.11,284614.11,0.0,0,0.0,0.0,10.0,Active,0,0
2090545,184133,-6,0.0,45000,,0.0,,,0.0,,0.0,0.0,0.0,0.0,,0,,,0.0,Active,0,0
1701329,438040,-5,0.0,90000,0.0,0.0,0.0,0.0,4788.495,95479.83,93375.99,0.0,0.0,0.0,0.0,0,0.0,0.0,8.0,Active,0,0
1794287,381275,-5,147907.89,135000,900.0,1516.5,0.0,616.5,7270.965,7513.38,7513.38,134047.665,144639.45,144639.45,1.0,2,0.0,1.0,9.0,Active,0,0
1692528,172289,-1,231965.19,225000,24750.0,30240.0,0.0,5490.0,9747.45,9900.0,9900.0,213808.5,222634.44,222634.44,6.0,8,0.0,2.0,10.0,Active,0,0
2140912,310216,-1,0.0,0,0.0,0.0,0.0,0.0,0.0,0.0,0.0,0.0,0.0,0.0,0.0,0,0.0,0.0,1.0,Completed,0,0
1364832,266281,-3,85702.77,225000,0.0,22711.275,0.0,22711.275,2853.18,4500.0,4500.0,83352.465,85060.935,85060.935,0.0,8,0.0,8.0,5.0,Active,0,0
2556187,152306,-1,0.0,270000,0.0,0.0,0.0,0.0,0.0,0.0,0.0,0.0,0.0,0.0,0.0,0,0.0,0.0,46.0,Completed,0,0
2436899,314366,-7,196831.17,225000,45000.0,45000.0,0.0,0.0,7705.485,7875.0,7875.0,191234.655,195260.67,195260.67,1.0,1,0.0,0.0,4.0,Active,0,0
2759878,407558,-7,0.0,450000,,0.0,,,0.0,,0.0,0.0,0.0,0.0,,0,,,0.0,Active,0,0
1610742,102217,-5,325828.98,315000,13500.0,13500.0,0.0,0.0,15852.105,18000.0,18000.0,312542.37,324258.48,324258.48,1.0,1,0.0,0.0,3.0,Active,0,0
2754613,337064,-5,0.0,180000,,0.0,,,0.0,,0.0,0.0,0.0,0.0,,0,,,0.0,Active,0,0
1711181,452802,-7,0.0,450000,0.0,26998.155,0.0,26998.155,9898.155,225000.0,225000.0,0.0,0.0,0.0,0.0,1,0.0,1.0,77.0,Active,0,0
2504591,371084,-6,180056.16,225000,0.0,39720.87,0.0,39720.87,9091.485,22689.405,22689.405,176361.345,180056.16,180056.16,0.0,8,0.0,8.0,7.0,Active,0,0
1947055,209234,-7,0.0,45000,0.0,0.0,0.0,0.0,0.0,1.755,0.0,0.0,0.0,0.0,0.0,0,0.0,0.0,80.0,Active,0,0
2062093,134549,-7,0.0,765000,0.0,0.0,0.0,0.0,0.0,660.33,660.33,0.0,0.0,0.0,0.0,0,0.0,0.0,2.0,Active,0,0
1899987,315067,-7,93754.8,135000,9000.0,21339.9,0.0,12339.9,3815.73,5754.465,740.61,92165.625,93184.47,93184.47,1.0,7,0.0,6.0,7.0,Active,0,0
1363163,303142,-7,266780.115,675000,0.0,0.0,0.0,0.0,13391.19,0.0,0.0,254323.935,264151.305,264151.305,0.0,0,0.0,0.0,10.0,Active,0,0
2303441,245920,-4,0.0,90000,,0.0,,,0.0,,0.0,0.0,0.0,0.0,,0,,,0.0,Active,0,0
2161992,421668,-1,0.0,135000,,0.0,,,0.0,130.5,130.5,0.0,0.0,0.0,,0,,,0.0,Active,0,0
1384728,287061,-3,0.0,0,0.0,0.0,0.0,0.0,0.0,381.465,381.465,0.0,0.0,0.0,0.0,0,0.0,0.0,11.0,Active,0,0
2007838,271933,-7,0.0,450000,,0.0,,,0.0,,0.0,0.0,0.0,0.0,,0,,,0.0,Active,0,0
2349596,212958,-7,178056.315,225000,0.0,0.0,0.0,0.0,9829.215,11280.105,11280.105,174053.925,178056.315,178056.315,0.0,0,0.0,0.0,8.0,Active,0,0
1691680,378279,-5,170968.365,180000,0.0,2362.05,0.0,2362.05,9188.37,9450.0,9450.0,167229.27,170968.365,170968.365,0.0,2,0.0,2.0,4.0,Active,0,0
1903481,244956,-5,0.0,0,0.0,0.0,0.0,0.0,0.0,38.385,38.385,0.0,0.0,0.0,0.0,0,0.0,0.0,13.0,Active,0,0
2761258,218756,-6,0.0,0,0.0,0.0,0.0,0.0,0.0,150.525,0.0,0.0,0.0,0.0,0.0,0,0.0,0.0,42.0,Active,0,0
2777658,278692,-1,134688.24,135000,0.0,13394.565,0.0,13394.565,5787.045,6750.0,6750.0,125675.055,133815.015,133815.015,0.0,8,0.0,8.0,6.0,Active,0,0
1993914,199057,-6,79.695,180000,0.0,0.0,0.0,0.0,2250.0,44100.0,41850.0,0.0,0.0,0.0,0.0,0,0.0,0.0,20.0,Active,0,0
1518284,145672,-5,0.0,45000,0.0,0.0,0.0,0.0,2250.0,177.12,4.275,0.0,0.0,0.0,0.0,0,0.0,0.0,10.0,Active,0,0
2721448,360464,-1,940575.195,900000,0.0,18630.0,0.0,18630.0,46356.75,0.0,0.0,898514.91,933656.625,933656.625,0.0,11,0.0,11.0,8.0,Active,0,0
1364582,145648,-5,0.0,450000,,0.0,,,0.0,,0.0,0.0,0.0,0.0,,0,,,0.0,Active,0,0
2166585,446676,-6,0.0,360000,,0.0,,,0.0,,0.0,0.0,0.0,0.0,,0,,,0.0,Active,0,0
1500541,438914,-5,128044.485,135000,0.0,0.0,0.0,0.0,6530.445,6975.0,6975.0,121722.12,127336.725,127336.725,0.0,0,0.0,0.0,5.0,Active,0,0
2507812,322828,-1,0.0,45000,0.0,0.0,0.0,0.0,0.0,3114.72,0.0,0.0,0.0,0.0,0.0,0,0.0,0.0,66.0,Active,0,0
2765958,409326,-3,236813.58,247500,0.0,10044.9,0.0,10044.9,12441.96,13667.13,13667.13,231716.88,236813.58,236813.58,0.0,15,0.0,15.0,18.0,Active,0,0
2221593,143013,-6,128046.42,225000,0.0,8538.75,0.0,8538.75,8033.58,22500.0,22500.0,124210.62,128046.42,128046.42,0.0,4,0.0,4.0,10.0,Active,0,0
2415504,170126,-4,0.0,180000,,0.0,,,0.0,,0.0,0.0,0.0,0.0,,0,,,0.0,Active,0,0
1029521,371349,-1,0.0,45000,0.0,0.0,0.0,0.0,0.0,91.935,0.0,0.0,0.0,0.0,0.0,0,0.0,0.0,25.0,Active,0,0
2356308,312568,-6,0.0,45000,0.0,0.0,0.0,0.0,0.0,363.33,0.0,0.0,0.0,0.0,0.0,0,0.0,0.0,3.0,Active,0,0
1360202,305539,-3,135169.83,135000,0.0,0.0,0.0,0.0,6978.96,7200.0,7200.0,129509.955,135264.33,135264.33,0.0,0,0.0,0.0,14.0,Active,0,0
2205298,272938,-6,777206.79,765000,0.0,33011.865,0.0,33011.865,37402.605,37800.0,37800.0,743264.1,770832.405,770832.405,0.0,13,0.0,13.0,11.0,Active,0,0
2039143,451004,-3,0.0,0,0.0,0.0,0.0,0.0,0.0,0.225,0.225,0.0,0.0,0.0,0.0,0,0.0,0.0,3.0,Active,0,0
2726640,427737,-2,130680.495,135000,0.0,6249.15,0.0,6249.15,6429.195,6795.0,6795.0,128038.275,130680.495,130680.495,0.0,6,0.0,6.0,9.0,Active,0,0
2789902,175959,-7,0.0,450000,0.0,0.0,0.0,0.0,0.0,696.24,696.24,0.0,0.0,0.0,0.0,0,0.0,0.0,1.0,Active,0,0
1213400,141958,-7,0.0,315000,,0.0,,,0.0,,0.0,0.0,0.0,0.0,,0,,,0.0,Active,0,0
2596234,375907,-1,120933.09,180000,2250.0,84145.5,0.0,81895.5,3661.245,40500.0,40500.0,116870.04,119587.59,119587.59,1.0,11,0.0,10.0,14.0,Active,0,0
2085263,264350,-7,217996.155,450000,0.0,8834.535,0.0,8834.535,6480.675,42750.0,30086.55,217268.775,217996.155,217996.155,0.0,1,0.0,1.0,11.0,Active,0,0
1820174,244177,-3,330259.95,337500,94500.0,108225.0,0.0,13725.0,12397.5,22500.0,22500.0,311175.405,317695.95,317695.95,8.0,9,0.0,1.0,8.0,Active,0,0
1160555,299011,-5,0.0,900000,,0.0,,,0.0,,0.0,0.0,0.0,0.0,,0,,,0.0,Completed,0,0
2700683,325335,-2,0.0,0,0.0,0.0,0.0,0.0,0.0,2062.08,2062.08,0.0,0.0,0.0,0.0,0,0.0,0.0,5.0,Active,0,0
1592014,195187,-7,0.0,360000,0.0,7317.765,0.0,7317.765,2250.0,36000.0,36000.0,0.0,0.0,0.0,0.0,9,0.0,9.0,11.0,Active,0,0
2405053,305798,-5,110816.685,135000,0.0,0.0,0.0,0.0,5999.985,6750.0,944.055,109369.17,110816.685,110816.685,0.0,0,0.0,0.0,7.0,Active,0,0
2102745,255772,-6,0.0,135000,,0.0,,,0.0,,0.0,0.0,0.0,0.0,,0,,,0.0,Active,0,0
1644624,253177,-6,0.0,135000,0.0,0.0,0.0,0.0,0.0,2329.155,2329.155,0.0,0.0,0.0,0.0,0,0.0,0.0,2.0,Active,0,0
2769555,379102,-7,0.0,135000,0.0,0.0,0.0,0.0,0.0,52.245,52.245,0.0,0.0,0.0,0.0,0,0.0,0.0,7.0,Active,0,0
2126338,315669,-4,50127.975,180000,0.0,0.0,0.0,0.0,2871.765,9000.0,9000.0,48435.21,49997.475,49997.475,0.0,0,0.0,0.0,3.0,Active,0,0
1103424,185730,-5,103215.06,135000,0.0,88132.5,0.0,88132.5,245.295,2700.0,450.0,103215.06,103215.06,103215.06,0.0,7,0.0,7.0,4.0,Active,0,0
2179161,347252,-3,62705.25,157500,0.0,79280.91,0.0,79280.91,2250.0,17486.415,17486.415,62705.25,62705.25,62705.25,0.0,13,0.0,13.0,9.0,Active,0,0
2085915,420219,-6,130929.435,292500,0.0,5400.0,0.0,5400.0,7476.66,13500.0,13500.0,127932.93,130929.435,130929.435,0.0,1,0.0,1.0,3.0,Active,0,0
1354540,230430,-5,0.0,0,0.0,0.0,0.0,0.0,0.0,0.0,0.0,0.0,0.0,0.0,0.0,0,0.0,0.0,2.0,Active,0,0
1840566,379299,-2,235679.805,225000,2250.0,3384.45,0.0,1134.45,11619.765,12150.0,12150.0,224648.64,232491.33,232491.33,1.0,3,0.0,2.0,27.0,Active,0,0
2055687,357210,-5,0.0,675000,,0.0,,,0.0,,0.0,0.0,0.0,0.0,,0,,,0.0,Active,0,0
2588773,384627,-1,805196.475,900000,0.0,0.0,0.0,0.0,43855.245,45000.0,45000.0,787104.63,805196.475,805196.475,0.0,0,0.0,0.0,15.0,Active,0,0
2166608,119905,-1,213957.9,202500,3150.0,3150.0,0.0,0.0,10511.415,11250.0,11250.0,202128.075,209265.03,209265.03,2.0,2,0.0,0.0,12.0,Active,0,0
2737474,321942,-5,0.0,135000,0.0,0.0,0.0,0.0,2250.0,64052.91,63759.87,0.0,0.0,0.0,0.0,0,0.0,0.0,4.0,Active,0,0
1717423,236066,-4,0.0,225000,0.0,0.0,0.0,0.0,3612.195,228.78,62.91,0.0,0.0,0.0,0.0,0,0.0,0.0,1.0,Active,0,0
2082709,205995,-6,755341.425,765000,0.0,2245.5,0.0,2245.5,38831.22,39375.0,39375.0,739494.63,755341.425,755341.425,0.0,1,0.0,1.0,9.0,Active,0,0
2028483,430818,-7,159637.275,180000,0.0,0.0,0.0,0.0,9000.0,9000.0,9000.0,139588.47,159637.275,159637.275,0.0,0,0.0,0.0,76.0,Active,0,0
2651578,405844,-1,325079.955,337500,0.0,0.0,0.0,0.0,16821.9,18219.375,18219.375,318218.355,325079.955,325079.955,0.0,0,0.0,0.0,7.0,Active,0,0
2802926,231075,-1,110360.475,135000,31500.0,77371.83,0.0,45871.83,2250.0,7047.045,7047.045,104897.34,106006.86,106006.86,2.0,10,0.0,8.0,5.0,Active,0,0
1481732,267679,-6,176624.775,180000,0.0,0.0,0.0,0.0,8901.765,9900.0,9900.0,168135.66,174659.625,174659.625,0.0,0,0.0,0.0,5.0,Active,0,0
2696181,398348,-7,471047.58,450000,13500.0,15717.555,0.0,2217.555,22251.24,913.59,913.59,448888.68,465575.13,465575.13,1.0,2,0.0,1.0,23.0,Active,0,0
1770497,126672,-4,44312.175,135000,0.0,0.0,0.0,0.0,2250.0,0.0,0.0,42276.915,43986.645,43986.645,0.0,0,0.0,0.0,4.0,Active,0,0
1998309,359262,-6,0.0,135000,,0.0,,,0.0,,0.0,0.0,0.0,0.0,,0,,,0.0,Active,0,0
2642482,324594,-2,0.0,0,,0.0,,,0.0,,0.0,0.0,0.0,0.0,,0,,,0.0,Completed,0,0
1610725,291738,-3,235505.925,225000,0.0,12836.88,0.0,12836.88,11568.42,11394.99,11394.99,224462.88,232747.38,232747.38,0.0,6,0.0,6.0,6.0,Active,0,0
1794251,279922,-6,215457.21,202500,0.0,0.0,0.0,0.0,10946.88,11250.0,11250.0,200970.0,213779.25,213779.25,0.0,0,0.0,0.0,2.0,Active,0,0
1999201,448893,-4,267006.735,270000,0.0,0.0,0.0,0.0,14584.905,14850.0,14850.0,250753.365,267456.735,267456.735,0.0,0,0.0,0.0,5.0,Active,0,0
2113330,255998,-7,0.0,450000,0.0,0.0,0.0,0.0,0.0,3.33,3.33,0.0,0.0,0.0,0.0,0,0.0,0.0,4.0,Active,0,0
2833036,362601,-5,321088.635,405000,0.0,0.0,0.0,0.0,19284.525,36000.0,36000.0,311095.845,319968.135,319968.135,0.0,0,0.0,0.0,5.0,Active,0,0
2261109,396632,-3,0.0,0,0.0,0.0,0.0,0.0,0.0,247.185,0.0,0.0,0.0,0.0,0.0,0,0.0,0.0,22.0,Active,0,0
2241057,379452,-2,0.0,0,0.0,0.0,0.0,0.0,0.0,524.835,0.0,0.0,0.0,0.0,0.0,0,0.0,0.0,22.0,Active,0,0
1003474,310842,-3,130.5,0,0.0,0.0,0.0,0.0,130.5,0.0,0.0,0.0,130.5,130.5,0.0,0,0.0,0.0,5.0,Active,28,0
2505040,310598,-7,130.5,0,0.0,0.0,0.0,0.0,130.5,0.0,0.0,0.0,130.5,130.5,0.0,0,0.0,0.0,5.0,Active,28,0
1087742,133404,-7,440277.12,450000,0.0,0.0,0.0,0.0,23151.825,33750.0,33750.0,429286.23,440277.12,440277.12,0.0,0,0.0,0.0,111.0,Active,0,0
2173384,252622,-3,0.0,765000,0.0,0.0,0.0,0.0,0.0,819.315,819.315,0.0,0.0,0.0,0.0,0,0.0,0.0,11.0,Active,0,0
2080262,385829,-2,0.0,90000,,0.0,,,0.0,,0.0,0.0,0.0,0.0,,0,,,0.0,Active,0,0
2179478,377051,-1,14864.355,180000,0.0,0.0,0.0,0.0,2250.0,39111.075,39111.075,12857.31,13964.355,13964.355,0.0,0,0.0,0.0,6.0,Active,0,0
1830677,416484,-7,234698.265,270000,0.0,0.0,0.0,0.0,11947.41,13500.0,13500.0,225448.425,232962.3,232962.3,0.0,0,0.0,0.0,3.0,Active,0,0
2731000,243986,-4,103565.16,135000,31500.0,31500.0,0.0,0.0,3641.4,7920.0,3886.155,94043.115,98183.16,98183.16,3.0,3,0.0,0.0,3.0,Active,0,0
1010548,412432,-1,0.0,0,0.0,0.0,0.0,0.0,0.0,0.63,0.63,0.0,0.0,0.0,0.0,0,0.0,0.0,2.0,Active,0,0
2130347,388494,-4,21928.41,45000,0.0,0.0,0.0,0.0,2250.0,2655.0,2655.0,21438.54,21928.41,21928.41,0.0,0,0.0,0.0,5.0,Active,0,0
2132358,239031,-6,683459.955,675000,0.0,19831.05,0.0,19831.05,33720.66,36066.15,36066.15,658177.695,677721.465,677721.465,0.0,7,0.0,7.0,20.0,Active,0,0
1135150,197448,-6,592597.395,585000,0.0,0.0,0.0,0.0,30013.02,30150.0,30150.0,570109.95,587537.055,587537.055,0.0,0,0.0,0.0,14.0,Active,0,0
2075242,190611,-4,129931.56,270000,0.0,0.0,0.0,0.0,6810.705,9000.0,9000.0,126755.91,129473.46,129473.46,0.0,0,0.0,0.0,6.0,Active,0,0
1063072,439795,-3,221215.815,202500,0.0,0.0,0.0,0.0,11399.445,13500.0,13500.0,200141.325,220574.745,220574.745,0.0,0,0.0,0.0,5.0,Active,0,0
2226236,203440,-1,110.025,90000,0.0,42615.0,0.0,42615.0,0.0,42639.39,42300.0,0.0,85.635,85.635,0.0,2,0.0,2.0,61.0,Active,0,0
1550285,209045,-5,0.0,0,0.0,0.0,0.0,0.0,0.0,0.0,0.0,0.0,0.0,0.0,0.0,0,0.0,0.0,3.0,Completed,0,0
2745321,210664,-5,0.0,45000,0.0,0.0,0.0,0.0,0.0,3491.01,0.0,0.0,0.0,0.0,0.0,0,0.0,0.0,54.0,Active,0,0
1211958,318261,-7,0.0,337500,,0.0,,,0.0,,0.0,0.0,0.0,0.0,,0,,,0.0,Active,0,0
2640043,173335,-4,76793.58,225000,0.0,0.0,0.0,0.0,4201.245,4500.0,4500.0,75024.585,76793.58,76793.58,0.0,0,0.0,0.0,4.0,Active,0,0
2835779,232232,-5,0.0,225000,,0.0,,,0.0,,0.0,0.0,0.0,0.0,,0,,,0.0,Active,0,0
2707260,443894,-2,0.0,45000,0.0,0.0,0.0,0.0,0.0,2.7,2.7,0.0,0.0,0.0,0.0,0,0.0,0.0,10.0,Active,0,0
2754657,415515,-2,399231.135,450000,0.0,0.0,0.0,0.0,19970.82,20250.0,20250.0,379166.49,396311.535,396311.535,0.0,0,0.0,0.0,30.0,Active,0,0
1160085,352445,-1,89643.06,202500,45000.0,45000.0,0.0,0.0,2250.0,2250.0,2250.0,86413.23,87753.69,87753.69,1.0,1,0.0,0.0,3.0,Active,0,0
1556046,351865,-5,0.0,45000,0.0,0.0,0.0,0.0,0.0,51.615,51.615,0.0,0.0,0.0,0.0,0,0.0,0.0,0.0,Active,0,0
2309885,251971,-1,0.0,0,0.0,0.0,0.0,0.0,0.0,0.0,0.0,0.0,0.0,0.0,0.0,0,0.0,0.0,5.0,Completed,0,0
2370435,328259,-5,604812.015,765000,31500.0,121798.08,0.0,90298.08,25114.635,81941.895,81941.895,580850.82,597074.265,597074.265,2.0,19,0.0,17.0,8.0,Active,0,0
2567652,247288,-4,0.0,0,0.0,0.0,0.0,0.0,0.0,0.0,0.0,0.0,0.0,0.0,0.0,0,0.0,0.0,72.0,Completed,0,0
2446905,344579,-5,0.0,0,,0.0,,,0.0,,0.0,0.0,0.0,0.0,,0,,,0.0,Active,0,0
1375058,100662,-5,0.0,0,,0.0,,,0.0,,0.0,0.0,0.0,0.0,,0,,,0.0,Active,0,0
1060526,298900,-5,418353.075,450000,0.0,0.0,0.0,0.0,21604.32,22500.0,22500.0,409586.085,418353.075,418353.075,0.0,0,0.0,0.0,2.0,Active,0,0
2792339,431110,-6,273242.205,405000,49500.0,49500.0,0.0,0.0,11145.465,11497.5,11497.5,245831.715,269435.205,269435.205,3.0,3,0.0,0.0,7.0,Active,0,0
2491152,135054,-6,278620.875,450000,67500.0,67500.0,0.0,0.0,11494.845,13500.0,13500.0,270397.26,277275.375,277275.375,1.0,1,0.0,0.0,30.0,Active,0,0
1771282,186526,-6,35344.17,405000,0.0,6556.05,0.0,6556.05,2250.0,7161.3,7161.3,34378.785,35344.17,35344.17,0.0,1,0.0,1.0,3.0,Active,0,0
1293890,418549,-7,11577.69,382500,0.0,11376.0,0.0,11376.0,2250.0,18147.15,18147.15,11336.58,11577.69,11577.69,0.0,3,0.0,3.0,4.0,Active,0,0
1152169,353419,-7,0.0,45000,0.0,0.0,0.0,0.0,0.0,1.485,0.0,0.0,0.0,0.0,0.0,0,0.0,0.0,69.0,Active,0,0
1308021,233879,-1,144028.935,180000,0.0,0.0,0.0,0.0,7416.045,9000.0,9000.0,139320.765,143583.435,143583.435,0.0,0,0.0,0.0,10.0,Active,0,0
1081926,379324,-3,0.0,45000,0.0,0.0,0.0,0.0,0.0,3857.985,3857.985,0.0,0.0,0.0,0.0,0,0.0,0.0,21.0,Active,0,0
1285816,282375,-1,0.0,0,0.0,0.0,0.0,0.0,0.0,4863.33,0.0,0.0,0.0,0.0,0.0,0,0.0,0.0,51.0,Active,0,0
2395077,367292,-4,0.0,0,0.0,0.0,0.0,0.0,0.0,225.36,0.0,0.0,0.0,0.0,0.0,0,0.0,0.0,34.0,Active,0,0
1208121,264015,-7,55394.775,202500,0.0,0.0,0.0,0.0,10125.0,11250.0,11250.0,52511.175,54634.95,54634.95,0.0,0,0.0,0.0,35.0,Active,0,0
2258651,158172,-4,0.0,270000,,0.0,,,0.0,,0.0,0.0,0.0,0.0,,0,,,0.0,Active,0,0
1840389,346448,-1,1215.585,450000,0.0,801.0,0.0,801.0,2250.0,2250.0,2250.0,1017.765,1215.585,1215.585,0.0,1,0.0,1.0,25.0,Active,0,0
1684284,133601,-5,120878.145,225000,0.0,0.0,0.0,0.0,6148.035,6300.0,6300.0,116431.38,120207.645,120207.645,0.0,0,0.0,0.0,7.0,Active,0,0
2487695,269175,-6,226954.71,225000,0.0,5997.6,0.0,5997.6,11236.815,13613.355,13613.355,217120.545,224706.87,224706.87,0.0,1,0.0,1.0,18.0,Active,0,0
2226047,449581,-7,0.0,450000,0.0,0.0,0.0,0.0,0.0,717.705,717.705,0.0,0.0,0.0,0.0,0,0.0,0.0,4.0,Active,0,0
1100700,150552,-7,0.0,0,0.0,0.0,0.0,0.0,0.0,75.78,0.0,0.0,0.0,0.0,0.0,0,0.0,0.0,11.0,Active,0,0
2037065,369264,-6,455940.675,450000,0.0,0.0,0.0,0.0,22500.0,22500.0,22500.0,444119.31,455940.675,455940.675,0.0,0,0.0,0.0,46.0,Active,0,0
2225996,377223,-5,32099.175,360000,0.0,0.0,0.0,0.0,2250.0,2250.0,2250.0,30761.595,31862.295,31862.295,0.0,0,0.0,0.0,37.0,Active,0,0
2345119,338629,-4,0.0,270000,0.0,0.0,0.0,0.0,0.0,0.0,0.0,0.0,0.0,0.0,0.0,0,0.0,0.0,76.0,Completed,0,0
1711725,148877,-3,72637.875,90000,0.0,0.0,0.0,0.0,4500.0,4500.0,4500.0,70037.865,72637.875,72637.875,0.0,0,0.0,0.0,81.0,Active,0,0
1176096,202613,-6,0.0,157500,0.0,12933.315,0.0,0.0,0.0,12933.315,0.0,0.0,0.0,0.0,0.0,0,0.0,0.0,35.0,Active,0,0
2772968,422457,-5,0.0,0,0.0,0.0,0.0,0.0,0.0,405.675,0.0,0.0,0.0,0.0,0.0,0,0.0,0.0,14.0,Active,0,0
2065760,276184,-3,0.0,45000,,0.0,,,0.0,,0.0,0.0,0.0,0.0,,0,,,0.0,Active,0,0
2313507,151702,-3,0.0,135000,0.0,0.0,0.0,0.0,0.0,1.485,1.485,0.0,0.0,0.0,0.0,0,0.0,0.0,3.0,Active,0,0
2435877,309237,-2,0.0,135000,0.0,0.0,0.0,0.0,0.0,155.97,0.0,0.0,0.0,0.0,0.0,0,0.0,0.0,44.0,Active,0,0
2035349,421505,-5,202835.61,360000,0.0,0.0,0.0,0.0,10352.52,11250.0,11250.0,195800.13,202835.61,202835.61,0.0,0,0.0,0.0,19.0,Active,0,0
1562311,174747,-1,51829.2,67500,0.0,0.0,0.0,0.0,3375.0,9000.0,5625.0,50301.945,51829.2,51829.2,0.0,0,0.0,0.0,53.0,Active,0,0
2360466,285432,-4,0.0,0,0.0,0.0,0.0,0.0,0.0,0.0,0.0,0.0,0.0,0.0,0.0,0,0.0,0.0,6.0,Active,0,0
1570218,343226,-6,427615.875,450000,90000.0,119624.805,0.0,29624.805,13219.875,13500.0,13500.0,407805.435,426270.375,426270.375,1.0,11,0.0,10.0,24.0,Active,0,0
1984538,187138,-2,2063.34,450000,0.0,0.0,0.0,0.0,20506.32,404154.0,384084.0,0.0,0.0,0.0,0.0,0,0.0,0.0,27.0,Active,0,0
1719509,396302,-4,0.0,0,0.0,0.0,0.0,0.0,0.0,0.0,0.0,0.0,0.0,0.0,0.0,0,0.0,0.0,49.0,Completed,0,0
1085444,207198,-7,399660.885,900000,20250.0,20250.0,0.0,0.0,17455.545,18000.0,18000.0,379957.995,394044.21,394044.21,2.0,2,0.0,0.0,11.0,Active,0,0
2026808,244530,-4,0.0,45000,0.0,0.0,0.0,0.0,0.0,4347.135,0.0,0.0,0.0,0.0,0.0,0,0.0,0.0,31.0,Active,0,0
1112469,388108,-4,32661.9,135000,0.0,0.0,0.0,0.0,2250.0,4500.0,2250.0,32500.305,32661.9,32661.9,0.0,0,0.0,0.0,5.0,Active,0,0
1874141,292560,-5,441131.175,450000,0.0,55051.245,0.0,55051.245,20701.305,68768.64,68768.64,425573.19,436787.82,436787.82,0.0,25,0.0,25.0,28.0,Active,0,0
2469331,172169,-7,0.0,135000,,0.0,,,0.0,,0.0,0.0,0.0,0.0,,0,,,0.0,Active,0,0
2257983,229125,-6,0.0,0,0.0,0.0,0.0,0.0,0.0,0.0,0.0,0.0,0.0,0.0,0.0,0,0.0,0.0,0.0,Active,0,0
1620858,441604,-3,0.0,45000,,0.0,,,0.0,,0.0,0.0,0.0,0.0,,0,,,0.0,Active,0,0
1687076,165783,-4,187434.18,270000,168750.0,185172.57,0.0,16422.57,10266.3,2311.965,230.49,182692.08,184293.18,184293.18,2.0,6,0.0,4.0,6.0,Active,0,0
1545650,256116,-3,0.0,225000,,0.0,,,0.0,,0.0,0.0,0.0,0.0,,0,,,0.0,Active,0,0
1769951,209195,-4,147747.78,135000,0.0,0.0,0.0,0.0,7489.665,7515.0,7515.0,118075.545,146843.1,146843.1,0.0,0,0.0,0.0,6.0,Active,0,0
1767095,374102,-2,174300.3,180000,0.0,0.0,0.0,0.0,8846.19,9010.53,9010.53,167913.675,173049.3,173049.3,0.0,0,0.0,0.0,7.0,Active,0,0
1920384,313299,-3,380614.005,495000,112500.0,137426.85,0.0,24926.85,24651.315,112500.0,85331.61,367968.24,376577.505,376577.505,9.0,15,0.0,6.0,25.0,Active,0,0
2410083,315849,-2,25477.965,135000,0.0,0.0,0.0,0.0,2250.0,2700.0,2700.0,24705.81,25477.965,25477.965,0.0,0,0.0,0.0,4.0,Active,0,0
2714588,231483,-3,0.0,0,0.0,0.0,0.0,0.0,0.0,239.625,239.625,0.0,0.0,0.0,0.0,0,0.0,0.0,24.0,Active,0,0
1277615,226388,-3,38017.26,45000,0.0,0.0,0.0,0.0,2250.0,2250.0,2250.0,37198.485,37995.975,37995.975,0.0,0,0.0,0.0,12.0,Active,0,0
1294634,157065,-7,72270.9,315000,0.0,0.0,0.0,0.0,3898.35,8775.0,8775.0,69191.82,71738.1,71738.1,0.0,0,0.0,0.0,12.0,Active,0,0
1476467,210762,-4,186501.375,180000,0.0,2888.55,0.0,2888.55,9323.55,9000.0,9000.0,179708.805,185768.37,185768.37,0.0,3,0.0,3.0,5.0,Active,18,0
1887853,410746,-7,0.0,810000,0.0,67587.21,0.0,67587.21,2604.69,229582.575,229582.575,0.0,0.0,0.0,0.0,30,0.0,30.0,5.0,Active,0,0
2099231,152150,-4,44853.12,135000,0.0,522.0,0.0,522.0,2316.33,2925.0,2925.0,43923.735,44853.12,44853.12,0.0,1,0.0,1.0,5.0,Active,0,0
1523227,239892,-1,32397.795,900000,0.0,33430.5,0.0,33430.5,0.0,0.0,0.0,31727.295,31727.295,31727.295,0.0,4,0.0,4.0,6.0,Active,0,0
2813357,450835,-7,479698.2,585000,0.0,0.0,0.0,0.0,24828.21,27000.0,27000.0,469564.245,479698.2,479698.2,0.0,0,0.0,0.0,15.0,Active,0,0
1409949,445560,-2,183930.255,180000,0.0,0.0,0.0,0.0,9250.02,9450.0,9450.0,175550.31,183484.755,183484.755,0.0,0,0.0,0.0,6.0,Active,0,0
1258404,363108,-5,89308.035,90000,0.0,8087.58,0.0,8087.58,4545.09,0.0,0.0,85489.29,88649.775,88649.775,0.0,3,0.0,3.0,7.0,Active,0,0
2275300,227917,-7,0.0,45000,0.0,0.0,0.0,0.0,0.0,173.61,0.0,0.0,0.0,0.0,0.0,0,0.0,0.0,53.0,Active,0,0
1975531,145787,-4,359613.9,765000,45000.0,45000.0,0.0,0.0,38665.89,0.0,0.0,336817.89,354537.315,354537.315,2.0,2,0.0,0.0,13.0,Active,0,0
2327491,141618,-6,0.0,0,0.0,0.0,0.0,0.0,0.0,511.515,511.515,0.0,0.0,0.0,0.0,0,0.0,0.0,1.0,Active,0,0
2540227,233318,-5,173543.76,180000,0.0,0.0,0.0,0.0,9442.26,9450.0,9450.0,168691.95,172515.6,172515.6,0.0,0,0.0,0.0,8.0,Active,0,0
1467755,345478,-7,0.0,0,0.0,0.0,0.0,0.0,0.0,705.96,0.0,0.0,0.0,0.0,0.0,0,0.0,0.0,37.0,Active,0,0
1896444,146311,-2,44877.6,225000,0.0,12868.875,0.0,12868.875,2250.0,4500.0,2250.0,44478.675,44877.6,44877.6,0.0,6,0.0,6.0,12.0,Active,0,0
1406747,410959,-6,0.0,675000,0.0,0.0,0.0,0.0,0.0,0.0,0.0,0.0,0.0,0.0,0.0,0,0.0,0.0,13.0,Completed,0,0
1666430,335411,-7,12761.55,675000,0.0,11965.5,0.0,11965.5,2250.0,8342.595,8342.595,11552.085,11552.085,11552.085,0.0,3,0.0,3.0,4.0,Active,0,0
2837643,172657,-4,32544.225,225000,0.0,32344.65,0.0,32344.65,2250.0,40459.5,40459.5,32293.755,32341.68,32341.68,0.0,6,0.0,6.0,6.0,Active,0,0
1423717,233845,-5,0.0,382500,0.0,0.0,0.0,0.0,0.0,0.0,0.0,0.0,0.0,0.0,0.0,0,0.0,0.0,23.0,Completed,0,0
1424613,405803,-3,323231.265,337500,0.0,0.0,0.0,0.0,16648.965,16650.0,16650.0,316329.39,323231.265,323231.265,0.0,0,0.0,0.0,5.0,Active,0,0
1105099,431484,-5,96233.85,112500,0.0,0.0,0.0,0.0,4908.825,4950.0,4950.0,93226.455,96233.85,96233.85,0.0,0,0.0,0.0,18.0,Active,0,0
2513379,220658,-5,0.0,45000,,0.0,,,0.0,,0.0,0.0,0.0,0.0,,0,,,0.0,Active,0,0
1594430,310794,-6,0.0,135000,,0.0,,,0.0,,0.0,0.0,0.0,0.0,,0,,,0.0,Active,0,0
1814873,341447,-6,0.0,225000,,0.0,,,0.0,,0.0,0.0,0.0,0.0,,0,,,0.0,Active,0,0
1771048,245661,-6,0.0,0,0.0,0.0,0.0,0.0,0.0,0.0,0.0,0.0,0.0,0.0,0.0,0,0.0,0.0,4.0,Completed,0,0
1334066,327904,-6,0.0,0,0.0,0.0,0.0,0.0,0.0,0.0,0.0,0.0,0.0,0.0,0.0,0,0.0,0.0,23.0,Active,0,0
2379483,444315,-3,267782.31,270000,0.0,0.0,0.0,0.0,13818.42,13815.0,13815.0,262168.155,267942.51,267942.51,0.0,0,0.0,0.0,5.0,Active,7,0
1008598,184474,-5,107779.545,180000,40500.0,40500.0,0.0,0.0,7484.805,45004.5,45004.5,100191.735,103068.045,103068.045,3.0,3,0.0,0.0,3.0,Active,0,0
1999075,376901,-5,0.0,0,0.0,0.0,0.0,0.0,0.0,0.0,0.0,0.0,0.0,0.0,0.0,0,0.0,0.0,6.0,Completed,0,0
2396861,312966,-4,13168.62,135000,0.0,12600.0,0.0,12600.0,252.09,0.0,0.0,12498.12,12498.12,12498.12,0.0,1,0.0,1.0,5.0,Active,0,0
2424695,118858,-1,0.0,45000,0.0,0.0,0.0,0.0,0.0,558.945,0.0,0.0,0.0,0.0,0.0,0,0.0,0.0,33.0,Active,0,0
1542656,135759,-4,0.0,45000,,0.0,,,0.0,,0.0,0.0,0.0,0.0,,0,,,0.0,Active,0,0
1993388,261007,-6,0.0,0,0.0,0.0,0.0,0.0,0.0,0.0,0.0,0.0,0.0,0.0,0.0,0,0.0,0.0,1.0,Completed,0,0
1185177,359242,-5,0.0,0,0.0,0.0,0.0,0.0,0.0,226.845,0.0,0.0,0.0,0.0,0.0,0,0.0,0.0,24.0,Active,0,0
1810810,158802,-3,0.0,45000,0.0,0.0,0.0,0.0,0.0,0.0,0.0,0.0,0.0,0.0,0.0,0,0.0,0.0,35.0,Active,0,0
1911797,258713,-1,0.0,45000,,0.0,,,0.0,,0.0,0.0,0.0,0.0,,0,,,0.0,Active,0,0
2287902,357165,-4,0.0,45000,0.0,0.0,0.0,0.0,0.0,0.0,0.0,0.0,0.0,0.0,0.0,0,0.0,0.0,74.0,Completed,0,0
2229313,126398,-6,0.0,45000,0.0,0.0,0.0,0.0,0.0,11.61,0.0,0.0,0.0,0.0,0.0,0,0.0,0.0,55.0,Active,0,0
2726428,251096,-6,0.0,0,,0.0,,,0.0,,0.0,0.0,0.0,0.0,,0,,,0.0,Active,0,0
1106433,388658,-4,124239.51,112500,0.0,0.0,0.0,0.0,6362.055,52.425,52.425,111189.285,124244.01,124244.01,0.0,0,0.0,0.0,4.0,Active,0,0
2707092,139108,-7,0.0,45000,,0.0,,,0.0,,0.0,0.0,0.0,0.0,,0,,,0.0,Active,0,0
1002015,391671,-1,133277.895,135000,0.0,2088.9,0.0,2088.9,6566.715,0.0,0.0,126673.29,132302.475,132302.475,0.0,2,0.0,2.0,34.0,Active,0,0
1468202,402295,-1,96825.69,765000,0.0,54136.575,0.0,54136.575,18175.32,280936.35,267748.11,96303.465,96825.69,96825.69,0.0,9,0.0,9.0,16.0,Active,0,0
1739130,312870,-6,437384.79,427500,1350.0,6484.5,0.0,5134.5,22064.715,22275.0,22275.0,425504.205,436039.29,436039.29,1.0,2,0.0,1.0,29.0,Active,0,0
2669667,275059,-7,0.0,0,0.0,0.0,0.0,0.0,0.0,0.0,0.0,0.0,0.0,0.0,0.0,0,0.0,0.0,35.0,Active,0,0
2750596,428187,-7,0.0,135000,,0.0,,,0.0,,0.0,0.0,0.0,0.0,,0,,,0.0,Active,0,0
2380051,285272,-4,0.0,0,,0.0,,,0.0,,0.0,0.0,0.0,0.0,,0,,,0.0,Completed,0,0
2482507,143047,-5,327039.885,315000,27000.0,27000.0,0.0,0.0,15036.84,0.0,0.0,311987.16,323274.96,323274.96,1.0,1,0.0,0.0,5.0,Active,0,0
2164971,407280,-6,158369.04,180000,0.0,0.0,0.0,0.0,8866.35,11250.0,11250.0,154827.27,158369.04,158369.04,0.0,0,0.0,0.0,5.0,Active,0,0
2094984,443806,-2,205109.415,225000,0.0,900.0,0.0,900.0,11188.755,12600.0,12600.0,199475.28,205109.415,205109.415,0.0,1,0.0,1.0,28.0,Active,0,0
2015590,351653,-1,0.0,45000,0.0,0.0,0.0,0.0,0.0,39.015,0.0,0.0,0.0,0.0,0.0,0,0.0,0.0,61.0,Active,0,0
2313144,447600,-7,689907.51,675000,4500.0,17460.0,0.0,12960.0,34522.155,36000.0,36000.0,671903.01,688337.01,688337.01,1.0,3,0.0,2.0,2.0,Active,0,0
2772972,335936,-1,0.0,180000,,0.0,,,0.0,,0.0,0.0,0.0,0.0,,0,,,0.0,Active,0,0
2605636,393796,-5,0.0,765000,,0.0,,,0.0,,0.0,0.0,0.0,0.0,,0,,,0.0,Active,0,0
2198772,284743,-5,0.0,0,0.0,0.0,0.0,0.0,0.0,123.3,0.0,0.0,0.0,0.0,0.0,0,0.0,0.0,9.0,Active,0,0
2085920,453491,-2,370843.335,405000,0.0,38873.205,0.0,38873.205,15009.21,20978.595,1604.88,366234.21,370843.335,370843.335,0.0,4,0.0,4.0,9.0,Active,0,0
2492848,132969,-7,0.0,225000,0.0,0.0,0.0,0.0,0.0,1035.63,1035.63,0.0,0.0,0.0,0.0,0,0.0,0.0,0.0,Active,0,0
2274203,207892,-5,239567.715,405000,0.0,1800.0,0.0,1800.0,12928.32,13050.0,13050.0,234265.995,239567.715,239567.715,0.0,1,0.0,1.0,6.0,Active,0,0
1614605,147318,-5,278560.8,270000,0.0,0.0,0.0,0.0,14384.655,14850.0,14850.0,261690.84,275813.55,275813.55,0.0,0,0.0,0.0,7.0,Active,0,0
1092544,424362,-7,0.0,0,0.0,0.0,0.0,0.0,0.0,0.0,0.0,0.0,0.0,0.0,0.0,0,0.0,0.0,3.0,Completed,0,0
2445765,373839,-7,0.0,315000,,0.0,,,0.0,,0.0,0.0,0.0,0.0,,0,,,0.0,Active,0,0
2622155,287928,-1,249408.225,247500,0.0,0.0,0.0,0.0,12862.125,13050.0,13050.0,244192.095,249408.225,249408.225,0.0,0,0.0,0.0,8.0,Active,0,0
1856401,333710,-1,0.0,0,,0.0,,,0.0,,0.0,0.0,0.0,0.0,,0,,,0.0,Completed,0,0
2196481,292816,-1,225243.765,270000,0.0,0.0,0.0,0.0,11809.26,15750.0,15750.0,220435.605,225243.765,225243.765,0.0,0,0.0,0.0,7.0,Active,0,0
2049815,201566,-4,434206.44,450000,22050.0,22050.0,0.0,0.0,22523.85,45450.0,23079.87,422801.955,431435.295,431435.295,1.0,1,0.0,0.0,7.0,Active,0,0
1540125,451536,-4,114980.85,135000,0.0,0.0,0.0,0.0,5730.345,6750.0,6750.0,107856.495,114150.33,114150.33,0.0,0,0.0,0.0,12.0,Active,0,0
2571859,319295,-7,0.0,495000,,0.0,,,0.0,,0.0,0.0,0.0,0.0,,0,,,0.0,Completed,0,0
1441639,223877,-5,137.475,135000,0.0,0.0,0.0,0.0,1972.89,2475.0,2475.0,0.0,0.0,0.0,0.0,0,0.0,0.0,93.0,Active,0,0
2503116,178117,-7,0.0,225000,,0.0,,,0.0,,0.0,0.0,0.0,0.0,,0,,,0.0,Active,0,0
1900283,442290,-6,0.0,225000,0.0,0.0,0.0,0.0,2384.1,229.5,0.99,0.0,0.0,0.0,0.0,0,0.0,0.0,5.0,Active,0,0
1020798,129367,-5,0.0,0,0.0,0.0,0.0,0.0,0.0,328.05,0.0,0.0,0.0,0.0,0.0,0,0.0,0.0,22.0,Active,0,0
1715099,380628,-3,0.0,45000,0.0,0.0,0.0,0.0,0.0,412.11,0.0,0.0,0.0,0.0,0.0,0,0.0,0.0,43.0,Active,0,0
1360489,390231,-1,73903.23,135000,0.0,31100.85,0.0,31100.85,2312.325,3184.11,3184.11,71913.06,73232.73,73232.73,0.0,19,0.0,19.0,6.0,Active,0,0
1260518,154402,-7,141319.395,135000,0.0,24694.65,0.0,24694.65,5803.02,6750.0,6750.0,134004.825,140363.415,140363.415,0.0,13,0.0,13.0,24.0,Active,0,0
1159013,132347,-4,0.0,180000,0.0,0.0,0.0,0.0,0.0,0.0,0.0,0.0,0.0,0.0,0.0,0,0.0,0.0,63.0,Completed,0,0
2044755,135782,-2,0.0,0,,0.0,,,0.0,,0.0,0.0,0.0,0.0,,0,,,0.0,Completed,0,0
2417538,227251,-6,0.0,45000,0.0,0.0,0.0,0.0,0.0,571.725,0.0,0.0,0.0,0.0,0.0,0,0.0,0.0,44.0,Active,0,0
1000989,399710,-4,0.0,0,,0.0,,,0.0,,0.0,0.0,0.0,0.0,,0,,,0.0,Active,0,0
2368782,141480,-7,20030.67,225000,0.0,77257.485,0.0,77257.485,4876.2,57226.5,54365.175,20030.67,20030.67,20030.67,0.0,2,0.0,2.0,6.0,Active,0,0
2833786,151581,-6,561164.4,675000,0.0,296919.9,0.0,296919.9,15193.305,100764.0,100764.0,551151.405,563855.4,563855.4,0.0,8,0.0,8.0,13.0,Active,0,0
1410681,321410,-4,277329.645,450000,0.0,0.0,0.0,0.0,14008.86,14400.0,14400.0,265777.29,275283.135,275283.135,0.0,0,0.0,0.0,21.0,Active,0,0
2528973,455348,-1,0.0,90000,,0.0,,,0.0,,0.0,0.0,0.0,0.0,,0,,,0.0,Active,0,0
1135737,119362,-6,134.055,45000,0.0,0.0,0.0,0.0,2250.0,45000.0,45000.0,0.0,0.0,0.0,0.0,0,0.0,0.0,11.0,Active,0,0
2682255,435953,-2,0.0,67500,,0.0,,,0.0,,0.0,0.0,0.0,0.0,,0,,,0.0,Active,0,0
2780285,208633,-4,0.0,45000,0.0,0.0,0.0,0.0,0.0,1697.535,0.0,0.0,0.0,0.0,0.0,0,0.0,0.0,22.0,Active,0,0
1950786,185635,-5,0.0,90000,,0.0,,,0.0,,0.0,0.0,0.0,0.0,,0,,,0.0,Active,0,0
2119354,365166,-6,43375.32,225000,0.0,32345.19,0.0,32345.19,8071.47,77768.415,77768.415,39506.22,43375.32,43375.32,0.0,15,0.0,15.0,9.0,Active,0,0
1684999,423714,-6,0.0,0,,0.0,,,0.0,,0.0,0.0,0.0,0.0,,0,,,0.0,Completed,0,0
1051692,336861,-3,0.0,0,0.0,0.0,0.0,0.0,0.0,184.5,184.5,0.0,0.0,0.0,0.0,0,0.0,0.0,2.0,Active,0,0
1955521,109950,-7,0.0,90000,0.0,0.0,0.0,0.0,0.0,1768.545,0.0,0.0,0.0,0.0,0.0,0,0.0,0.0,67.0,Active,0,0
2040202,146689,-1,0.0,135000,0.0,0.0,0.0,0.0,0.0,0.855,0.855,0.0,0.0,0.0,0.0,0,0.0,0.0,5.0,Active,0,0
1626396,217694,-5,0.0,0,0.0,0.0,0.0,0.0,0.0,0.0,0.0,0.0,0.0,0.0,0.0,0,0.0,0.0,5.0,Completed,0,0
1682236,131867,-3,473909.04,495000,0.0,0.0,0.0,0.0,23959.08,27000.0,27000.0,452181.465,469756.755,469756.755,0.0,0,0.0,0.0,12.0,Active,0,0
2106426,372891,-1,464595.975,450000,15750.0,33307.65,0.0,17557.65,22751.91,45530.91,45530.91,445346.19,459888.975,459888.975,3.0,16,0.0,13.0,20.0,Active,0,0
2291452,177939,-6,0.0,90000,0.0,0.0,0.0,0.0,0.0,4089.06,4089.06,0.0,0.0,0.0,0.0,0,0.0,0.0,1.0,Active,0,0
1693691,438382,-7,0.0,720000,,0.0,,,0.0,,0.0,0.0,0.0,0.0,,0,,,0.0,Active,0,0
1899743,172833,-6,0.0,180000,0.0,0.0,0.0,0.0,0.0,0.0,0.0,0.0,0.0,0.0,0.0,0,0.0,0.0,53.0,Completed,0,0
1801517,352754,-3,224190.855,225000,0.0,607.5,0.0,607.5,11639.835,11700.0,72.0,220860.09,224190.855,224190.855,0.0,1,0.0,1.0,19.0,Active,0,0
2761036,283900,-6,0.0,45000,,0.0,,,0.0,,0.0,0.0,0.0,0.0,,0,,,0.0,Active,0,0
2102064,142848,-1,117643.14,135000,0.0,0.0,0.0,0.0,6049.17,6300.0,6300.0,114683.085,117643.14,117643.14,0.0,0,0.0,0.0,102.0,Active,0,0
1717311,271455,-2,0.0,0,0.0,0.0,0.0,0.0,0.0,1247.715,0.0,0.0,0.0,0.0,0.0,0,0.0,0.0,36.0,Active,0,0
2138181,151138,-5,0.0,540000,,0.0,,,0.0,,0.0,0.0,0.0,0.0,,0,,,0.0,Completed,0,0
1109547,364065,-7,0.0,135000,0.0,0.0,0.0,0.0,0.0,99.45,0.0,0.0,0.0,0.0,0.0,0,0.0,0.0,53.0,Active,0,0
2719917,124032,-5,368695.89,450000,0.0,0.0,0.0,0.0,18560.025,18675.0,18675.0,352525.545,368695.89,368695.89,0.0,0,0.0,0.0,12.0,Active,0,0
1727561,100218,-4,748180.935,720000,0.0,21073.905,0.0,21073.905,36990.45,45000.0,45000.0,719928.675,741427.74,741427.74,0.0,8,0.0,8.0,8.0,Active,0,0
1686280,396795,-4,0.0,270000,,0.0,,,0.0,,0.0,0.0,0.0,0.0,,0,,,0.0,Active,0,0
1276309,409431,-7,0.0,157500,,0.0,,,0.0,,0.0,0.0,0.0,0.0,,0,,,0.0,Active,0,0
2387572,347985,-5,0.0,0,0.0,0.0,0.0,0.0,0.0,0.0,0.0,0.0,0.0,0.0,0.0,0,0.0,0.0,22.0,Completed,0,0
1510205,113695,-6,0.0,0,0.0,0.0,0.0,0.0,0.0,228.69,0.0,0.0,0.0,0.0,0.0,0,0.0,0.0,16.0,Active,0,0
1769669,201109,-7,0.0,270000,,0.0,,,0.0,,0.0,0.0,0.0,0.0,,0,,,0.0,Completed,0,0
2248456,182448,-6,0.0,45000,0.0,0.0,0.0,0.0,0.0,155.07,0.0,0.0,0.0,0.0,0.0,0,0.0,0.0,29.0,Active,0,0
1284955,224919,-2,37310.445,135000,0.0,13421.7,0.0,13421.7,2250.0,2364.885,2364.885,36189.27,36639.945,36639.945,0.0,5,0.0,5.0,6.0,Active,0,0
2541884,318284,-4,0.0,270000,,0.0,,,0.0,,0.0,0.0,0.0,0.0,,0,,,0.0,Active,0,0
2010505,259867,-7,0.0,45000,0.0,0.0,0.0,0.0,0.0,109.665,0.0,0.0,0.0,0.0,0.0,0,0.0,0.0,45.0,Active,0,0
2029117,346347,-6,125002.17,765000,0.0,0.0,0.0,0.0,19336.185,0.0,0.0,116723.565,123432.93,123432.93,0.0,0,0.0,0.0,10.0,Active,0,0
2427106,231724,-3,20838.15,270000,0.0,20907.0,0.0,20907.0,2250.0,51075.0,48268.62,20838.15,20838.15,20838.15,0.0,5,0.0,5.0,6.0,Active,0,0
1376806,405509,-6,269476.02,270000,0.0,0.0,0.0,0.0,14171.76,28800.0,14823.315,265133.7,269476.02,269476.02,0.0,0,0.0,0.0,24.0,Active,0,0
1159529,385145,-7,278076.87,270000,9000.0,9000.0,0.0,0.0,13775.445,15750.0,15750.0,268758.81,275385.87,275385.87,2.0,2,0.0,0.0,18.0,Active,0,0
2318930,232566,-6,98047.755,247500,0.0,14940.315,0.0,14940.315,4219.695,4500.0,4500.0,94834.575,97917.255,97917.255,0.0,1,0.0,1.0,1.0,Active,0,0
2748669,168054,-6,305532.315,270000,8100.0,53100.0,0.0,45000.0,10951.335,0.0,0.0,269718.66,293372.37,293372.37,6.0,7,0.0,1.0,4.0,Active,0,0
1187619,167954,-5,152.865,0,0.0,0.0,0.0,0.0,0.0,0.0,0.0,0.0,152.865,152.865,0.0,0,0.0,0.0,47.0,Active,1676,0
1380864,253950,-6,0.0,0,0.0,0.0,0.0,0.0,0.0,729.45,0.0,0.0,0.0,0.0,0.0,0,0.0,0.0,9.0,Active,0,0
2096376,330243,-6,0.0,450000,,0.0,,,0.0,,0.0,0.0,0.0,0.0,,0,,,0.0,Active,0,0
2204096,365580,-4,0.0,0,,0.0,,,0.0,,0.0,0.0,0.0,0.0,,0,,,0.0,Active,0,0
1550427,248515,-1,0.0,765000,0.0,0.0,0.0,0.0,0.0,23.895,23.895,0.0,0.0,0.0,0.0,0,0.0,0.0,4.0,Active,0,0
1335863,203374,-4,0.0,45000,0.0,0.0,0.0,0.0,0.0,2825.01,0.0,0.0,0.0,0.0,0.0,0,0.0,0.0,52.0,Active,0,0
1009822,293188,-3,0.0,45000,0.0,0.0,0.0,0.0,0.0,0.0,0.0,0.0,0.0,0.0,0.0,0,0.0,0.0,56.0,Active,0,0
2841186,243237,-7,0.0,315000,,0.0,,,0.0,,0.0,0.0,0.0,0.0,,0,,,0.0,Active,0,0