SK_ID_PREV,SK_ID_CURR,NAME_CONTRACT_TYPE,AMT_ANNUITY,AMT_APPLICATION,AMT_CREDIT,AMT_DOWN_PAYMENT,AMT_GOODS_PRICE,WEEKDAY_APPR_PROCESS_START,HOUR_APPR_PROCESS_START,FLAG_LAST_APPL_PER_CONTRACT,NFLAG_LAST_APPL_IN_DAY,RATE_DOWN_PAYMENT,RATE_INTEREST_PRIMARY,RATE_INTEREST_PRIVILEGED,NAME_CASH_LOAN_PURPOSE,NAME_CONTRACT_STATUS,DAYS_DECISION,NAME_PAYMENT_TYPE,CODE_REJECT_REASON,NAME_TYPE_SUITE,NAME_CLIENT_TYPE,NAME_GOODS_CATEGORY,NAME_PORTFOLIO,NAME_PRODUCT_TYPE,CHANNEL_TYPE,SELLERPLACE_AREA,NAME_SELLER_INDUSTRY,CNT_PAYMENT,NAME_YIELD_GROUP,PRODUCT_COMBINATION,DAYS_FIRST_DRAWING,DAYS_FIRST_DUE,DAYS_LAST_DUE_1ST_VERSION,DAYS_LAST_DUE,DAYS_TERMINATION,NFLAG_INSURED_ON_APPROVAL
2030495,271877,Consumer loans,1730.43,17145.0,17145.0,0.0,17145.0,SATURDAY,15,Y,1,0.0,0.18283180324152784,0.8673361522198731,XAP,Approved,-73,Cash through the bank,XAP,,Repeater,Mobile,POS,XNA,Country-wide,35,Connectivity,12.0,middle,POS mobile with interest,365243.0,-42.0,300.0,-42.0,-37.0,0.0
2802425,108129,Cash loans,25188.615,607500.0,679671.0,,607500.0,THURSDAY,11,Y,1,,,,XNA,Approved,-164,XNA,XAP,Unaccompanied,Repeater,XNA,Cash,x-sell,Contact center,-1,XNA,36.0,low_action,Cash X-Sell: low,365243.0,-134.0,916.0,365243.0,365243.0,1.0
2523466,122040,Cash loans,15060.735,112500.0,136444.5,,112500.0,TUESDAY,11,Y,1,,,,XNA,Approved,-301,Cash through the bank,XAP,"Spouse, partner",Repeater,XNA,Cash,x-sell,Credit and cash offices,-1,XNA,12.0,high,Cash X-Sell: high,365243.0,-271.0,59.0,365243.0,365243.0,1.0
2819243,176158,Cash loans,47041.335,450000.0,470790.0,,450000.0,MONDAY,7,Y,1,,,,XNA,Approved,-512,Cash through the bank,XAP,,Repeater,XNA,Cash,x-sell,Credit and cash offices,-1,XNA,12.0,middle,Cash X-Sell: middle,365243.0,-482.0,-152.0,-182.0,-177.0,1.0
1784265,202054,Cash loans,31924.395,337500.0,404055.0,,337500.0,THURSDAY,9,Y,1,,,,Repairs,Refused,-781,Cash through the bank,HC,,Repeater,XNA,Cash,walk-in,Credit and cash offices,-1,XNA,24.0,high,Cash Street: high,,,,,,
1383531,199383,Cash loans,23703.93,315000.0,340573.5,,315000.0,SATURDAY,8,Y,1,,,,Everyday expenses,Approved,-684,Cash through the bank,XAP,Family,Repeater,XNA,Cash,x-sell,Credit and cash offices,-1,XNA,18.0,low_normal,Cash X-Sell: low,365243.0,-654.0,-144.0,-144.0,-137.0,1.0
2315218,175704,Cash loans,,0.0,0.0,,,TUESDAY,11,Y,1,,,,XNA,Canceled,-14,XNA,XAP,,Repeater,XNA,XNA,XNA,Credit and cash offices,-1,XNA,,XNA,Cash,,,,,,
1656711,296299,Cash loans,,0.0,0.0,,,MONDAY,7,Y,1,,,,XNA,Canceled,-21,XNA,XAP,,Repeater,XNA,XNA,XNA,Credit and cash offices,-1,XNA,,XNA,Cash,,,,,,
2367563,342292,Cash loans,,0.0,0.0,,,MONDAY,15,Y,1,,,,XNA,Canceled,-386,XNA,XAP,,Repeater,XNA,XNA,XNA,Credit and cash offices,-1,XNA,,XNA,Cash,,,,,,
2579447,334349,Cash loans,,0.0,0.0,,,SATURDAY,15,Y,1,,,,XNA,Canceled,-57,XNA,XAP,,Repeater,XNA,XNA,XNA,Credit and cash offices,-1,XNA,,XNA,Cash,,,,,,
1715995,447712,Cash loans,11368.62,270000.0,335754.0,,270000.0,FRIDAY,7,Y,1,,,,XNA,Approved,-735,Cash through the bank,XAP,Unaccompanied,Repeater,XNA,Cash,x-sell,Credit and cash offices,-1,XNA,54.0,low_normal,Cash X-Sell: low,365243.0,-705.0,885.0,-345.0,-334.0,1.0
2257824,161140,Cash loans,13832.775,211500.0,246397.5,,211500.0,FRIDAY,10,Y,1,,,,XNA,Approved,-815,Cash through the bank,XAP,Unaccompanied,Repeater,XNA,Cash,x-sell,Credit and cash offices,-1,XNA,30.0,middle,Cash X-Sell: middle,365243.0,-785.0,85.0,-725.0,-721.0,1.0
2330894,258628,Cash loans,12165.21,148500.0,174361.5,,148500.0,TUESDAY,15,Y,1,,,,XNA,Approved,-860,Cash through the bank,XAP,Unaccompanied,Repeater,XNA,Cash,x-sell,Credit and cash offices,-1,XNA,24.0,high,Cash X-Sell: high,365243.0,-830.0,-140.0,-200.0,-197.0,1.0
1397919,321676,Consumer loans,7654.86,53779.5,57564.0,0.0,53779.5,SUNDAY,15,Y,1,0.0,,,XAP,Approved,-408,Cash through the bank,XAP,Unaccompanied,New,Consumer Electronics,POS,XNA,Country-wide,200,Consumer electronics,8.0,low_action,POS household without interest,365243.0,-378.0,-168.0,-168.0,-163.0,1.0
2273188,270658,Consumer loans,9644.22,26550.0,27252.0,0.0,26550.0,SATURDAY,10,Y,1,0.0,,,XAP,Approved,-726,Cash through the bank,XAP,,New,Construction Materials,POS,XNA,Stone,83,Consumer electronics,3.0,middle,POS household with interest,365243.0,-693.0,-633.0,-633.0,-627.0,0.0
1232483,151612,Consumer loans,21307.455,126490.5,119853.0,12649.5,126490.5,TUESDAY,7,Y,1,0.1039712869911545,,,XAP,Approved,-699,Cash through the bank,XAP,Unaccompanied,New,Auto Accessories,POS,XNA,Regional / Local,130,Industry,6.0,low_normal,POS other with interest,365243.0,-668.0,-518.0,-518.0,-512.0,0.0
2163253,154602,Consumer loans,4187.34,26955.0,27297.0,1350.0,26955.0,SATURDAY,12,Y,1,0.05132379401936423,,,XAP,Approved,-1473,Cash through the bank,XAP,Unaccompanied,Repeater,Photo / Cinema Equipment,POS,XNA,Stone,130,Consumer electronics,8.0,high,POS household with interest,365243.0,-1440.0,-1230.0,-1230.0,-1226.0,0.0
1285768,142748,Revolving loans,9000.0,180000.0,180000.0,,180000.0,FRIDAY,13,Y,1,,,,XAP,Approved,-336,XNA,XAP,Unaccompanied,Repeater,XNA,Cards,x-sell,AP+ (Cash loan),6,XNA,0.0,XNA,Card X-Sell,-277.0,-257.0,365243.0,365243.0,365243.0,0.0
2393109,396305,Cash loans,10181.7,180000.0,180000.0,,180000.0,THURSDAY,14,Y,1,,,,XNA,Approved,-700,Cash through the bank,XAP,Unaccompanied,Repeater,XNA,Cash,x-sell,AP+ (Cash loan),6,XNA,24.0,low_normal,Cash X-Sell: low,,,,,,
1173070,199178,Cash loans,4666.5,45000.0,49455.0,,45000.0,SATURDAY,16,Y,1,,,,Everyday expenses,Refused,-584,XNA,HC,,Repeater,XNA,Cash,walk-in,AP+ (Cash loan),6,XNA,18.0,high,Cash Street: high,,,,,,
1506815,166490,Cash loans,25454.025,450000.0,491580.0,,450000.0,MONDAY,6,Y,1,,,,XNA,Refused,-401,Cash through the bank,HC,Unaccompanied,Repeater,XNA,Cash,x-sell,Credit and cash offices,-1,XNA,24.0,low_normal,Cash X-Sell: low,,,,,,
1182516,267782,Cash loans,20361.6,405000.0,451777.5,,405000.0,SATURDAY,4,Y,1,,,,XNA,Approved,-686,Cash through the bank,XAP,,Repeater,XNA,Cash,x-sell,Credit and cash offices,-1,XNA,30.0,low_normal,Cash X-Sell: low,365243.0,-656.0,214.0,365243.0,365243.0,1.0
1172842,302212,Cash loans,,0.0,0.0,,,TUESDAY,9,Y,1,,,,XNA,Refused,-239,XNA,HC,,Repeater,XNA,XNA,XNA,Credit and cash offices,-1,XNA,,XNA,Cash,,,,,,
1172937,302212,Cash loans,39475.305,1129500.0,1277104.5,,1129500.0,THURSDAY,5,Y,1,,,,XNA,Refused,-594,Cash through the bank,HC,,Repeater,XNA,Cash,x-sell,Credit and cash offices,-1,XNA,54.0,low_normal,Cash X-Sell: low,,,,,,
1555330,199353,Cash loans,,0.0,0.0,,,SATURDAY,6,Y,1,,,,XNA,Canceled,-202,XNA,XAP,,Repeater,XNA,XNA,XNA,Credit and cash offices,-1,XNA,,XNA,Cash,,,,,,
1543131,275707,Cash loans,22619.52,229500.0,241920.0,,229500.0,THURSDAY,8,Y,1,,,,XNA,Approved,-370,Cash through the bank,XAP,Unaccompanied,Repeater,XNA,Cash,x-sell,Credit and cash offices,-1,XNA,12.0,low_normal,Cash X-Sell: low,365243.0,-340.0,-10.0,-10.0,-3.0,1.0
2536650,338725,Cash loans,16708.32,369000.0,369000.0,,369000.0,WEDNESDAY,13,Y,1,,,,XNA,Approved,-1487,XNA,XAP,,Repeater,XNA,Cash,x-sell,Country-wide,-1,Consumer electronics,48.0,middle,Cash X-Sell: middle,365243.0,-1457.0,-47.0,-47.0,-41.0,0.0
1676258,433469,Cash loans,22242.825,247500.0,268083.0,0.0,247500.0,THURSDAY,14,Y,1,0.0,,,XNA,Approved,-1883,XNA,XAP,,Repeater,XNA,Cash,x-sell,Country-wide,-1,Consumer electronics,18.0,high,Cash X-Sell: high,365243.0,-1853.0,-1343.0,-1343.0,-1334.0,1.0
2075578,418383,Consumer loans,7656.705,74610.0,65610.0,9000.0,74610.0,MONDAY,14,Y,1,0.13137405417260664,,,XAP,Approved,-2702,Cash through the bank,XAP,Family,New,Mobile,POS,XNA,Stone,61,Connectivity,12.0,low_normal,POS mobile with interest,365243.0,-2671.0,-2341.0,-2341.0,-2332.0,0.0
1583704,315664,Cash loans,,0.0,0.0,,,WEDNESDAY,15,Y,1,,,,XNA,Refused,-430,XNA,HC,,Repeater,XNA,XNA,XNA,Credit and cash offices,-1,XNA,,XNA,Cash,,,,,,
2138466,170289,Consumer loans,3286.485,32562.0,32562.0,0.0,32562.0,FRIDAY,12,Y,1,0.0,0.19691431485889155,0.8673361522198731,XAP,Approved,-307,Cash through the bank,XAP,,Refreshed,Photo / Cinema Equipment,POS,XNA,Country-wide,20,Connectivity,12.0,middle,POS mobile with interest,365243.0,-273.0,57.0,-183.0,-179.0,0.0
2191093,182450,Consumer loans,9789.255,100485.0,100485.0,0.0,100485.0,WEDNESDAY,9,Y,1,0.0,,,XAP,Approved,-391,Cash through the bank,XAP,,Refreshed,Computers,POS,XNA,Stone,200,Consumer electronics,12.0,low_normal,POS household with interest,365243.0,-360.0,-30.0,-270.0,-261.0,0.0
1471931,257846,Cash loans,,0.0,0.0,,,MONDAY,12,Y,1,,,,XNA,Canceled,-302,XNA,XAP,,Repeater,XNA,XNA,XNA,Credit and cash offices,-1,XNA,,XNA,Cash,,,,,,
1478703,393511,Cash loans,,0.0,0.0,,,WEDNESDAY,19,Y,1,,,,XNA,Canceled,-152,XNA,XAP,,Repeater,XNA,XNA,XNA,Credit and cash offices,-1,XNA,,XNA,Cash,,,,,,
1629736,255331,Revolving loans,10125.0,202500.0,202500.0,,202500.0,SATURDAY,14,Y,1,,,,XAP,Approved,-284,XNA,XAP,Unaccompanied,Repeater,XNA,Cards,x-sell,Credit and cash offices,-1,XNA,0.0,XNA,Card X-Sell,-265.0,-234.0,365243.0,365243.0,365243.0,0.0
2027074,208000,Consumer loans,12065.535,56655.0,66411.0,0.0,56655.0,SATURDAY,7,Y,1,0.0,,,XAP,Approved,-676,Cash through the bank,XAP,Unaccompanied,Repeater,Audio/Video,POS,XNA,Country-wide,50,Consumer electronics,6.0,middle,POS household with interest,365243.0,-645.0,-495.0,-495.0,-493.0,0.0
2766278,178375,Consumer loans,7511.085,32490.0,38380.5,0.0,32490.0,MONDAY,5,Y,1,0.0,,,XAP,Refused,-801,Cash through the bank,LIMIT,"Spouse, partner",Repeater,Consumer Electronics,POS,XNA,Country-wide,50,Consumer electronics,6.0,high,POS household with interest,,,,,,
1151694,161591,Consumer loans,39111.075,214380.0,209497.5,13500.0,214380.0,FRIDAY,12,Y,1,0.0659322515845571,,,XAP,Approved,-989,Cash through the bank,XAP,Family,Repeater,Audio/Video,POS,XNA,Country-wide,50,Consumer electronics,6.0,middle,POS household with interest,365243.0,-958.0,-808.0,-808.0,-804.0,0.0
1692577,125157,Consumer loans,9946.485,99319.5,109809.0,0.0,99319.5,SATURDAY,9,Y,1,0.0,,,XAP,Approved,-392,XNA,XAP,Unaccompanied,Repeater,Audio/Video,POS,XNA,Regional / Local,136,Consumer electronics,12.0,low_action,POS household without interest,365243.0,-362.0,-32.0,-242.0,-237.0,1.0
2740958,281589,Consumer loans,6752.25,35955.0,33115.5,4500.0,35955.0,THURSDAY,9,Y,1,0.13028961707033246,,,XAP,Approved,-983,Cash through the bank,XAP,Unaccompanied,Refreshed,Mobile,POS,XNA,Country-wide,40,Connectivity,6.0,high,POS mobile with interest,365243.0,-952.0,-802.0,-802.0,-783.0,0.0
2317570,258076,Consumer loans,4539.285,18360.0,21834.0,0.0,18360.0,WEDNESDAY,10,Y,1,0.0,,,XAP,Approved,-795,Cash through the bank,XAP,Unaccompanied,Repeater,Mobile,POS,XNA,Country-wide,40,Connectivity,6.0,high,POS mobile with interest,365243.0,-764.0,-614.0,-614.0,-609.0,0.0
1366380,247572,Consumer loans,,17950.5,17950.5,0.0,17950.5,MONDAY,19,Y,1,0.0,,,XAP,Unused offer,-1141,Cash through the bank,CLIENT,,Repeater,Mobile,XNA,XNA,Country-wide,25,Connectivity,,XNA,POS mobile with interest,,,,,,
2319873,188414,Consumer loans,3560.715,71356.5,76410.0,7573.5,71356.5,FRIDAY,17,Y,1,0.09821250602796976,,,XAP,Approved,-2594,Cash through the bank,XAP,Unaccompanied,Repeater,Consumer Electronics,POS,XNA,Country-wide,1535,Consumer electronics,24.0,low_action,POS household without interest,365243.0,-2563.0,-1873.0,-1933.0,-1927.0,1.0
2057616,304455,Consumer loans,15542.73,129505.5,131112.0,9000.0,129505.5,WEDNESDAY,12,Y,1,0.06995702139587028,,,XAP,Approved,-406,Cash through the bank,XAP,,New,Consumer Electronics,POS,XNA,Country-wide,800,Consumer electronics,10.0,middle,POS household with interest,365243.0,-374.0,-104.0,-104.0,-101.0,0.0
2675386,118974,Consumer loans,6899.49,55831.5,60745.5,0.0,55831.5,SUNDAY,13,Y,1,0.0,,,XAP,Approved,-302,Cash through the bank,XAP,Unaccompanied,New,Mobile,POS,XNA,Country-wide,182,Connectivity,10.0,low_normal,POS mobile without interest,365243.0,-272.0,-2.0,365243.0,365243.0,1.0
2621158,281470,Revolving loans,14625.0,292500.0,292500.0,,292500.0,FRIDAY,17,Y,1,,,,XAP,Refused,-231,XNA,HC,Unaccompanied,Repeater,XNA,Cards,x-sell,Country-wide,182,Connectivity,0.0,XNA,Card X-Sell,,,,,,
2586290,447421,Consumer loans,10274.04,126544.5,101232.0,25312.5,126544.5,SATURDAY,15,Y,1,0.21784916481051048,,,XAP,Approved,-243,Cash through the bank,XAP,Unaccompanied,Repeater,Mobile,POS,XNA,Country-wide,212,Connectivity,12.0,middle,POS mobile with interest,365243.0,-212.0,118.0,-122.0,-116.0,0.0
1475738,235737,Cash loans,75897.63,2025000.0,2241513.0,,2025000.0,THURSDAY,19,Y,1,,,,XNA,Approved,-524,Cash through the bank,XAP,,Repeater,XNA,Cash,x-sell,Credit and cash offices,-1,XNA,54.0,low_normal,Cash X-Sell: low,,,,,,
2600277,256517,Cash loans,,0.0,0.0,,,FRIDAY,17,Y,1,,,,XNA,Canceled,-218,XNA,XAP,,Repeater,XNA,XNA,XNA,Credit and cash offices,-1,XNA,,XNA,Cash,,,,,,
1371540,200721,Revolving loans,11250.0,225000.0,225000.0,,225000.0,FRIDAY,15,Y,1,,,,XAP,Approved,-847,XNA,XAP,,Repeater,XNA,Cards,walk-in,Credit and cash offices,-1,XNA,0.0,XNA,Card Street,365243.0,365243.0,365243.0,365243.0,-171.0,0.0
2261993,299391,Revolving loans,,0.0,0.0,,,FRIDAY,13,Y,1,,,,XAP,Canceled,-161,XNA,XAP,,Repeater,XNA,XNA,XNA,Credit and cash offices,-1,XNA,,XNA,Card Street,,,,,,
2664403,163660,Cash loans,9804.285,67500.0,82611.0,,67500.0,SATURDAY,10,Y,1,,,,Car repairs,Approved,-766,Cash through the bank,XAP,,New,XNA,Cash,walk-in,Credit and cash offices,-1,XNA,12.0,high,Cash Street: high,365243.0,-736.0,-406.0,-466.0,-464.0,1.0
1912041,253391,Cash loans,5294.43,45000.0,47970.0,,45000.0,SUNDAY,17,Y,1,,,,XNA,Refused,-774,Cash through the bank,HC,Unaccompanied,Refreshed,XNA,Cash,x-sell,Regional / Local,333,Consumer electronics,12.0,high,Cash X-Sell: high,,,,,,
2609003,371440,Consumer loans,11688.255,93415.5,101637.0,0.0,93415.5,FRIDAY,10,Y,1,0.0,,,XAP,Approved,-598,Cash through the bank,XAP,Unaccompanied,New,Computers,POS,XNA,Regional / Local,333,Consumer electronics,10.0,middle,POS household with interest,365243.0,-567.0,-297.0,-357.0,-344.0,0.0
1399859,197343,Consumer loans,4818.78,106398.0,106398.0,0.0,106398.0,SATURDAY,14,Y,1,0.0,,,XAP,Refused,-409,Cash through the bank,LIMIT,,Repeater,Computers,POS,XNA,Country-wide,1000,Consumer electronics,24.0,low_action,POS household without interest,,,,,,
2741581,383645,Cash loans,47407.5,450000.0,450000.0,,450000.0,MONDAY,13,Y,1,,,,XNA,Approved,-557,Cash through the bank,XAP,,Repeater,XNA,Cash,x-sell,Credit and cash offices,-1,XNA,12.0,middle,Cash X-Sell: middle,365243.0,-527.0,-197.0,-197.0,-194.0,0.0
2563201,290976,Cash loans,49299.435,450000.0,504711.0,,450000.0,THURSDAY,15,Y,1,,,,XNA,Approved,-1042,Cash through the bank,XAP,Unaccompanied,Repeater,XNA,Cash,x-sell,Credit and cash offices,-1,XNA,12.0,low_normal,Cash X-Sell: low,365243.0,-1012.0,-682.0,-742.0,-738.0,1.0
2586409,446260,Cash loans,,0.0,0.0,,,THURSDAY,16,Y,1,,,,XNA,Canceled,-209,XNA,XAP,,Repeater,XNA,XNA,XNA,Credit and cash offices,-1,XNA,,XNA,Cash,,,,,,
1760006,283527,Cash loans,14730.66,72000.0,72000.0,,72000.0,WEDNESDAY,15,Y,1,,,,XNA,Approved,-183,XNA,XAP,Unaccompanied,Repeater,XNA,Cash,x-sell,Contact center,-1,XNA,6.0,high,Cash X-Sell: high,365243.0,-153.0,-3.0,-3.0,365243.0,0.0
2076528,431383,Consumer loans,3725.505,26370.0,29983.5,2637.0,26370.0,SATURDAY,16,Y,1,0.08804073289105706,,,XAP,Approved,-1773,Cash through the bank,XAP,Unaccompanied,New,Mobile,POS,XNA,Country-wide,24,Connectivity,12.0,high,POS mobile with interest,365243.0,-1742.0,-1412.0,-1472.0,-1464.0,0.0
2511538,435636,Cash loans,,0.0,0.0,,,THURSDAY,15,Y,1,,,,XNA,Canceled,-152,XNA,XAP,,Repeater,XNA,XNA,XNA,Credit and cash offices,-1,XNA,,XNA,Cash,,,,,,
1024150,374768,Cash loans,,0.0,0.0,,,FRIDAY,11,Y,1,,,,XNA,Canceled,-19,XNA,XAP,,Refreshed,XNA,XNA,XNA,Credit and cash offices,-1,XNA,,XNA,Cash,,,,,,
2326929,221146,Revolving loans,,0.0,0.0,,,MONDAY,14,Y,1,,,,XAP,Canceled,-295,XNA,XAP,,Refreshed,XNA,XNA,XNA,Credit and cash offices,-1,XNA,,XNA,Card Street,,,,,,
1074341,137179,Cash loans,,0.0,0.0,,,FRIDAY,16,Y,1,,,,XNA,Canceled,-237,XNA,XAP,,Repeater,XNA,XNA,XNA,Credit and cash offices,-1,XNA,,XNA,Cash,,,,,,
1760015,269239,Cash loans,,0.0,0.0,,,WEDNESDAY,8,Y,1,,,,XNA,Canceled,-207,XNA,XAP,,Repeater,XNA,XNA,XNA,Credit and cash offices,-1,XNA,,XNA,Cash,,,,,,
2810623,369919,Cash loans,,0.0,0.0,,,WEDNESDAY,10,Y,1,,,,XNA,Canceled,-419,XNA,XAP,,Repeater,XNA,XNA,XNA,Credit and cash offices,-1,XNA,,XNA,Cash,,,,,,
2433280,407487,Cash loans,,0.0,0.0,,,TUESDAY,11,Y,1,,,,XNA,Canceled,-181,XNA,XAP,,Repeater,XNA,XNA,XNA,Credit and cash offices,-1,XNA,,XNA,Cash,,,,,,
2325707,353086,Cash loans,,0.0,0.0,,,FRIDAY,16,Y,1,,,,XNA,Canceled,-388,XNA,XAP,,Repeater,XNA,XNA,XNA,Credit and cash offices,-1,XNA,,XNA,Cash,,,,,,
2345724,197444,Cash loans,10030.5,360000.0,360000.0,,360000.0,THURSDAY,10,Y,1,,,,XNA,Approved,-208,Cash through the bank,XAP,Unaccompanied,Repeater,XNA,Cash,x-sell,Credit and cash offices,-1,XNA,60.0,low_normal,Cash X-Sell: low,365243.0,-178.0,1592.0,365243.0,365243.0,0.0
2734980,348760,Cash loans,,0.0,0.0,,,SUNDAY,8,Y,1,,,,XNA,Canceled,-405,XNA,XAP,,Repeater,XNA,XNA,XNA,Credit and cash offices,-1,XNA,,XNA,Cash,,,,,,
1816690,372970,Consumer loans,10483.65,104850.0,93838.5,11011.5,104850.0,SATURDAY,11,Y,1,0.11437791650409675,,,XAP,Approved,-132,Cash through the bank,XAP,,Repeater,Medicine,POS,XNA,Stone,250,XNA,10.0,low_normal,POS industry with interest,365243.0,-99.0,171.0,365243.0,365243.0,0.0
2203764,205177,Cash loans,34423.11,450000.0,491580.0,,450000.0,WEDNESDAY,17,Y,1,,,,XNA,Approved,-880,Cash through the bank,XAP,Family,Repeater,XNA,Cash,x-sell,AP+ (Cash loan),5,XNA,24.0,high,Cash X-Sell: high,365243.0,-850.0,-160.0,-730.0,-720.0,1.0
1946657,427532,Consumer loans,7795.125,147195.0,172840.5,0.0,147195.0,SUNDAY,11,Y,1,0.0,,,XAP,Approved,-1327,Cash through the bank,XAP,Unaccompanied,New,Audio/Video,POS,XNA,Country-wide,2078,Consumer electronics,24.0,low_action,POS household without interest,365243.0,-1296.0,-606.0,-996.0,-990.0,0.0
1894597,442603,Consumer loans,2334.42,39996.0,45153.0,0.0,39996.0,MONDAY,17,Y,1,0.0,,,XAP,Approved,-1071,Cash through the bank,XAP,Children,Repeater,Photo / Cinema Equipment,POS,XNA,Country-wide,2078,Consumer electronics,24.0,low_normal,POS household with interest,365243.0,-1040.0,-350.0,-350.0,-344.0,0.0
1385097,369423,Consumer loans,2652.705,19611.0,14170.5,6111.0,19611.0,FRIDAY,12,Y,1,0.3281529741614055,,,XAP,Approved,-1525,Cash through the bank,XAP,"Spouse, partner",Repeater,Audio/Video,POS,XNA,Country-wide,2078,Consumer electronics,6.0,middle,POS household with interest,,,,,,
1973766,282755,Consumer loans,13150.575,249309.0,287482.5,0.0,249309.0,FRIDAY,17,Y,1,0.0,,,XAP,Approved,-1268,Cash through the bank,XAP,Unaccompanied,Repeater,Audio/Video,POS,XNA,Country-wide,2078,Consumer electronics,24.0,low_action,POS household without interest,365243.0,-1237.0,-547.0,-937.0,-930.0,0.0
1241792,404105,Consumer loans,23343.03,132480.0,125527.5,13248.0,132480.0,SATURDAY,16,Y,1,0.10396846967682592,,,XAP,Approved,-33,Cash through the bank,XAP,Family,Refreshed,Consumer Electronics,POS,XNA,Regional / Local,100,Consumer electronics,6.0,middle,POS household with interest,365243.0,-3.0,147.0,365243.0,365243.0,1.0
1395742,451154,Consumer loans,6087.42,66649.5,59980.5,6669.0,66649.5,FRIDAY,13,Y,1,0.10897527022299147,,,XAP,Approved,-600,Cash through the bank,XAP,,Repeater,Mobile,POS,XNA,Country-wide,30,Connectivity,12.0,middle,POS mobile with interest,365243.0,-562.0,-232.0,-352.0,-346.0,0.0
2729966,216189,Consumer loans,30041.055,325588.5,293026.5,32562.0,325588.5,SUNDAY,18,Y,1,0.10891962763370992,,,XAP,Approved,-514,Cash through the bank,XAP,Unaccompanied,New,Clothing and Accessories,POS,XNA,Stone,40,Clothing,12.0,middle,POS industry with interest,365243.0,-484.0,-154.0,-184.0,-178.0,0.0
2334831,430368,Cash loans,58021.695,877500.0,1031193.0,,877500.0,THURSDAY,16,Y,1,,,,XNA,Approved,-970,Cash through the bank,XAP,Unaccompanied,Repeater,XNA,Cash,x-sell,Credit and cash offices,-1,XNA,30.0,middle,Cash X-Sell: middle,365243.0,-940.0,-70.0,-70.0,-57.0,1.0
2012211,282125,Revolving loans,33750.0,0.0,675000.0,,,FRIDAY,17,Y,1,,,,XAP,Refused,-568,XNA,SCOFR,,Repeater,XNA,Cards,x-sell,Credit and cash offices,-1,XNA,0.0,XNA,Card X-Sell,,,,,,
1299881,454363,Cash loans,40933.575,688500.0,783018.0,,688500.0,WEDNESDAY,12,Y,1,,,,XNA,Refused,-456,Cash through the bank,HC,Unaccompanied,Repeater,XNA,Cash,x-sell,Credit and cash offices,-1,XNA,48.0,high,Cash X-Sell: high,,,,,,
2709276,342991,Revolving loans,45000.0,900000.0,900000.0,,900000.0,TUESDAY,13,Y,1,,,,XAP,Approved,-511,XNA,XAP,,Repeater,XNA,Cards,x-sell,Credit and cash offices,-1,XNA,0.0,XNA,Card X-Sell,-479.0,-435.0,365243.0,365243.0,365243.0,0.0
2742815,244966,Cash loans,,0.0,0.0,,,WEDNESDAY,12,Y,1,,,,XNA,Canceled,-183,XNA,XAP,,Repeater,XNA,XNA,XNA,Credit and cash offices,-1,XNA,,XNA,Cash,,,,,,
2796269,240839,Cash loans,,0.0,0.0,,,WEDNESDAY,13,Y,1,,,,XNA,Refused,-223,XNA,HC,,Repeater,XNA,XNA,XNA,Credit and cash offices,-1,XNA,,XNA,Cash,,,,,,
1981960,306707,Cash loans,10678.005,225000.0,269550.0,,225000.0,WEDNESDAY,11,Y,1,,,,Building a house or an annex,Refused,-13,Cash through the bank,SCOFR,Unaccompanied,Repeater,XNA,Cash,walk-in,Credit and cash offices,-1,XNA,36.0,low_normal,Cash Street: low,,,,,,
1275378,433914,Revolving loans,,0.0,0.0,,,TUESDAY,17,Y,1,,,,XAP,Canceled,-314,XNA,XAP,,Repeater,XNA,XNA,XNA,Credit and cash offices,-1,XNA,,XNA,Card Street,,,,,,
1009986,360684,Consumer loans,11451.735,57600.0,60642.0,0.0,57600.0,TUESDAY,14,Y,1,0.0,,,XAP,Approved,-693,Cash through the bank,XAP,Unaccompanied,New,Furniture,POS,XNA,Stone,95,Furniture,6.0,middle,POS industry with interest,365243.0,-662.0,-512.0,-512.0,-506.0,0.0
1519873,258336,Consumer loans,4699.035,46530.0,46300.5,4653.0,46530.0,WEDNESDAY,12,Y,1,0.09945420824869734,,,XAP,Approved,-621,Cash through the bank,XAP,Unaccompanied,Refreshed,Mobile,POS,XNA,Country-wide,31,Connectivity,12.0,middle,POS mobile with interest,365243.0,-590.0,-260.0,-260.0,-252.0,0.0
2535384,394386,Consumer loans,3995.505,28750.5,19750.5,9000.0,28750.5,SUNDAY,8,Y,1,0.3409268771610295,,,XAP,Approved,-953,Cash through the bank,XAP,,Repeater,Audio/Video,POS,XNA,Country-wide,20,Connectivity,6.0,high,POS mobile with interest,365243.0,-914.0,-764.0,-854.0,-827.0,0.0
2443751,210583,Cash loans,,0.0,0.0,,,MONDAY,18,Y,1,,,,XNA,Canceled,-201,XNA,XAP,,Repeater,XNA,XNA,XNA,Credit and cash offices,-1,XNA,,XNA,Cash,,,,,,
1524716,273901,Revolving loans,,0.0,0.0,,,MONDAY,14,Y,1,,,,XAP,Canceled,-395,XNA,XAP,,Repeater,XNA,XNA,XNA,Credit and cash offices,-1,XNA,,XNA,Card Street,,,,,,
2081217,281586,Revolving loans,,0.0,0.0,,,THURSDAY,14,Y,1,,,,XAP,Canceled,-84,XNA,XAP,,Repeater,XNA,XNA,XNA,Credit and cash offices,-1,XNA,,XNA,Card Street,,,,,,
2522811,120854,Revolving loans,33750.0,0.0,675000.0,,,THURSDAY,18,Y,1,,,,XAP,Approved,-879,XNA,XAP,,Repeater,XNA,Cards,x-sell,Credit and cash offices,-1,XNA,0.0,XNA,Card X-Sell,-332.0,-297.0,365243.0,365243.0,365243.0,0.0
2408628,320444,Cash loans,55973.295,1035000.0,1110141.0,,1035000.0,FRIDAY,16,Y,1,,,,XNA,Approved,-953,Cash through the bank,XAP,Unaccompanied,Repeater,XNA,Cash,x-sell,Credit and cash offices,-1,XNA,30.0,middle,Cash X-Sell: middle,365243.0,-923.0,-53.0,-53.0,-48.0,1.0
1851241,415052,Consumer loans,9675.855,46476.0,48775.5,0.0,46476.0,TUESDAY,16,Y,1,0.0,,,XAP,Approved,-1368,Cash through the bank,XAP,Children,New,Consumer Electronics,POS,XNA,Country-wide,3500,Consumer electronics,6.0,high,POS household with interest,365243.0,-1337.0,-1187.0,-1187.0,-1181.0,0.0
2030030,133853,Consumer loans,7253.055,104809.5,121410.0,0.0,104809.5,SATURDAY,14,Y,1,0.0,,,XAP,Approved,-346,Cash through the bank,XAP,,Repeater,Audio/Video,POS,XNA,Country-wide,3500,Consumer electronics,18.0,low_action,POS household without interest,365243.0,-315.0,195.0,365243.0,365243.0,0.0
1935914,191576,Consumer loans,,23400.0,23400.0,,23400.0,SATURDAY,9,Y,1,,,,XAP,Unused offer,-1412,Cash through the bank,CLIENT,Family,Repeater,Audio/Video,XNA,XNA,Country-wide,3500,Consumer electronics,,XNA,POS household with interest,,,,,,
1457539,307992,Consumer loans,,113215.5,113215.5,0.0,113215.5,SUNDAY,12,Y,1,0.0,,,XAP,Unused offer,-520,Cash through the bank,CLIENT,,New,Computers,XNA,XNA,Country-wide,25,Connectivity,,XNA,POS mobile with interest,,,,,,
1077629,203467,Cash loans,46345.32,1012500.0,1115410.5,,1012500.0,THURSDAY,10,Y,1,,,,XNA,Approved,-974,Cash through the bank,XAP,Unaccompanied,Repeater,XNA,Cash,x-sell,Credit and cash offices,-1,XNA,42.0,middle,Cash X-Sell: middle,365243.0,-944.0,286.0,-554.0,-551.0,1.0
2289239,444025,Cash loans,,0.0,0.0,,,FRIDAY,14,Y,1,,,,XNA,Refused,-308,XNA,HC,,Repeater,XNA,XNA,XNA,Credit and cash offices,-1,XNA,,XNA,Cash,,,,,,
1196771,127624,Cash loans,49186.8,1170000.0,1170000.0,,1170000.0,FRIDAY,17,Y,1,,,,XNA,Refused,-358,Cash through the bank,HC,,Repeater,XNA,Cash,x-sell,Credit and cash offices,-1,XNA,48.0,middle,Cash X-Sell: middle,,,,,,
2603082,223550,Cash loans,,0.0,0.0,,,SATURDAY,17,Y,1,,,,XNA,Canceled,-354,XNA,XAP,,Repeater,XNA,XNA,XNA,Credit and cash offices,-1,XNA,,XNA,Cash,,,,,,
1247611,119539,Cash loans,19011.6,405000.0,405000.0,,405000.0,FRIDAY,11,Y,1,,,,XNA,Refused,-147,Cash through the bank,HC,Unaccompanied,Repeater,XNA,Cash,x-sell,Credit and cash offices,-1,XNA,48.0,middle,Cash X-Sell: middle,,,,,,
1826549,141689,Cash loans,,0.0,0.0,,,WEDNESDAY,15,Y,1,,,,XNA,Canceled,-197,XNA,XAP,,Repeater,XNA,XNA,XNA,Credit and cash offices,-1,XNA,,XNA,Cash,,,,,,
1067163,422466,Cash loans,43067.475,630000.0,673245.0,,630000.0,TUESDAY,13,Y,1,,,,XNA,Refused,-500,Cash through the bank,HC,,Repeater,XNA,Cash,x-sell,Credit and cash offices,-1,XNA,24.0,middle,Cash X-Sell: middle,,,,,,
1655160,255798,Cash loans,,0.0,0.0,,,FRIDAY,12,Y,1,,,,XNA,Canceled,-261,XNA,XAP,,Repeater,XNA,XNA,XNA,Credit and cash offices,-1,XNA,,XNA,Cash,,,,,,
2743878,178345,Cash loans,,0.0,0.0,,,TUESDAY,12,Y,1,,,,XNA,Canceled,-248,XNA,XAP,,Repeater,XNA,XNA,XNA,Credit and cash offices,-1,XNA,,XNA,Cash,,,,,,
1015452,272179,Cash loans,,0.0,0.0,,,FRIDAY,14,Y,1,,,,XNA,Canceled,-60,XNA,XAP,,Repeater,XNA,XNA,XNA,Credit and cash offices,-1,XNA,,XNA,Cash,,,,,,
1729112,365261,Cash loans,10855.305,270000.0,328450.5,,270000.0,SATURDAY,9,Y,1,,,,XNA,Refused,-208,Cash through the bank,HC,Unaccompanied,Repeater,XNA,Cash,x-sell,Credit and cash offices,-1,XNA,48.0,low_normal,Cash X-Sell: low,,,,,,
1192792,445331,Cash loans,52507.8,886500.0,937989.0,,886500.0,TUESDAY,13,Y,1,,,,XNA,Refused,-422,Cash through the bank,HC,Unaccompanied,Repeater,XNA,Cash,x-sell,Credit and cash offices,-1,XNA,24.0,low_normal,Cash X-Sell: low,,,,,,
2603295,217812,Cash loans,,0.0,0.0,,,FRIDAY,16,Y,1,,,,XNA,Canceled,-200,XNA,XAP,,Repeater,XNA,XNA,XNA,Credit and cash offices,-1,XNA,,XNA,Cash,,,,,,
2086496,434442,Cash loans,,0.0,0.0,,,TUESDAY,12,Y,1,,,,XNA,Canceled,-469,XNA,XAP,,Repeater,XNA,XNA,XNA,Credit and cash offices,-1,XNA,,XNA,Cash,,,,,,
2577530,427367,Cash loans,,0.0,0.0,,,TUESDAY,10,Y,1,,,,XNA,Canceled,-128,XNA,XAP,,Repeater,XNA,XNA,XNA,Credit and cash offices,-1,XNA,,XNA,Cash,,,,,,
1168659,101529,Cash loans,,0.0,0.0,,,TUESDAY,11,Y,1,,,,XNA,Refused,-115,XNA,HC,,Repeater,XNA,XNA,XNA,Credit and cash offices,-1,XNA,,XNA,Cash,,,,,,
2686051,101529,Cash loans,,0.0,0.0,,,TUESDAY,9,Y,1,,,,XNA,Canceled,-164,XNA,XAP,,Repeater,XNA,XNA,XNA,Credit and cash offices,-1,XNA,,XNA,Cash,,,,,,
2640293,264510,Revolving loans,,0.0,0.0,,,MONDAY,10,Y,1,,,,XAP,Refused,-238,XNA,HC,,Repeater,XNA,XNA,XNA,Credit and cash offices,-1,XNA,,XNA,Card Street,,,,,,
1070086,348624,Cash loans,24394.005,468000.0,523597.5,,468000.0,THURSDAY,12,Y,1,,,,XNA,Refused,-48,Cash through the bank,HC,Unaccompanied,Repeater,XNA,Cash,x-sell,Credit and cash offices,-1,XNA,36.0,middle,Cash X-Sell: middle,,,,,,
2545472,326635,Cash loans,56548.62,1800000.0,2013840.0,,1800000.0,FRIDAY,11,Y,1,,,,XNA,Refused,-581,Cash through the bank,HC,,Repeater,XNA,Cash,x-sell,Credit and cash offices,-1,XNA,60.0,low_normal,Cash X-Sell: low,,,,,,
1246266,153017,Cash loans,,0.0,0.0,,,TUESDAY,13,Y,1,,,,XNA,Canceled,-88,XNA,XAP,,Repeater,XNA,XNA,XNA,Credit and cash offices,-1,XNA,,XNA,Cash,,,,,,
1181698,115097,Consumer loans,9874.845,103455.0,54459.0,51727.5,103455.0,SUNDAY,14,Y,1,0.5305377802262998,,,XAP,Approved,-220,Cash through the bank,XAP,Unaccompanied,Repeater,Computers,POS,XNA,Country-wide,70,Consumer electronics,6.0,low_normal,POS household with interest,365243.0,-189.0,-39.0,-159.0,-157.0,0.0
2567926,186632,Consumer loans,8418.96,186880.5,186880.5,0.0,186880.5,MONDAY,16,Y,1,0.0,,,XAP,Approved,-517,Cash through the bank,XAP,,Refreshed,Medicine,POS,XNA,Stone,100,Industry,24.0,low_action,POS industry without interest,365243.0,-480.0,210.0,365243.0,365243.0,0.0
1232481,292407,Consumer loans,10014.345,86989.5,91039.5,0.0,86989.5,FRIDAY,15,Y,1,0.0,,,XAP,Approved,-269,Cash through the bank,XAP,Family,Repeater,Consumer Electronics,POS,XNA,Country-wide,140,Consumer electronics,10.0,low_normal,POS household with interest,365243.0,-239.0,31.0,365243.0,365243.0,1.0
1418540,303722,Cash loans,6311.25,67500.0,67500.0,,67500.0,FRIDAY,12,Y,1,,,,XNA,Approved,-197,Cash through the bank,XAP,Unaccompanied,Repeater,XNA,Cash,x-sell,Credit and cash offices,-1,XNA,12.0,low_normal,Cash X-Sell: low,365243.0,-167.0,163.0,365243.0,365243.0,0.0
1494675,380561,Consumer loans,9095.31,56340.0,44959.5,13500.0,56340.0,SATURDAY,10,Y,1,0.2515027886438862,,,XAP,Approved,-2152,XNA,XAP,Family,Repeater,Mobile,POS,XNA,Stone,30,Connectivity,6.0,high,POS mobile with interest,365243.0,-2118.0,-1968.0,-2028.0,-2025.0,0.0
2449093,311178,Cash loans,,0.0,0.0,,,SATURDAY,12,Y,1,,,,XNA,Refused,-273,XNA,HC,,Repeater,XNA,XNA,XNA,Credit and cash offices,-1,XNA,,XNA,Cash,,,,,,
1343409,160671,Cash loans,,0.0,0.0,,,TUESDAY,11,Y,1,,,,XNA,Canceled,-345,XNA,XAP,,Repeater,XNA,XNA,XNA,Credit and cash offices,-1,XNA,,XNA,Cash,,,,,,
2559699,188312,Cash loans,8970.39,90000.0,95940.0,,90000.0,SATURDAY,10,Y,1,,,,XNA,Approved,-191,Cash through the bank,XAP,Unaccompanied,Repeater,XNA,Cash,x-sell,Credit and cash offices,-1,XNA,12.0,low_normal,Cash X-Sell: low,365243.0,-161.0,169.0,365243.0,365243.0,1.0
1146680,293304,Cash loans,,0.0,0.0,,,SATURDAY,12,Y,1,,,,XNA,Canceled,-367,XNA,XAP,,Repeater,XNA,XNA,XNA,Credit and cash offices,-1,XNA,,XNA,Cash,,,,,,
2608217,268456,Cash loans,,0.0,0.0,,,WEDNESDAY,11,Y,1,,,,XNA,Canceled,-385,XNA,XAP,,Repeater,XNA,XNA,XNA,Credit and cash offices,-1,XNA,,XNA,Cash,,,,,,
2740457,367231,Cash loans,,0.0,0.0,,,SUNDAY,10,Y,1,,,,XNA,Canceled,-314,XNA,XAP,,Repeater,XNA,XNA,XNA,Credit and cash offices,-1,XNA,,XNA,Cash,,,,,,
2822378,276770,Consumer loans,1542.06,22815.0,20533.5,2281.5,22815.0,FRIDAY,15,Y,1,0.1089090909090909,,,XAP,Approved,-2254,Cash through the bank,XAP,,New,Sport and Leisure,POS,XNA,Stone,5,Industry,24.0,low_normal,POS other with interest,365243.0,-2202.0,-1512.0,-1512.0,-1510.0,0.0
2833823,106086,Consumer loans,6232.725,58050.0,52245.0,5805.0,58050.0,FRIDAY,12,Y,1,0.1089090909090909,,,XAP,Approved,-1555,Cash through the bank,XAP,Unaccompanied,Repeater,Furniture,POS,XNA,Stone,135,Furniture,10.0,middle,POS industry with interest,365243.0,-1524.0,-1254.0,-1254.0,-1252.0,0.0
2147401,202386,Cash loans,,0.0,0.0,,,WEDNESDAY,11,Y,1,,,,XNA,Canceled,-26,XNA,XAP,,Repeater,XNA,XNA,XNA,Channel of corporate sales,-1,XNA,,XNA,Cash,,,,,,
2178955,269861,Consumer loans,6907.32,50661.0,57609.0,5067.0,50661.0,TUESDAY,18,Y,1,0.08804683828520705,,,XAP,Approved,-1435,Cash through the bank,XAP,,New,Mobile,POS,XNA,Country-wide,15,Connectivity,12.0,high,POS mobile with interest,365243.0,-1394.0,-1064.0,-1064.0,-1058.0,0.0
1845061,262439,Consumer loans,10971.135,119774.655,119772.0,2.655,119774.655,TUESDAY,19,Y,1,2.4141471028544085e-05,,,XAP,Approved,-1384,Cash through the bank,XAP,Unaccompanied,Repeater,Audio/Video,POS,XNA,Country-wide,2000,Consumer electronics,12.0,low_action,POS household without interest,365243.0,-1353.0,-1023.0,-1023.0,-1015.0,0.0
1326748,436731,Consumer loans,3360.555,32985.0,29700.0,3285.0,32985.0,WEDNESDAY,16,Y,1,0.10846335111000867,,,XAP,Approved,-778,Cash through the bank,XAP,,Repeater,Mobile,POS,XNA,Country-wide,30,Connectivity,12.0,high,POS mobile with interest,365243.0,-741.0,-411.0,-651.0,-648.0,0.0
2255346,135347,Consumer loans,12037.59,89100.0,97920.0,0.0,89100.0,WEDNESDAY,11,Y,1,0.0,,,XAP,Refused,-1661,Cash through the bank,HC,Family,Repeater,Furniture,POS,XNA,Stone,70,Furniture,12.0,high,POS industry with interest,,,,,,
1897668,205582,Revolving loans,2250.0,45000.0,45000.0,,45000.0,MONDAY,16,Y,1,,,,XAP,Approved,-234,XNA,XAP,Family,New,XNA,Cards,walk-in,Country-wide,3000,Consumer electronics,0.0,XNA,Card Street,365243.0,365243.0,365243.0,365243.0,365243.0,0.0
2741832,346883,Consumer loans,5202.855,37305.0,32805.0,4500.0,37305.0,MONDAY,18,Y,1,0.13137405417260664,,,XAP,Approved,-2904,XNA,XAP,,New,Mobile,POS,XNA,Stone,30,Connectivity,8.0,high,POS mobile with interest,365243.0,-2869.0,-2659.0,-2659.0,-2653.0,0.0
1103699,179380,Consumer loans,4565.025,32895.0,35608.5,0.0,32895.0,THURSDAY,9,Y,1,0.0,,,XAP,Approved,-1182,Cash through the bank,XAP,Unaccompanied,Repeater,Consumer Electronics,POS,XNA,Country-wide,230,Consumer electronics,10.0,high,POS household with interest,365243.0,-1151.0,-881.0,-881.0,-878.0,0.0
1561600,406839,Cash loans,12085.965,94500.0,100737.0,,94500.0,THURSDAY,14,Y,1,,,,XNA,Approved,-1013,Cash through the bank,XAP,Children,New,XNA,Cash,walk-in,Country-wide,25,Connectivity,12.0,high,Cash Street: high,365243.0,-983.0,-653.0,-713.0,-709.0,1.0
1897671,216158,Consumer loans,8191.485,76275.0,101682.0,0.0,76275.0,FRIDAY,13,Y,1,0.0,,,XAP,Approved,-554,Cash through the bank,XAP,,Repeater,Consumer Electronics,POS,XNA,Country-wide,1500,Consumer electronics,18.0,high,POS household with interest,365243.0,-523.0,-13.0,-13.0,-6.0,0.0
1975174,276237,Revolving loans,22500.0,0.0,450000.0,,,TUESDAY,13,Y,1,,,,XAP,Approved,-510,XNA,XAP,,Repeater,XNA,Cards,x-sell,Country-wide,1500,Consumer electronics,0.0,XNA,Card X-Sell,365243.0,365243.0,365243.0,365243.0,365243.0,0.0
2438787,253721,Consumer loans,17278.605,107991.0,97191.0,10800.0,107991.0,SUNDAY,18,Y,1,0.1089181674230428,,,XAP,Approved,-838,Cash through the bank,XAP,Unaccompanied,New,Computers,POS,XNA,Country-wide,2708,Consumer electronics,6.0,low_normal,POS household with interest,365243.0,-805.0,-655.0,-805.0,-795.0,0.0
1375746,227908,Revolving loans,2250.0,0.0,45000.0,,,SATURDAY,19,Y,1,,,,XAP,Refused,-672,XNA,HC,,Repeater,XNA,Cards,x-sell,Country-wide,2708,Consumer electronics,0.0,XNA,Card X-Sell,,,,,,
2241359,127285,Consumer loans,8586.18,48600.0,48600.0,0.0,48600.0,WEDNESDAY,9,Y,1,0.0,,,XAP,Approved,-495,Cash through the bank,XAP,,New,Consumer Electronics,POS,XNA,Country-wide,55,Consumer electronics,6.0,low_normal,POS household with interest,365243.0,-464.0,-314.0,-314.0,-309.0,0.0
1003555,195690,Cash loans,24703.335,337500.0,422496.0,,337500.0,MONDAY,15,Y,1,,,,XNA,Approved,-850,Cash through the bank,XAP,Children,Repeater,XNA,Cash,x-sell,Credit and cash offices,-1,XNA,24.0,middle,Cash X-Sell: middle,365243.0,-820.0,-130.0,-760.0,-753.0,1.0
2021594,131649,Cash loans,,0.0,0.0,,,MONDAY,12,Y,1,,,,XNA,Canceled,-359,XNA,XAP,,Repeater,XNA,XNA,XNA,Credit and cash offices,-1,XNA,,XNA,Cash,,,,,,
2487787,419090,Consumer loans,7452.945,113733.0,113733.0,0.0,113733.0,WEDNESDAY,14,Y,1,0.0,,,XAP,Approved,-819,Cash through the bank,XAP,Unaccompanied,New,Homewares,POS,XNA,Country-wide,172,Construction,18.0,low_normal,POS other with interest,365243.0,-787.0,-277.0,-547.0,-542.0,0.0
1642964,248217,Consumer loans,18553.725,180000.0,194031.0,4500.0,180000.0,WEDNESDAY,12,Y,1,0.02468586311915564,,,XAP,Approved,-16,Cash through the bank,XAP,"Spouse, partner",Repeater,Clothing and Accessories,POS,XNA,Stone,70,Clothing,12.0,low_normal,POS industry with interest,365243.0,365243.0,344.0,365243.0,365243.0,1.0
2783413,269324,Consumer loans,5775.615,128205.0,128205.0,0.0,128205.0,SUNDAY,20,Y,1,0.0,,,XAP,Approved,-991,Cash through the bank,XAP,"Spouse, partner",Repeater,Gardening,POS,XNA,Country-wide,4000000,Furniture,24.0,low_action,POS industry without interest,365243.0,-960.0,-270.0,-360.0,-354.0,0.0
1763186,393157,Consumer loans,,62860.5,62860.5,0.0,62860.5,FRIDAY,15,Y,1,0.0,,,XAP,Unused offer,-518,Cash through the bank,CLIENT,,Repeater,Computers,XNA,XNA,Country-wide,30,Connectivity,,XNA,POS mobile with interest,,,,,,
1892110,372945,Consumer loans,12607.695,75640.095,68076.0,7564.095,75640.095,TUESDAY,10,Y,1,0.10891032196614768,,,XAP,Refused,-2654,Cash through the bank,SCO,Family,Repeater,XNA,POS,XNA,Country-wide,2028,Consumer electronics,6.0,middle,POS household without interest,,,,,,
1811616,227148,Consumer loans,4932.045,34676.595,37534.5,4.095,34676.595,SATURDAY,16,Y,1,0.00011880645167266574,,,XAP,Approved,-2747,Cash through the bank,XAP,Family,New,Photo / Cinema Equipment,POS,XNA,Country-wide,2028,Consumer electronics,10.0,high,POS household with interest,365243.0,-2716.0,-2446.0,-2446.0,-2438.0,1.0
2354441,332724,Consumer loans,8712.99,80091.0,88546.5,0.0,80091.0,SUNDAY,15,Y,1,0.0,,,XAP,Approved,-1185,Cash through the bank,XAP,Family,Repeater,Consumer Electronics,POS,XNA,Regional / Local,40,Consumer electronics,12.0,middle,POS household with interest,365243.0,-1154.0,-824.0,-824.0,-820.0,0.0
2784652,123951,Consumer loans,2802.735,24327.0,24016.5,2475.0,24327.0,TUESDAY,5,Y,1,0.1017496178019364,,,XAP,Approved,-2354,Cash through the bank,XAP,Children,Repeater,Mobile,POS,XNA,Stone,13,Construction,12.0,high,POS industry with interest,365243.0,-2321.0,-1991.0,-1991.0,-1978.0,1.0
1521768,335217,Consumer loans,10216.8,49455.0,52542.0,4945.5,49455.0,SATURDAY,11,Y,1,0.09369165628891654,,,XAP,Approved,-671,XNA,XAP,Unaccompanied,Repeater,Computers,POS,XNA,Country-wide,53,Connectivity,6.0,high,POS mobile with interest,365243.0,-639.0,-489.0,-549.0,-544.0,0.0
2285261,229210,Consumer loans,20050.11,97510.5,97510.5,0.0,97510.5,SUNDAY,15,Y,1,0.0,,,XAP,Refused,-103,XNA,HC,,Repeater,Mobile,POS,XNA,Country-wide,53,Connectivity,6.0,high,POS mobile with interest,,,,,,
1723023,337203,Revolving loans,2250.0,45000.0,45000.0,,45000.0,WEDNESDAY,10,Y,1,,,,XAP,Approved,-160,XNA,XAP,Unaccompanied,Repeater,XNA,Cards,walk-in,Regional / Local,145,Consumer electronics,0.0,XNA,Card Street,365243.0,365243.0,365243.0,365243.0,365243.0,0.0
2180632,217192,Consumer loans,8530.695,93150.0,93150.0,0.0,93150.0,TUESDAY,15,Y,1,0.0,,,XAP,Approved,-772,Cash through the bank,XAP,,Repeater,Consumer Electronics,POS,XNA,Regional / Local,145,Consumer electronics,12.0,low_action,POS household without interest,365243.0,-738.0,-408.0,-648.0,-641.0,0.0
1600240,342072,Consumer loans,5045.715,42255.0,41494.5,4500.0,42255.0,SUNDAY,12,Y,1,0.10655424215741208,,,XAP,Approved,-1646,Cash through the bank,XAP,,New,Mobile,POS,XNA,Country-wide,63,Connectivity,12.0,high,POS mobile with interest,365243.0,-1612.0,-1282.0,-1282.0,-1275.0,0.0
1330119,272520,Consumer loans,11493.99,51210.0,55264.5,0.0,51210.0,SATURDAY,19,Y,1,0.0,,,XAP,Approved,-157,Cash through the bank,XAP,Other_B,Repeater,Mobile,POS,XNA,Country-wide,120,Connectivity,6.0,high,POS mobile with interest,365243.0,-127.0,23.0,-7.0,-2.0,1.0
1979918,246553,Consumer loans,2430.99,20205.0,22783.5,2020.5,20205.0,TUESDAY,13,Y,1,0.08871585961208606,,,XAP,Refused,-978,Cash through the bank,LIMIT,Children,Repeater,Consumer Electronics,POS,XNA,Country-wide,300,Consumer electronics,12.0,middle,POS household with interest,,,,,,
1816824,173254,Consumer loans,3166.74,30082.5,30082.5,0.0,30082.5,TUESDAY,8,Y,1,0.0,,,XAP,Approved,-66,Cash through the bank,XAP,Unaccompanied,Repeater,Furniture,POS,XNA,Stone,5,Construction,12.0,middle,POS industry with interest,365243.0,-36.0,294.0,365243.0,365243.0,0.0
1515456,111817,Consumer loans,7646.04,67318.65,67318.65,0.0,67318.65,SATURDAY,12,Y,1,0.0,,,XAP,Approved,-301,Cash through the bank,XAP,,Repeater,Mobile,POS,XNA,Country-wide,115,Connectivity,10.0,low_normal,POS mobile without interest,365243.0,-267.0,3.0,-267.0,-258.0,0.0
2723301,258384,Consumer loans,9147.105,51471.0,47376.0,6750.0,51471.0,FRIDAY,19,Y,1,0.13581945158267072,,,XAP,Refused,-389,Cash through the bank,LIMIT,"Spouse, partner",Repeater,Audio/Video,POS,XNA,Country-wide,3000,Consumer electronics,6.0,middle,POS household with interest,,,,,,
1665343,110713,Consumer loans,17769.735,143487.0,175549.5,0.0,143487.0,TUESDAY,13,Y,1,0.0,,,XAP,Approved,-1092,Cash through the bank,XAP,Family,Repeater,Audio/Video,POS,XNA,Country-wide,3000,Consumer electronics,12.0,middle,POS household with interest,365243.0,-1061.0,-731.0,-731.0,-722.0,0.0
1744003,351953,Consumer loans,23829.84,120577.5,126945.0,0.0,120577.5,SATURDAY,17,Y,1,0.0,,,XAP,Approved,-634,Cash through the bank,XAP,,New,Computers,POS,XNA,Country-wide,3000,Consumer electronics,6.0,middle,POS household with interest,365243.0,-603.0,-453.0,-453.0,-451.0,0.0
1638914,262912,Consumer loans,9042.21,92601.0,81882.0,18540.0,92601.0,WEDNESDAY,14,Y,1,0.201068943603448,,,XAP,Approved,-507,Cash through the bank,XAP,,New,Computers,POS,XNA,Country-wide,92,Connectivity,12.0,high,POS mobile with interest,365243.0,-469.0,-139.0,-289.0,-279.0,0.0
1041414,107678,Consumer loans,,24480.0,24480.0,0.0,24480.0,SUNDAY,12,Y,1,0.0,,,XAP,Refused,-1252,Cash through the bank,LIMIT,,Repeater,Mobile,XNA,XNA,Country-wide,92,Connectivity,,XNA,POS mobile with interest,,,,,,
2626990,275776,Consumer loans,17509.185,73872.0,65223.0,14778.0,73872.0,MONDAY,14,Y,1,0.20117980343427525,,,XAP,Approved,-1018,Cash through the bank,XAP,"Spouse, partner",New,Mobile,POS,XNA,Country-wide,-1,Connectivity,4.0,middle,POS mobile without interest,365243.0,-986.0,-896.0,-896.0,-892.0,0.0
1382147,336630,Cash loans,10061.91,112500.0,127350.0,,112500.0,MONDAY,13,Y,1,,,,Other,Approved,-631,Cash through the bank,XAP,,Repeater,XNA,Cash,walk-in,AP+ (Cash loan),4,XNA,24.0,high,Cash Street: high,,,,,,
2836013,347427,Consumer loans,13333.815,295650.0,295650.0,0.0,295650.0,THURSDAY,12,Y,1,0.0,,,XAP,Approved,-1511,Cash through the bank,XAP,Unaccompanied,Refreshed,Audio/Video,POS,XNA,Stone,246,Consumer electronics,24.0,low_action,POS household without interest,365243.0,-1480.0,-790.0,-790.0,-780.0,0.0
2542872,230939,Consumer loans,12792.465,61650.0,64701.0,0.0,61650.0,FRIDAY,10,Y,1,0.0,,,XAP,Approved,-1628,Cash through the bank,XAP,Family,Repeater,Audio/Video,POS,XNA,Country-wide,284,Consumer electronics,6.0,high,POS household with interest,365243.0,-1596.0,-1446.0,-1476.0,-1464.0,0.0
1856964,148833,Consumer loans,3476.16,34200.0,31950.0,5130.0,34200.0,SUNDAY,12,Y,1,0.1506751985878199,,,XAP,Approved,-2075,XNA,XAP,Family,Repeater,Audio/Video,POS,XNA,Country-wide,284,Consumer electronics,12.0,high,POS household with interest,365243.0,-2044.0,-1714.0,-1714.0,-1711.0,0.0
1701553,218487,Consumer loans,7300.755,29988.0,35509.5,0.0,29988.0,FRIDAY,16,Y,1,0.0,,,XAP,Approved,-1240,Cash through the bank,XAP,Unaccompanied,New,Photo / Cinema Equipment,POS,XNA,Country-wide,15,Connectivity,6.0,high,POS mobile with interest,365243.0,-1209.0,-1059.0,-1059.0,-1055.0,0.0
1169188,418859,Consumer loans,3181.41,22405.5,24624.0,0.0,22405.5,FRIDAY,8,Y,1,0.0,,,XAP,Approved,-1068,XNA,XAP,Unaccompanied,New,Mobile,POS,XNA,Country-wide,18,Connectivity,12.0,high,POS mobile with interest,365243.0,-1037.0,-707.0,-707.0,-702.0,0.0
2345630,382118,Consumer loans,5469.3,60610.5,53307.0,12105.0,60610.5,TUESDAY,14,Y,1,0.2015447540901586,,,XAP,Approved,-1312,Cash through the bank,XAP,,New,Computers,POS,XNA,Country-wide,30,Connectivity,12.0,middle,POS mobile with interest,365243.0,-1278.0,-948.0,-948.0,-943.0,0.0
1756835,405785,Consumer loans,6686.145,51700.5,50121.0,5400.0,51700.5,TUESDAY,15,Y,1,0.1059255220383442,,,XAP,Approved,-2339,Cash through the bank,XAP,Family,Repeater,Mobile,POS,XNA,Country-wide,41,Connectivity,10.0,low_normal,POS mobile with interest,365243.0,-2308.0,-2038.0,-2038.0,-2033.0,1.0
1630059,405785,Consumer loans,4550.535,28300.5,22617.0,6750.0,28300.5,FRIDAY,10,Y,1,0.2503273618811466,,,XAP,Approved,-2042,Cash through the bank,XAP,,Repeater,Photo / Cinema Equipment,POS,XNA,Country-wide,41,Connectivity,6.0,high,POS mobile with interest,365243.0,-2005.0,-1855.0,-1855.0,-1851.0,0.0
1198506,207086,Consumer loans,5156.91,24475.5,22000.5,2475.0,24475.5,MONDAY,13,Y,1,0.11013053870196723,,,XAP,Approved,-2782,Cash through the bank,XAP,,New,Mobile,POS,XNA,Country-wide,41,Connectivity,5.0,low_normal,POS mobile with interest,365243.0,-2744.0,-2624.0,-2624.0,-2594.0,0.0
2284847,454600,Consumer loans,,27666.0,27666.0,0.0,27666.0,THURSDAY,16,Y,1,0.0,,,XAP,Unused offer,-357,Cash through the bank,CLIENT,,Repeater,Mobile,XNA,XNA,Country-wide,30,Connectivity,,XNA,POS mobile with interest,,,,,,
2526335,240822,Consumer loans,6767.325,91755.0,33718.5,59625.0,91755.0,SATURDAY,10,Y,1,0.6956782792004311,,,XAP,Approved,-2761,Cash through the bank,XAP,Family,Repeater,Consumer Electronics,POS,XNA,Stone,520,Consumer electronics,6.0,low_normal,POS household with interest,365243.0,-2730.0,-2580.0,-2580.0,-2557.0,1.0
2180622,271919,Consumer loans,8533.53,71955.0,71172.0,7195.5,71955.0,WEDNESDAY,18,Y,1,0.09999749432307573,,,XAP,Approved,-2184,Cash through the bank,XAP,"Spouse, partner",New,Photo / Cinema Equipment,POS,XNA,Stone,225,Consumer electronics,12.0,high,POS household with interest,365243.0,-2153.0,-1823.0,-1853.0,-1844.0,0.0
2003921,370921,Consumer loans,8191.755,38434.5,30744.0,7690.5,38434.5,TUESDAY,10,Y,1,0.21792019244074035,,,XAP,Approved,-1171,Cash through the bank,XAP,,New,Computers,POS,XNA,Country-wide,35,Connectivity,4.0,middle,POS mobile without interest,365243.0,-1125.0,-1035.0,-1035.0,-1026.0,0.0
2356080,179766,Consumer loans,13201.245,196740.0,196740.0,0.0,196740.0,WEDNESDAY,12,Y,1,0.0,,,XAP,Approved,-264,XNA,XAP,Unaccompanied,Repeater,Furniture,POS,XNA,Stone,941,Furniture,18.0,low_normal,POS industry with interest,365243.0,-234.0,276.0,365243.0,365243.0,0.0
2356083,141771,Consumer loans,7781.985,71280.0,70425.0,7200.0,71280.0,WEDNESDAY,10,Y,1,0.10101712779973644,,,XAP,Approved,-1330,Cash through the bank,XAP,,New,Mobile,POS,XNA,Country-wide,1000,Connectivity,12.0,high,POS mobile with interest,365243.0,-1297.0,-967.0,-967.0,-961.0,0.0
1915792,403107,Consumer loans,2247.795,53959.5,48235.5,5724.0,53959.5,THURSDAY,19,Y,1,0.11553028407669387,,,XAP,Approved,-2627,Cash through the bank,XAP,Family,New,Consumer Electronics,POS,XNA,Regional / Local,150,Consumer electronics,24.0,low_action,POS household without interest,365243.0,-2596.0,-1906.0,-1906.0,-1896.0,0.0
1231815,196567,Consumer loans,6369.255,69030.0,62127.0,6903.0,69030.0,SATURDAY,12,Y,1,0.1089090909090909,,,XAP,Approved,-565,Cash through the bank,XAP,,Refreshed,Consumer Electronics,POS,XNA,Stone,150,Consumer electronics,12.0,middle,POS household with interest,365243.0,-534.0,-204.0,-414.0,-403.0,0.0
2635263,336697,Consumer loans,11198.25,81058.5,81058.5,0.0,81058.5,MONDAY,14,Y,1,0.0,,,XAP,Approved,-668,Cash through the bank,XAP,,Repeater,Construction Materials,POS,XNA,Stone,150,Construction,10.0,high,POS industry with interest,365243.0,-637.0,-367.0,-367.0,-361.0,0.0
1917253,308686,Consumer loans,,44583.975,44583.975,0.0,44583.975,WEDNESDAY,15,Y,1,0.0,,,XAP,Refused,-646,Cash through the bank,HC,,Repeater,Computers,XNA,XNA,Country-wide,30,Connectivity,,XNA,POS mobile with interest,,,,,,
1676862,294352,Consumer loans,22173.795,129060.0,116154.0,12906.0,129060.0,FRIDAY,14,Y,1,0.1089090909090909,,,XAP,Approved,-1728,Cash through the bank,XAP,Unaccompanied,Repeater,Furniture,POS,XNA,Stone,350,Furniture,6.0,middle,POS industry with interest,365243.0,-1690.0,-1540.0,-1540.0,-1537.0,0.0
1925028,203564,Revolving loans,,0.0,0.0,,,MONDAY,10,Y,1,,,,XAP,Refused,-36,XNA,HC,,Repeater,XNA,XNA,XNA,Credit and cash offices,-1,XNA,,XNA,Card Street,,,,,,
1000588,168814,Cash loans,31396.5,450000.0,450000.0,,450000.0,THURSDAY,4,Y,1,,,,XNA,Approved,-407,Cash through the bank,XAP,,Repeater,XNA,Cash,x-sell,Credit and cash offices,-1,XNA,24.0,high,Cash X-Sell: high,365243.0,-377.0,313.0,365243.0,365243.0,0.0
2440540,357994,Cash loans,10267.155,225000.0,269550.0,,225000.0,TUESDAY,12,Y,1,,,,XNA,Refused,-228,Cash through the bank,HC,Unaccompanied,Repeater,XNA,Cash,x-sell,Regional / Local,774,Jewelry,36.0,low_normal,Cash X-Sell: low,,,,,,
1722543,437604,Consumer loans,5947.425,59481.0,53532.0,5949.0,59481.0,FRIDAY,11,Y,1,0.10892556981526566,,,XAP,Refused,-2806,XNA,SCO,,Repeater,XNA,POS,XNA,Stone,179,Consumer electronics,10.0,low_normal,POS household without interest,,,,,,
1146853,333298,Consumer loans,4123.35,19782.0,18742.5,1980.0,19782.0,THURSDAY,16,Y,1,0.1040608034744842,,,XAP,Approved,-1189,Cash through the bank,XAP,,New,Mobile,POS,XNA,Country-wide,20,Connectivity,6.0,high,POS mobile with interest,365243.0,-1154.0,-1004.0,-1004.0,-997.0,0.0
1855907,336955,Consumer loans,21023.055,73791.45,73791.0,0.45,73791.45,WEDNESDAY,16,Y,1,6.6415676760777705e-06,,,XAP,Approved,-2719,Cash through the bank,XAP,Unaccompanied,New,Photo / Cinema Equipment,POS,XNA,Stone,68,Consumer electronics,4.0,high,POS household with interest,365243.0,-2685.0,-2595.0,-2595.0,-2589.0,0.0
1423542,295494,Consumer loans,3209.67,29655.0,28890.0,2965.5,29655.0,FRIDAY,17,Y,1,0.10138591737405124,,,XAP,Approved,-2815,Cash through the bank,XAP,Children,New,Audio/Video,POS,XNA,Stone,291,Consumer electronics,10.0,low_normal,POS household with interest,365243.0,-2784.0,-2514.0,-2514.0,-2505.0,1.0
1566930,147254,Revolving loans,7875.0,157500.0,157500.0,0.0,157500.0,FRIDAY,12,Y,1,0.0,,,XAP,Refused,-607,XNA,LIMIT,,Repeater,XNA,Cards,walk-in,Country-wide,30,Connectivity,0.0,XNA,Card Street,,,,,,
2395238,316116,Consumer loans,8279.685,71996.4,74524.5,7200.9,71996.4,MONDAY,16,Y,1,0.09596079954668592,,,XAP,Approved,-1274,Cash through the bank,XAP,Unaccompanied,Repeater,Audio/Video,POS,XNA,Stone,470,Consumer electronics,10.0,low_normal,POS household with interest,365243.0,-1243.0,-973.0,-973.0,-946.0,0.0
2426645,170611,Consumer loans,4214.115,14791.5,14791.5,0.0,14791.5,FRIDAY,11,Y,1,0.0,,,XAP,Approved,-2617,Cash through the bank,XAP,Unaccompanied,Repeater,Audio/Video,POS,XNA,Stone,27,Consumer electronics,4.0,high,POS household with interest,365243.0,-2583.0,-2493.0,-2493.0,-2489.0,0.0
1984290,316076,Consumer loans,8661.645,80028.0,77962.5,8005.5,80028.0,TUESDAY,8,Y,1,0.1014181703974417,,,XAP,Approved,-2526,Cash through the bank,XAP,,New,Furniture,POS,XNA,Stone,120,Furniture,10.0,low_normal,POS industry with interest,365243.0,-2485.0,-2215.0,-2215.0,-2213.0,1.0
1449731,169854,Consumer loans,15391.44,80460.0,84708.0,0.0,80460.0,THURSDAY,11,Y,1,0.0,,,XAP,Approved,-826,Cash through the bank,XAP,Unaccompanied,Refreshed,Sport and Leisure,POS,XNA,Stone,90,Construction,6.0,middle,POS other with interest,365243.0,-787.0,-637.0,-697.0,-689.0,0.0
2253483,186271,Consumer loans,24160.5,157500.0,157500.0,0.0,157500.0,SATURDAY,8,Y,1,0.0,,,XAP,Approved,-1434,Cash through the bank,XAP,"Spouse, partner",New,Sport and Leisure,POS,XNA,Stone,90,Construction,8.0,high,POS other with interest,365243.0,-1403.0,-1193.0,-1193.0,-1188.0,0.0
2431767,256460,Consumer loans,8621.46,103455.0,91039.5,12415.5,103455.0,MONDAY,16,Y,1,0.13070038356597732,,,XAP,Refused,-2500,Cash through the bank,LIMIT,Unaccompanied,Repeater,Consumer Electronics,POS,XNA,Country-wide,1800,Consumer electronics,12.0,low_normal,POS household with interest,,,,,,
1033218,191478,Consumer loans,7300.53,39465.0,35505.0,3960.0,39465.0,WEDNESDAY,7,Y,0,0.10928164196123144,,,XAP,Approved,-723,Non-cash from your account,XAP,,Refreshed,Mobile,POS,XNA,Country-wide,27,Connectivity,6.0,high,POS mobile with interest,365243.0,-686.0,-536.0,-566.0,-551.0,0.0
1063365,138457,Consumer loans,,0.0,0.0,,,MONDAY,14,Y,1,,,,XAP,Canceled,-398,XNA,XAP,,Repeater,XNA,XNA,XNA,Country-wide,15,Connectivity,,XNA,POS mobile with interest,,,,,,
1897704,142422,Consumer loans,17578.62,104355.0,98878.5,10435.5,104355.0,WEDNESDAY,15,Y,1,0.10396845950032184,,,XAP,Approved,-400,Cash through the bank,XAP,,Repeater,Computers,POS,XNA,Regional / Local,150,Consumer electronics,6.0,low_normal,POS household with interest,365243.0,-369.0,-219.0,-219.0,-214.0,0.0
2670893,135263,Consumer loans,10945.755,56830.5,53671.5,5850.0,56830.5,SUNDAY,10,Y,1,0.10704000769775317,,,XAP,Approved,-893,Cash through the bank,XAP,Unaccompanied,Repeater,Mobile,POS,XNA,Country-wide,52,Connectivity,6.0,high,POS mobile with interest,365243.0,-862.0,-712.0,-712.0,-703.0,0.0
1702273,284827,Cash loans,,0.0,0.0,,,SATURDAY,8,Y,1,,,,XNA,Canceled,-169,XNA,XAP,,Repeater,XNA,XNA,XNA,Credit and cash offices,-1,XNA,,XNA,Cash,,,,,,
1166024,348381,Cash loans,,0.0,0.0,,,SATURDAY,12,Y,1,,,,XNA,Canceled,-489,XNA,XAP,,Repeater,XNA,XNA,XNA,Credit and cash offices,-1,XNA,,XNA,Cash,,,,,,
2751225,210824,Cash loans,11302.65,90000.0,102397.5,,90000.0,SATURDAY,11,Y,1,,,,XNA,Refused,-558,Cash through the bank,SCO,,Repeater,XNA,Cash,x-sell,Credit and cash offices,-1,XNA,12.0,high,Cash X-Sell: high,,,,,,
2537421,123100,Consumer loans,3778.65,30271.59,33268.59,0.0,30271.59,FRIDAY,9,Y,1,0.0,,,XAP,Approved,-252,Cash through the bank,XAP,,Repeater,Mobile,POS,XNA,Country-wide,20,Connectivity,10.0,low_normal,POS mobile without interest,365243.0,-211.0,59.0,-61.0,-54.0,0.0
1618991,434875,Consumer loans,10027.125,89991.0,99495.0,0.0,89991.0,THURSDAY,9,Y,1,0.0,,,XAP,Approved,-464,Cash through the bank,XAP,,Repeater,Consumer Electronics,POS,XNA,Country-wide,2078,Consumer electronics,12.0,middle,POS household with interest,365243.0,-433.0,-103.0,-313.0,-306.0,0.0
1902173,203250,Cash loans,,0.0,0.0,,,MONDAY,18,Y,1,,,,XNA,Canceled,-217,XNA,XAP,,Repeater,XNA,XNA,XNA,Credit and cash offices,-1,XNA,,XNA,Cash,,,,,,
1129372,203250,Cash loans,31952.205,495000.0,553806.0,,495000.0,THURSDAY,10,Y,1,,,,XNA,Approved,-859,Cash through the bank,XAP,Unaccompanied,Repeater,XNA,Cash,x-sell,Credit and cash offices,-1,XNA,36.0,high,Cash X-Sell: high,365243.0,-829.0,221.0,-769.0,-765.0,1.0
1470739,197469,Revolving loans,,0.0,0.0,,,FRIDAY,9,Y,1,,,,XAP,Canceled,-161,XNA,XAP,,Repeater,XNA,XNA,XNA,Credit and cash offices,-1,XNA,,XNA,Card Street,,,,,,
1845535,343206,Cash loans,26230.005,225000.0,239850.0,0.0,225000.0,FRIDAY,16,Y,1,0.0,,,XNA,Approved,-2183,Cash through the bank,XAP,Unaccompanied,Repeater,XNA,Cash,x-sell,Credit and cash offices,-1,XNA,12.0,high,Cash Street: high,365243.0,-2153.0,-1823.0,-1883.0,-1880.0,1.0
1797707,244942,Cash loans,19151.46,225000.0,247275.0,,225000.0,SUNDAY,12,Y,1,,,,XNA,Approved,-899,Cash through the bank,XAP,Unaccompanied,Repeater,XNA,Cash,x-sell,Credit and cash offices,-1,XNA,18.0,middle,Cash X-Sell: middle,365243.0,-869.0,-359.0,-689.0,-682.0,1.0
1340966,160643,Cash loans,,0.0,0.0,,,FRIDAY,12,Y,1,,,,XNA,Canceled,-319,XNA,XAP,,Repeater,XNA,XNA,XNA,Credit and cash offices,-1,XNA,,XNA,Cash,,,,,,
1876485,354388,Cash loans,40565.79,976500.0,1061572.5,,976500.0,FRIDAY,12,Y,1,,,,Repairs,Refused,-210,Cash through the bank,HC,Unaccompanied,Repeater,XNA,Cash,walk-in,Credit and cash offices,-1,XNA,36.0,low_normal,Cash Street: low,,,,,,
2817906,312029,Cash loans,6535.8,45000.0,55075.5,,45000.0,WEDNESDAY,11,Y,1,,,,XNA,Approved,-1115,Cash through the bank,XAP,Unaccompanied,Repeater,XNA,Cash,walk-in,Credit and cash offices,-1,XNA,12.0,high,Cash Street: high,365243.0,-1085.0,-755.0,-845.0,-838.0,1.0
2498236,403925,Cash loans,,0.0,0.0,,,FRIDAY,12,Y,1,,,,XNA,Canceled,-42,XNA,XAP,,Repeater,XNA,XNA,XNA,Credit and cash offices,-1,XNA,,XNA,Cash,,,,,,
1055492,159650,Revolving loans,9000.0,180000.0,180000.0,,180000.0,FRIDAY,13,Y,1,,,,XAP,Approved,-717,XNA,XAP,,Repeater,XNA,Cards,walk-in,Credit and cash offices,-1,XNA,0.0,XNA,Card Street,365243.0,365243.0,365243.0,365243.0,365243.0,0.0
1466735,292591,Cash loans,45269.19,724500.0,774229.5,,724500.0,THURSDAY,13,Y,1,,,,XNA,Refused,-564,Cash through the bank,HC,,Repeater,XNA,Cash,x-sell,Credit and cash offices,-1,XNA,24.0,middle,Cash X-Sell: middle,,,,,,
1435016,430360,Cash loans,26472.24,225000.0,239850.0,,225000.0,SUNDAY,14,Y,1,,,,XNA,Approved,-967,Cash through the bank,XAP,Unaccompanied,Repeater,XNA,Cash,x-sell,Credit and cash offices,-1,XNA,12.0,high,Cash X-Sell: high,365243.0,-937.0,-607.0,-817.0,-804.0,1.0
2334229,329949,Cash loans,14667.75,184500.0,184500.0,0.0,184500.0,SUNDAY,10,Y,1,0.0,,,XNA,Refused,-2547,Cash through the bank,HC,Unaccompanied,Repeater,XNA,Cash,x-sell,Credit and cash offices,-1,XNA,18.0,middle,Cash Street: middle,,,,,,
1776835,449198,Cash loans,,0.0,0.0,,,WEDNESDAY,14,Y,1,,,,XNA,Canceled,-166,XNA,XAP,,Repeater,XNA,XNA,XNA,Credit and cash offices,-1,XNA,,XNA,Cash,,,,,,
1441456,386319,Cash loans,17886.645,270000.0,354753.0,,270000.0,WEDNESDAY,11,Y,1,,,,XNA,Refused,-978,Cash through the bank,HC,Unaccompanied,Repeater,XNA,Cash,x-sell,Credit and cash offices,-1,XNA,30.0,middle,Cash X-Sell: middle,,,,,,
1823611,127703,Revolving loans,11250.0,0.0,225000.0,,0.0,SATURDAY,15,Y,1,,,,XAP,Refused,-1235,XNA,HC,,Repeater,XNA,Cards,walk-in,Credit and cash offices,-1,XNA,0.0,XNA,Card Street,,,,,,
2663511,421088,Revolving loans,3150.0,0.0,45000.0,,0.0,MONDAY,11,Y,1,,,,XAP,Refused,-1526,XNA,HC,,Repeater,XNA,Cards,walk-in,Credit and cash offices,-1,XNA,0.0,XNA,Card Street,,,,,,
1207628,187675,Cash loans,28604.565,472500.0,509922.0,,472500.0,THURSDAY,9,Y,1,,,,XNA,Approved,-84,Cash through the bank,XAP,Unaccompanied,Repeater,XNA,Cash,x-sell,Credit and cash offices,-1,XNA,24.0,low_normal,Cash X-Sell: low,365243.0,-54.0,636.0,365243.0,365243.0,1.0
2413816,142645,Cash loans,77063.58,675000.0,698166.0,,675000.0,THURSDAY,12,Y,1,,,,XNA,Approved,-664,Cash through the bank,XAP,,Repeater,XNA,Cash,x-sell,Credit and cash offices,-1,XNA,12.0,high,Cash X-Sell: high,365243.0,-634.0,-304.0,-604.0,-598.0,1.0
1150154,121687,Consumer loans,3423.285,14989.5,17806.5,0.0,14989.5,TUESDAY,13,Y,1,0.0,,,XAP,Approved,-482,Cash through the bank,XAP,,Repeater,Consumer Electronics,POS,XNA,Regional / Local,5,Consumer electronics,6.0,middle,POS household with interest,365243.0,-451.0,-301.0,-421.0,-414.0,0.0
1889646,265309,Consumer loans,7944.615,39060.0,41368.5,3906.0,39060.0,SUNDAY,12,Y,1,0.09395993530373807,,,XAP,Approved,-463,Cash through the bank,XAP,,New,Mobile,POS,XNA,Regional / Local,5,Consumer electronics,6.0,middle,POS household with interest,365243.0,-432.0,-282.0,-282.0,-274.0,0.0
2299244,432127,Consumer loans,3582.09,26275.5,29875.5,2628.0,26275.5,FRIDAY,17,Y,1,0.08805608347073109,,,XAP,Approved,-1466,Cash through the bank,XAP,,Repeater,Mobile,POS,XNA,Country-wide,10,Connectivity,12.0,high,POS mobile with interest,365243.0,-1428.0,-1098.0,-1098.0,-1093.0,0.0
2697511,260154,Consumer loans,20453.715,311985.0,311985.0,0.0,311985.0,FRIDAY,6,Y,1,0.0,,,XAP,Approved,-186,Cash through the bank,XAP,Unaccompanied,New,Construction Materials,POS,XNA,Stone,17,Construction,18.0,low_normal,POS industry with interest,365243.0,-152.0,358.0,365243.0,365243.0,0.0
2220244,303472,Consumer loans,41383.71,234243.0,234243.0,0.0,234243.0,TUESDAY,18,Y,1,0.0,,,XAP,Approved,-269,Cash through the bank,XAP,Unaccompanied,New,Clothing and Accessories,POS,XNA,Stone,100,Clothing,6.0,low_normal,POS industry with interest,,,,,,
1532124,333237,Cash loans,26833.5,225000.0,225000.0,,225000.0,WEDNESDAY,15,Y,1,,,,XNA,Approved,-1408,Cash through the bank,XAP,Unaccompanied,Repeater,XNA,Cash,walk-in,Country-wide,12,Connectivity,12.0,high,Cash Street: high,365243.0,-1378.0,-1048.0,-1198.0,-1193.0,0.0
1840993,298055,Consumer loans,8314.695,61006.5,80712.0,0.0,61006.5,THURSDAY,11,Y,1,0.0,,,XAP,Approved,-1465,Cash through the bank,XAP,Family,Repeater,Photo / Cinema Equipment,POS,XNA,Country-wide,100,Connectivity,16.0,high,POS mobile with interest,365243.0,-1434.0,-984.0,-1074.0,-1070.0,0.0
1891645,396134,Revolving loans,2250.0,45000.0,45000.0,,45000.0,FRIDAY,8,Y,1,,,,XAP,Approved,-277,XNA,XAP,Unaccompanied,New,XNA,Cards,walk-in,Country-wide,100,Connectivity,0.0,XNA,Card Street,-225.0,-176.0,365243.0,365243.0,365243.0,0.0
1812433,248000,Consumer loans,11438.685,51844.5,42930.0,10372.5,51844.5,WEDNESDAY,14,Y,1,0.2119336889366437,,,XAP,Approved,-714,Cash through the bank,XAP,Other_B,Repeater,Mobile,POS,XNA,Country-wide,30,Connectivity,4.0,middle,POS mobile without interest,365243.0,-683.0,-593.0,-593.0,-583.0,0.0
2653610,113677,Consumer loans,8917.965,57105.0,48096.0,11421.0,57105.0,MONDAY,10,Y,1,0.208990830732854,,,XAP,Approved,-515,Cash through the bank,XAP,,New,Consumer Electronics,POS,XNA,Country-wide,186,Consumer electronics,6.0,middle,POS household with interest,365243.0,-484.0,-334.0,-334.0,-327.0,0.0
1649135,334570,Consumer loans,5786.415,57870.9,52083.0,5787.9,57870.9,TUESDAY,14,Y,1,0.10892433455721738,,,XAP,Approved,-2920,XNA,XAP,,New,Consumer Electronics,POS,XNA,Stone,150,Consumer electronics,10.0,low_normal,POS household without interest,365243.0,-2882.0,-2612.0,-2612.0,-2607.0,0.0
2715822,207619,Consumer loans,13504.185,261202.5,261202.5,0.0,261202.5,WEDNESDAY,18,Y,1,0.0,,,XAP,Approved,-1149,Cash through the bank,XAP,Unaccompanied,New,Audio/Video,POS,XNA,Regional / Local,122,Consumer electronics,24.0,low_normal,POS other with interest,365243.0,-1118.0,-428.0,-428.0,-424.0,0.0
2055255,427620,Cash loans,,0.0,0.0,,,TUESDAY,12,Y,1,,,,XNA,Canceled,-371,XNA,XAP,,Repeater,XNA,XNA,XNA,Credit and cash offices,-1,XNA,,XNA,Cash,,,,,,
2268930,192475,Cash loans,,0.0,0.0,,,THURSDAY,9,Y,1,,,,XNA,Canceled,-198,XNA,XAP,,Repeater,XNA,XNA,XNA,Credit and cash offices,-1,XNA,,XNA,Cash,,,,,,
1691921,349351,Revolving loans,15750.0,315000.0,315000.0,,315000.0,WEDNESDAY,10,Y,1,,,,XAP,Approved,-215,XNA,XAP,Unaccompanied,Repeater,XNA,Cards,x-sell,Credit and cash offices,-1,XNA,0.0,XNA,Card X-Sell,-212.0,-164.0,365243.0,365243.0,365243.0,0.0
2010349,180393,Revolving loans,,0.0,0.0,,,THURSDAY,11,Y,1,,,,XAP,Canceled,-308,XNA,XAP,,Repeater,XNA,XNA,XNA,Credit and cash offices,-1,XNA,,XNA,Card Street,,,,,,
2606740,372255,Cash loans,34077.33,909000.0,1160973.0,,909000.0,SUNDAY,15,Y,1,,,,XNA,Refused,-218,Cash through the bank,HC,Unaccompanied,Repeater,XNA,Cash,x-sell,Credit and cash offices,-1,XNA,60.0,low_normal,Cash X-Sell: low,,,,,,
2455914,348859,Cash loans,,0.0,0.0,,,FRIDAY,12,Y,1,,,,XNA,Canceled,-24,XNA,XAP,,Repeater,XNA,XNA,XNA,Credit and cash offices,-1,XNA,,XNA,Cash,,,,,,
1324205,265757,Cash loans,69127.38,1170000.0,1237954.5,,1170000.0,MONDAY,16,Y,1,,,,XNA,Approved,-360,Cash through the bank,XAP,,Repeater,XNA,Cash,x-sell,Credit and cash offices,-1,XNA,24.0,low_normal,Cash X-Sell: low,365243.0,-330.0,360.0,-180.0,-172.0,1.0
2812070,358702,Revolving loans,,0.0,0.0,,,WEDNESDAY,11,Y,1,,,,XAP,Canceled,-228,XNA,XAP,,Repeater,XNA,XNA,XNA,Credit and cash offices,-1,XNA,,XNA,Card Street,,,,,,
2782972,392308,Revolving loans,,0.0,0.0,,,FRIDAY,15,Y,1,,,,XAP,Canceled,-258,XNA,XAP,,Repeater,XNA,XNA,XNA,Credit and cash offices,-1,XNA,,XNA,Card Street,,,,,,
1105286,429332,Consumer loans,6262.155,37255.5,37701.0,1890.0,37255.5,FRIDAY,14,Y,1,0.05199115501456943,,,XAP,Approved,-2037,Cash through the bank,XAP,,Refreshed,Mobile,POS,XNA,Country-wide,37,Connectivity,8.0,high,POS mobile with interest,365243.0,-1999.0,-1789.0,-1789.0,-1783.0,0.0
2509325,259310,Consumer loans,13363.65,133650.0,120285.0,13365.0,133650.0,SATURDAY,14,Y,1,0.1089090909090909,,,XAP,Approved,-1374,XNA,XAP,Other_B,New,Gardening,POS,XNA,Stone,50,Construction,10.0,low_normal,POS other with interest,365243.0,-1343.0,-1073.0,-1073.0,-1064.0,0.0
2668337,448680,Consumer loans,36817.47,601200.0,601200.0,0.0,601200.0,WEDNESDAY,15,Y,1,0.0,,,XAP,Approved,-532,Cash through the bank,XAP,,Repeater,Furniture,POS,XNA,Stone,400,Furniture,24.0,middle,POS industry with interest,365243.0,-500.0,190.0,-260.0,-255.0,0.0
1862246,305608,Consumer loans,18108.18,93015.0,97924.5,0.0,93015.0,FRIDAY,10,Y,1,0.0,,,XAP,Approved,-431,Cash through the bank,XAP,Unaccompanied,New,Consumer Electronics,POS,XNA,Stone,282,Consumer electronics,6.0,middle,POS household with interest,365243.0,-401.0,-251.0,-281.0,-275.0,1.0
1321051,118877,Consumer loans,9957.555,95170.32,105214.5,4.32,95170.32,TUESDAY,15,Y,1,4.471512536704676e-05,,,XAP,Approved,-1180,Cash through the bank,XAP,Unaccompanied,Repeater,Computers,POS,XNA,Country-wide,771,Consumer electronics,12.0,low_normal,POS household with interest,365243.0,-1149.0,-819.0,-1029.0,-1021.0,0.0
2724439,163961,Cash loans,39369.6,360000.0,360000.0,0.0,360000.0,WEDNESDAY,12,Y,1,0.0,,,XNA,Refused,-2337,XNA,LIMIT,,Refreshed,XNA,Cash,x-sell,Country-wide,-1,Consumer electronics,12.0,high,Cash Street: high,,,,,,
2562544,163961,Cash loans,29527.2,270000.0,270000.0,0.0,270000.0,WEDNESDAY,12,Y,1,0.0,,,XNA,Approved,-2337,XNA,XAP,,Refreshed,XNA,Cash,x-sell,Country-wide,-1,Consumer electronics,12.0,high,Cash Street: high,365243.0,-2307.0,-1977.0,-1977.0,-1969.0,0.0
1144853,397792,Consumer loans,6213.555,57150.0,63184.5,0.0,57150.0,SATURDAY,12,Y,1,0.0,,,XAP,Refused,-252,Cash through the bank,HC,Unaccompanied,Repeater,Jewelry,POS,XNA,Stone,29,Industry,12.0,middle,POS other with interest,,,,,,
1949754,440976,Consumer loans,7445.205,73080.0,72283.5,7308.0,73080.0,FRIDAY,11,Y,1,0.09999907482126053,,,XAP,Approved,-2050,Cash through the bank,XAP,Unaccompanied,Repeater,Consumer Electronics,POS,XNA,Stone,141,Consumer electronics,12.0,middle,POS household with interest,365243.0,-2015.0,-1685.0,-1685.0,-1677.0,0.0
2437564,208146,Consumer loans,3031.38,19845.0,21591.0,0.0,19845.0,MONDAY,10,Y,1,0.0,,,XAP,Approved,-728,Cash through the bank,XAP,Unaccompanied,Repeater,Mobile,POS,XNA,Country-wide,33,Connectivity,10.0,high,POS mobile with interest,365243.0,-697.0,-427.0,-457.0,-449.0,0.0
2312862,330125,Cash loans,,225000.0,225000.0,0.0,225000.0,WEDNESDAY,11,Y,1,0.0,,,XNA,Refused,-428,XNA,XNA,,Repeater,XNA,XNA,XNA,Country-wide,30,Connectivity,,XNA,Cash,,,,,,
1656819,324462,Consumer loans,,112711.095,112711.095,,112711.095,THURSDAY,13,Y,1,,,,XAP,Refused,-1075,Cash through the bank,HC,Family,Repeater,Computers,XNA,XNA,Country-wide,1772,Consumer electronics,,XNA,POS household with interest,,,,,,
1741220,181080,Revolving loans,6750.0,135000.0,135000.0,,135000.0,SATURDAY,12,Y,1,,,,XAP,Refused,-538,XNA,LIMIT,,New,XNA,Cards,walk-in,Regional / Local,2429,Consumer electronics,0.0,XNA,Card Street,,,,,,
1061654,237960,Consumer loans,13764.555,125257.5,125257.5,0.0,125257.5,THURSDAY,9,Y,1,0.0,,,XAP,Refused,-540,Cash through the bank,HC,,Repeater,Mobile,POS,XNA,Country-wide,48,Connectivity,10.0,low_normal,POS mobile without interest,,,,,,
2024662,424679,Consumer loans,3951.54,27580.5,32940.0,1395.0,27580.5,TUESDAY,10,Y,1,0.04424877874419158,,,XAP,Approved,-1780,Cash through the bank,XAP,Unaccompanied,Repeater,Photo / Cinema Equipment,POS,XNA,Country-wide,20,Connectivity,12.0,high,POS mobile with interest,365243.0,-1749.0,-1419.0,-1449.0,-1446.0,0.0
1891648,100373,Consumer loans,10872.99,115695.0,115119.0,11569.5,115695.0,SATURDAY,22,Y,1,0.099458413926499,,,XAP,Approved,-1053,Cash through the bank,XAP,Unaccompanied,New,Medicine,POS,XNA,Stone,25,Industry,12.0,low_normal,POS household with interest,365243.0,-1013.0,-683.0,-713.0,-709.0,0.0
1728692,316044,Consumer loans,8372.97,34281.0,40720.5,0.0,34281.0,TUESDAY,10,Y,1,0.0,,,XAP,Approved,-449,XNA,XAP,,Refreshed,Mobile,POS,XNA,Country-wide,30,Connectivity,6.0,high,POS mobile with interest,365243.0,-417.0,-267.0,-267.0,-262.0,0.0
1168330,133439,Cash loans,16099.065,180000.0,203760.0,,180000.0,WEDNESDAY,11,Y,1,,,,Other,Refused,-553,XNA,LIMIT,,Repeater,XNA,Cash,walk-in,Country-wide,30,Connectivity,24.0,high,Cash Street: high,,,,,,
1769107,260342,Consumer loans,1097.64,9663.885,9663.885,0.0,9663.885,WEDNESDAY,14,Y,1,0.0,,,XAP,Approved,-281,Cash through the bank,XAP,,Repeater,Mobile,POS,XNA,Country-wide,4,Connectivity,10.0,low_normal,POS mobile without interest,365243.0,-236.0,34.0,365243.0,365243.0,0.0
2155374,453205,Consumer loans,4045.095,40455.0,36409.5,4045.5,40455.0,SATURDAY,10,Y,1,0.1089090909090909,,,XAP,Approved,-2603,Cash through the bank,XAP,Family,New,Consumer Electronics,POS,XNA,Country-wide,2024,Consumer electronics,10.0,low_normal,POS household without interest,365243.0,-2572.0,-2302.0,-2422.0,-2413.0,0.0
2036614,453205,Consumer loans,1685.34,40455.0,36166.5,4288.5,40455.0,SATURDAY,10,Y,1,0.11545090504601073,,,XAP,Refused,-2603,Cash through the bank,SCO,Family,New,XNA,POS,XNA,Country-wide,2024,Consumer electronics,24.0,low_action,POS household without interest,,,,,,
2770539,185661,Revolving loans,6750.0,0.0,180000.0,,,THURSDAY,11,N,0,,,,XAP,Refused,-2621,XNA,XNA,,Repeater,XNA,Cards,x-sell,Country-wide,2024,Consumer electronics,0.0,XNA,Card Street,,,,,,
1107554,298900,Consumer loans,7948.215,73926.0,73120.5,7393.5,73926.0,THURSDAY,7,Y,1,0.10000985712253314,,,XAP,Approved,-2709,Cash through the bank,XAP,Children,Repeater,Consumer Electronics,POS,XNA,Country-wide,2024,Consumer electronics,12.0,high,POS household with interest,365243.0,-2678.0,-2348.0,-2348.0,-2342.0,1.0
2157182,152657,Cash loans,,0.0,0.0,,,SATURDAY,13,Y,1,,,,XNA,Canceled,-242,XNA,XAP,,Repeater,XNA,XNA,XNA,Country-wide,30,Connectivity,,XNA,Cash,,,,,,
1287036,272472,Consumer loans,8026.695,92610.0,74088.0,18522.0,92610.0,TUESDAY,12,Y,1,0.2178181818181818,,,XAP,Approved,-680,Cash through the bank,XAP,,New,Mobile,POS,XNA,Country-wide,20,Connectivity,12.0,high,POS mobile with interest,365243.0,-646.0,-316.0,-376.0,-374.0,0.0
1287039,139148,Consumer loans,22298.04,127264.5,120582.0,12730.5,127264.5,MONDAY,14,Y,1,0.10400128883774457,,,XAP,Approved,-645,Cash through the bank,XAP,,New,Computers,POS,XNA,Regional / Local,91,Consumer electronics,6.0,middle,POS household with interest,365243.0,-610.0,-460.0,-490.0,-478.0,0.0
1540496,168941,Consumer loans,9580.455,41296.5,46593.0,0.0,41296.5,SUNDAY,8,Y,1,0.0,,,XAP,Approved,-633,Cash through the bank,XAP,,New,Mobile,POS,XNA,Country-wide,55,Connectivity,6.0,high,POS mobile with interest,365243.0,-602.0,-452.0,-452.0,-444.0,0.0
2287554,149507,Consumer loans,20713.635,220518.0,220518.0,0.0,220518.0,TUESDAY,12,Y,1,0.0,,,XAP,Approved,-736,Cash through the bank,XAP,,Repeater,Consumer Electronics,POS,XNA,Country-wide,1000,Consumer electronics,12.0,low_normal,POS household with interest,365243.0,-705.0,-375.0,-705.0,-696.0,0.0
1645166,227459,Consumer loans,4624.47,25380.0,22680.0,2700.0,25380.0,SATURDAY,13,Y,1,0.11586073500967113,,,XAP,Approved,-1780,Cash through the bank,XAP,,Repeater,Mobile,POS,XNA,Regional / Local,5,Connectivity,6.0,high,POS mobile with interest,365243.0,-1745.0,-1595.0,-1625.0,-1618.0,0.0
1857686,184577,Cash loans,,0.0,0.0,,,FRIDAY,13,Y,1,,,,XNA,Canceled,-280,XNA,XAP,,Repeater,XNA,XNA,XNA,Credit and cash offices,-1,XNA,,XNA,Cash,,,,,,
1776061,455912,Cash loans,20317.59,270000.0,291919.5,,270000.0,THURSDAY,14,Y,1,,,,XNA,Approved,-725,Cash through the bank,XAP,Family,Repeater,XNA,Cash,x-sell,Credit and cash offices,-1,XNA,18.0,low_normal,Cash X-Sell: low,365243.0,-695.0,-185.0,-395.0,-379.0,1.0
2146436,140927,Cash loans,,0.0,0.0,,,THURSDAY,11,Y,1,,,,XNA,Canceled,-85,XNA,XAP,,Repeater,XNA,XNA,XNA,Credit and cash offices,-1,XNA,,XNA,Cash,,,,,,
2648616,323134,Cash loans,,0.0,0.0,,,MONDAY,9,Y,1,,,,XNA,Canceled,-50,XNA,XAP,,Repeater,XNA,XNA,XNA,Credit and cash offices,-1,XNA,,XNA,Cash,,,,,,
1210829,239856,Cash loans,42306.795,675000.0,721332.0,,675000.0,MONDAY,10,Y,1,,,,XNA,Approved,-910,Cash through the bank,XAP,Unaccompanied,Repeater,XNA,Cash,x-sell,Credit and cash offices,-1,XNA,24.0,middle,Cash X-Sell: middle,365243.0,-880.0,-190.0,-760.0,-754.0,1.0
1096988,317524,Cash loans,,0.0,0.0,,,WEDNESDAY,16,Y,1,,,,XNA,Canceled,-301,XNA,XAP,,Repeater,XNA,XNA,XNA,Credit and cash offices,-1,XNA,,XNA,Cash,,,,,,
2143974,159232,Cash loans,,0.0,0.0,,,THURSDAY,11,Y,1,,,,XNA,Canceled,-57,XNA,XAP,,Repeater,XNA,XNA,XNA,Credit and cash offices,-1,XNA,,XNA,Cash,,,,,,
1733121,244071,Consumer loans,4860.72,64485.0,67230.0,6448.5,64485.0,THURSDAY,6,Y,1,0.0953195671365829,,,XAP,Refused,-688,XNA,HC,,Repeater,Consumer Electronics,POS,XNA,Stone,150,Consumer electronics,18.0,middle,POS household with interest,,,,,,
1773062,440690,Consumer loans,18397.665,170500.5,164421.0,17050.5,170500.5,TUESDAY,14,Y,1,0.10232760816687217,,,XAP,Approved,-1078,Cash through the bank,XAP,Unaccompanied,New,Computers,POS,XNA,Regional / Local,1581,Consumer electronics,10.0,low_normal,POS household with interest,365243.0,-1047.0,-777.0,-777.0,-750.0,0.0
1364216,423361,Consumer loans,13553.37,166468.5,169695.0,16650.0,166468.5,MONDAY,15,Y,1,0.09731070668042416,,,XAP,Approved,-1456,Cash through the bank,XAP,Unaccompanied,New,Audio/Video,POS,XNA,Regional / Local,1581,Consumer electronics,18.0,middle,POS household with interest,365243.0,-1425.0,-915.0,-975.0,-967.0,0.0
2161897,246218,Consumer loans,7605.0,69205.5,69205.5,0.0,69205.5,TUESDAY,13,Y,1,0.0,,,XAP,Approved,-552,Cash through the bank,XAP,,New,Mobile,POS,XNA,Country-wide,20,Connectivity,10.0,low_normal,POS mobile without interest,365243.0,-514.0,-244.0,-274.0,-267.0,0.0
2769470,269464,Consumer loans,6873.39,61866.0,69214.5,0.0,61866.0,TUESDAY,17,Y,1,0.0,,,XAP,Approved,-220,Cash through the bank,XAP,,Repeater,Audio/Video,POS,XNA,Country-wide,1800,Consumer electronics,12.0,low_normal,POS household with interest,365243.0,-190.0,140.0,-10.0,-5.0,1.0
2161906,211051,Consumer loans,3131.01,26460.0,26113.5,2700.0,26460.0,TUESDAY,13,Y,1,0.1020544347110019,,,XAP,Approved,-2111,Non-cash from your account,XAP,,New,Mobile,POS,XNA,Stone,25,Connectivity,12.0,high,POS mobile with interest,365243.0,-2073.0,-1743.0,-1863.0,-1861.0,0.0
2326884,381906,Cash loans,9203.4,157500.0,240660.0,,157500.0,THURSDAY,7,Y,1,,,,XNA,Refused,-187,Cash through the bank,HC,Unaccompanied,Refreshed,XNA,Cash,x-sell,AP+ (Cash loan),3,XNA,48.0,middle,Cash X-Sell: middle,,,,,,
2454716,280088,Consumer loans,28473.885,741375.0,628875.0,112500.0,741375.0,TUESDAY,11,Y,1,0.1652641743688784,,,XAP,Refused,-164,Cash through the bank,HC,Unaccompanied,Repeater,Furniture,POS,XNA,Stone,180,Furniture,30.0,low_normal,POS industry with interest,,,,,,
1581859,105915,Revolving loans,2250.0,45000.0,45000.0,,45000.0,WEDNESDAY,14,Y,1,,,,XAP,Refused,-308,XNA,LIMIT,Unaccompanied,Refreshed,XNA,Cards,walk-in,Country-wide,50,Connectivity,0.0,XNA,Card Street,,,,,,
2478623,313561,Consumer loans,16855.65,81810.0,86130.0,0.0,81810.0,FRIDAY,16,Y,1,0.0,,,XAP,Approved,-1029,Cash through the bank,XAP,Family,Repeater,Consumer Electronics,POS,XNA,Stone,200,Consumer electronics,6.0,high,POS household with interest,365243.0,-998.0,-848.0,-848.0,-845.0,0.0
2091687,352408,Cash loans,26774.1,495000.0,553806.0,,495000.0,SUNDAY,9,Y,1,,,,XNA,Refused,-32,XNA,HC,Family,Repeater,XNA,Cash,x-sell,Stone,200,Consumer electronics,36.0,middle,Cash X-Sell: middle,,,,,,
2524156,443195,Cash loans,7606.125,112500.0,112500.0,0.0,112500.0,FRIDAY,7,Y,1,0.0,,,XNA,Approved,-2388,Cash through the bank,XAP,,Repeater,XNA,Cash,x-sell,Country-wide,-1,Consumer electronics,24.0,high,Cash Street: high,365243.0,-2358.0,-1668.0,-1698.0,-1693.0,0.0
2368405,155370,Consumer loans,5007.285,39042.0,42907.5,0.0,39042.0,MONDAY,10,Y,1,0.0,,,XAP,Approved,-2307,Cash through the bank,XAP,Children,New,Mobile,POS,XNA,Country-wide,61,Connectivity,12.0,high,POS mobile with interest,365243.0,-2276.0,-1946.0,-1946.0,-1944.0,1.0
2120312,323416,Consumer loans,6632.37,63621.0,61015.5,8100.0,63621.0,THURSDAY,15,Y,1,0.12763615055430927,,,XAP,Approved,-2580,Cash through the bank,XAP,Children,New,Mobile,POS,XNA,Regional / Local,15,Connectivity,12.0,high,POS mobile with interest,365243.0,-2549.0,-2219.0,-2219.0,-2213.0,1.0
2371781,137051,Consumer loans,13519.89,112459.14,109561.5,11249.64,112459.14,MONDAY,18,Y,1,0.10141350089524398,,,XAP,Approved,-2313,Cash through the bank,XAP,,New,Audio/Video,POS,XNA,Country-wide,1503,Consumer electronics,10.0,middle,POS household with interest,365243.0,-2260.0,-1990.0,-2170.0,-2153.0,0.0
1834875,395307,Revolving loans,,0.0,0.0,,,SATURDAY,15,Y,1,,,,XAP,Canceled,-213,XNA,XAP,,Repeater,XNA,XNA,XNA,Credit and cash offices,-1,XNA,,XNA,Card Street,,,,,,
1275784,343957,Cash loans,,0.0,0.0,,,SUNDAY,11,Y,1,,,,XNA,Canceled,-532,XNA,XAP,,Repeater,XNA,XNA,XNA,Credit and cash offices,-1,XNA,,XNA,Cash,,,,,,
1027195,286895,Consumer loans,11051.28,117000.0,117000.0,0.0,117000.0,TUESDAY,12,Y,1,0.0,,,XAP,Approved,-889,Cash through the bank,XAP,Unaccompanied,New,Furniture,POS,XNA,Stone,1000,Furniture,12.0,low_normal,POS industry with interest,365243.0,-858.0,-528.0,-528.0,-520.0,0.0
2605376,411276,Cash loans,5674.5,45000.0,54103.5,,45000.0,SATURDAY,12,Y,1,,,,XNA,Approved,-711,Cash through the bank,XAP,Unaccompanied,Repeater,XNA,Cash,x-sell,AP+ (Cash loan),100,XNA,12.0,middle,Cash X-Sell: middle,365243.0,-681.0,-351.0,-351.0,-346.0,1.0
1527905,268880,Cash loans,,0.0,0.0,,,FRIDAY,8,Y,1,,,,XNA,Canceled,-445,XNA,XAP,,Repeater,XNA,XNA,XNA,Credit and cash offices,-1,XNA,,XNA,Cash,,,,,,
2793811,139978,Cash loans,11330.28,229500.0,302206.5,,229500.0,THURSDAY,8,Y,1,,,,Repairs,Refused,-33,Cash through the bank,SCOFR,Unaccompanied,Repeater,XNA,Cash,walk-in,Credit and cash offices,-1,XNA,36.0,low_action,Cash Street: low,,,,,,
2036767,159610,Cash loans,14585.895,135000.0,182956.5,,135000.0,SATURDAY,10,Y,1,,,,Repairs,Refused,-492,Cash through the bank,LIMIT,,Repeater,XNA,Cash,walk-in,Credit and cash offices,-1,XNA,24.0,high,Cash Street: high,,,,,,
1182518,433233,Consumer loans,5226.57,125505.9,112158.0,13347.9,125505.9,MONDAY,17,Y,1,0.11582783395405745,,,XAP,Approved,-2698,Cash through the bank,XAP,"Spouse, partner",Repeater,Consumer Electronics,POS,XNA,Country-wide,960,Consumer electronics,24.0,low_action,POS household without interest,365243.0,-2667.0,-1977.0,-1977.0,-1971.0,0.0
1053449,454548,Consumer loans,13069.215,44406.0,45873.0,0.0,44406.0,SATURDAY,13,Y,1,0.0,,,XAP,Approved,-2496,Cash through the bank,XAP,Unaccompanied,New,Computers,POS,XNA,Country-wide,960,Consumer electronics,4.0,high,POS household with interest,365243.0,-2455.0,-2365.0,-2365.0,-2348.0,1.0
1028290,230321,Consumer loans,3209.4,32971.5,30550.5,6597.0,32971.5,SATURDAY,17,Y,1,0.1934109355211717,,,XAP,Approved,-330,Cash through the bank,XAP,Unaccompanied,Repeater,Audio/Video,POS,XNA,Country-wide,800,Consumer electronics,12.0,middle,POS household with interest,365243.0,-300.0,30.0,365243.0,365243.0,1.0
1078540,279029,Consumer loans,4545.72,48802.5,43920.0,4882.5,48802.5,THURSDAY,12,Y,1,0.10895930256926102,,,XAP,Approved,-2021,Cash through the bank,XAP,Family,Repeater,Computers,POS,XNA,Stone,20,Consumer electronics,12.0,middle,POS household with interest,365243.0,-1986.0,-1656.0,-1656.0,-1633.0,0.0
1373426,349464,Consumer loans,5736.96,69436.71,55548.0,13888.71,69436.71,SUNDAY,15,Y,1,0.21783963842756945,,,XAP,Refused,-164,Cash through the bank,HC,Unaccompanied,Repeater,Construction Materials,POS,XNA,Regional / Local,150,Construction,12.0,middle,POS industry with interest,,,,,,
1976364,413934,Consumer loans,8297.505,199687.5,179716.5,19971.0,199687.5,THURSDAY,13,Y,1,0.10892136235595387,,,XAP,Approved,-406,Cash through the bank,XAP,Unaccompanied,Repeater,Construction Materials,POS,XNA,Regional / Local,150,Construction,36.0,middle,POS industry with interest,365243.0,-375.0,675.0,-165.0,-158.0,0.0
2040274,197626,Consumer loans,9373.185,67126.5,48564.0,22126.5,67126.5,THURSDAY,19,Y,1,0.34089120886116225,,,XAP,Approved,-35,Cash through the bank,XAP,Unaccompanied,Repeater,Jewelry,POS,XNA,Country-wide,50,Jewelry,6.0,middle,POS other with interest,365243.0,-5.0,145.0,365243.0,365243.0,1.0
1095412,206765,Cash loans,13095.45,229500.0,309073.5,,229500.0,MONDAY,14,Y,1,,,,XNA,Refused,-194,Cash through the bank,SCO,Unaccompanied,Repeater,XNA,Cash,x-sell,AP+ (Cash loan),4,XNA,36.0,low_normal,Cash X-Sell: low,,,,,,
1991401,308325,Consumer loans,9189.09,120600.0,82251.0,45000.0,120600.0,MONDAY,15,Y,1,0.3851371769895005,,,XAP,Approved,-462,Cash through the bank,XAP,Unaccompanied,Repeater,Vehicles,POS,XNA,Stone,100,Auto technology,10.0,low_normal,POS other with interest,365243.0,-431.0,-161.0,-161.0,-155.0,0.0
1912691,365415,Cash loans,5693.085,45000.0,47970.0,,45000.0,FRIDAY,10,Y,1,,,,Repairs,Approved,-529,Cash through the bank,XAP,,Repeater,XNA,Cash,walk-in,AP+ (Cash loan),4,XNA,12.0,high,Cash Street: high,365243.0,-499.0,-169.0,-199.0,-191.0,1.0
2373885,358186,Cash loans,17818.02,310500.0,344110.5,,310500.0,FRIDAY,15,Y,1,,,,XNA,Approved,-460,Cash through the bank,XAP,Family,Refreshed,XNA,Cash,x-sell,AP+ (Cash loan),4,XNA,24.0,low_normal,Cash X-Sell: low,365243.0,-430.0,260.0,365243.0,365243.0,1.0
2543602,381168,Consumer loans,,34035.75,34035.75,0.0,34035.75,SATURDAY,13,Y,1,0.0,,,XAP,Unused offer,-777,Cash through the bank,CLIENT,,Refreshed,Mobile,XNA,XNA,Country-wide,45,Connectivity,,XNA,POS mobile with interest,,,,,,
1112796,163998,Consumer loans,18903.915,118341.0,132399.0,0.0,118341.0,TUESDAY,12,Y,1,0.0,,,XAP,Approved,-298,XNA,XAP,Family,Repeater,Construction Materials,POS,XNA,Stone,900,Construction,8.0,middle,POS industry with interest,365243.0,-241.0,-31.0,-61.0,-55.0,0.0
1610828,322360,Cash loans,20983.995,180000.0,191880.0,0.0,180000.0,MONDAY,9,Y,1,0.0,,,XNA,Approved,-2338,XNA,XAP,,Repeater,XNA,Cash,x-sell,Country-wide,-1,Consumer electronics,12.0,high,Cash Street: high,365243.0,-2308.0,-1978.0,-1978.0,-1611.0,1.0
2778584,273378,Consumer loans,40072.59,364230.0,364230.0,0.0,364230.0,TUESDAY,15,Y,1,0.0,,,XAP,Approved,-704,Cash through the bank,XAP,"Spouse, partner",New,Homewares,POS,XNA,Regional / Local,36,Clothing,10.0,low_normal,POS other with interest,365243.0,-670.0,-400.0,-400.0,-398.0,0.0
2252136,223993,Consumer loans,,34011.675,34011.675,0.0,34011.675,THURSDAY,13,Y,1,0.0,,,XAP,Refused,-1048,Cash through the bank,HC,,Repeater,Mobile,XNA,XNA,Country-wide,76,Connectivity,,XNA,POS mobile with interest,,,,,,
1598252,336199,Consumer loans,4203.945,52065.0,41652.0,10413.0,52065.0,SATURDAY,18,Y,1,0.2178181818181818,,,XAP,Approved,-388,Cash through the bank,XAP,Unaccompanied,Repeater,Mobile,POS,XNA,Country-wide,30,Connectivity,12.0,middle,POS mobile with interest,365243.0,-357.0,-27.0,-297.0,-289.0,0.0
1035336,449061,Consumer loans,2937.87,18954.0,18180.0,1899.0,18954.0,SUNDAY,14,Y,1,0.103002322643739,,,XAP,Approved,-1524,Cash through the bank,XAP,,New,Mobile,POS,XNA,Country-wide,30,Connectivity,8.0,high,POS mobile with interest,365243.0,-1491.0,-1281.0,-1281.0,-1272.0,0.0
1724113,133066,Consumer loans,10925.505,51259.5,41004.0,10255.5,51259.5,TUESDAY,15,Y,1,0.2178946696355177,,,XAP,Approved,-785,Cash through the bank,XAP,Unaccompanied,Repeater,Mobile,POS,XNA,Country-wide,30,Connectivity,4.0,middle,POS mobile without interest,365243.0,-753.0,-663.0,-663.0,-652.0,0.0
2286500,300401,Consumer loans,14160.375,116460.0,116460.0,0.0,116460.0,WEDNESDAY,8,Y,1,0.0,,,XAP,Approved,-276,XNA,XAP,,Repeater,Mobile,POS,XNA,Regional / Local,30,Connectivity,12.0,high,POS mobile with interest,365243.0,365243.0,348.0,365243.0,365243.0,0.0
2218168,336216,Consumer loans,4853.88,47034.0,52002.0,0.0,47034.0,WEDNESDAY,11,Y,1,0.0,,,XAP,Approved,-799,Cash through the bank,XAP,Unaccompanied,New,Photo / Cinema Equipment,POS,XNA,Stone,70,Consumer electronics,12.0,low_normal,POS household with interest,365243.0,-768.0,-438.0,-438.0,-431.0,0.0
2277581,134010,Consumer loans,3562.83,18540.0,17473.5,1890.0,18540.0,SUNDAY,13,Y,1,0.10630215705744404,,,XAP,Approved,-1832,Cash through the bank,XAP,,Repeater,Mobile,POS,XNA,Country-wide,45,Connectivity,6.0,high,POS mobile with interest,365243.0,-1793.0,-1643.0,-1643.0,-1636.0,0.0
1255904,320242,Cash loans,32908.995,693000.0,912541.5,,693000.0,FRIDAY,10,Y,1,,,,XNA,Approved,-119,Cash through the bank,XAP,Unaccompanied,Repeater,XNA,Cash,x-sell,Credit and cash offices,-1,XNA,48.0,low_normal,Cash X-Sell: low,,,,,,
1765146,261733,Cash loans,21670.92,328500.0,389205.0,,328500.0,MONDAY,9,Y,1,,,,XNA,Approved,-365,Cash through the bank,XAP,,Repeater,XNA,Cash,x-sell,Credit and cash offices,-1,XNA,48.0,high,Cash X-Sell: high,365243.0,-335.0,1075.0,365243.0,365243.0,1.0
2627285,219469,Cash loans,23567.85,229500.0,241920.0,,229500.0,FRIDAY,12,Y,1,,,,Journey,Approved,-920,Cash through the bank,XAP,Unaccompanied,Refreshed,XNA,Cash,x-sell,Credit and cash offices,-1,XNA,12.0,low_normal,Cash X-Sell: low,365243.0,-890.0,-560.0,-650.0,-631.0,1.0
2203301,377067,Cash loans,39324.645,1053000.0,1344892.5,,1053000.0,TUESDAY,9,Y,1,,,,XNA,Approved,-43,Cash through the bank,XAP,Unaccompanied,Repeater,XNA,Cash,x-sell,Credit and cash offices,-1,XNA,60.0,low_normal,Cash X-Sell: low,,,,,,
2825666,135075,Cash loans,,0.0,0.0,,,FRIDAY,13,Y,1,,,,XNA,Canceled,-60,XNA,XAP,,Repeater,XNA,XNA,XNA,Credit and cash offices,-1,XNA,,XNA,Cash,,,,,,
1625938,310539,Revolving loans,,0.0,0.0,,,TUESDAY,16,Y,1,,,,XAP,Canceled,-269,XNA,XAP,,Repeater,XNA,XNA,XNA,Credit and cash offices,-1,XNA,,XNA,Card Street,,,,,,
2442834,155635,Cash loans,,0.0,0.0,,,FRIDAY,11,Y,1,,,,XNA,Canceled,-79,XNA,XAP,,Repeater,XNA,XNA,XNA,Credit and cash offices,-1,XNA,,XNA,Cash,,,,,,
2152923,168628,Cash loans,74038.23,855000.0,892242.0,,855000.0,TUESDAY,19,Y,1,,,,XNA,Approved,-584,Cash through the bank,XAP,,Repeater,XNA,Cash,x-sell,Credit and cash offices,-1,XNA,18.0,high,Cash X-Sell: high,,,,,,
1808641,154529,Revolving loans,,0.0,0.0,,,SATURDAY,16,Y,1,,,,XAP,Canceled,-251,XNA,XAP,,Repeater,XNA,XNA,XNA,Credit and cash offices,-1,XNA,,XNA,Card Street,,,,,,
1072778,153188,Cash loans,,0.0,0.0,,,MONDAY,19,Y,1,,,,XNA,Canceled,-266,XNA,XAP,,Repeater,XNA,XNA,XNA,Credit and cash offices,-1,XNA,,XNA,Cash,,,,,,
2033482,350842,Cash loans,28907.415,270000.0,296730.0,,270000.0,TUESDAY,13,Y,1,,,,XNA,Approved,-310,Cash through the bank,XAP,Unaccompanied,Repeater,XNA,Cash,x-sell,Credit and cash offices,-1,XNA,12.0,low_normal,Cash X-Sell: low,365243.0,-280.0,50.0,365243.0,365243.0,1.0
1048630,223184,Cash loans,,0.0,0.0,,,THURSDAY,12,Y,1,,,,XNA,Canceled,-352,XNA,XAP,,Repeater,XNA,XNA,XNA,Credit and cash offices,-1,XNA,,XNA,Cash,,,,,,
1541874,157041,Consumer loans,,51246.0,51246.0,0.0,51246.0,SUNDAY,11,Y,1,0.0,,,XAP,Unused offer,-288,Cash through the bank,CLIENT,,Repeater,Mobile,XNA,XNA,Country-wide,40,Connectivity,,XNA,POS mobile with interest,,,,,,
2028925,372533,Consumer loans,7296.255,63445.5,63445.5,0.0,63445.5,SUNDAY,10,Y,1,0.0,,,XAP,Approved,-410,Cash through the bank,XAP,,Refreshed,Audio/Video,POS,XNA,Regional / Local,100,Consumer electronics,10.0,middle,POS household with interest,365243.0,-379.0,-109.0,-109.0,-102.0,0.0
1191855,425963,Consumer loans,10925.505,51259.5,41004.0,10255.5,51259.5,THURSDAY,10,Y,1,0.2178946696355177,,,XAP,Approved,-1205,Cash through the bank,XAP,,New,Mobile,POS,XNA,Country-wide,35,Connectivity,4.0,middle,POS mobile without interest,365243.0,-1163.0,-1073.0,-1073.0,-1069.0,0.0
1360678,293334,Consumer loans,6378.75,112500.0,112500.0,0.0,112500.0,TUESDAY,12,Y,1,0.0,,,XAP,Approved,-789,XNA,XAP,Unaccompanied,Refreshed,Construction Materials,POS,XNA,Stone,10,Construction,24.0,middle,POS industry with interest,365243.0,-758.0,-68.0,-61.0,-56.0,0.0
1486399,416260,Consumer loans,5845.905,51469.65,51469.65,0.0,51469.65,SATURDAY,21,Y,1,0.0,,,XAP,Approved,-89,Cash through the bank,XAP,,Repeater,Mobile,POS,XNA,Country-wide,33,Connectivity,10.0,low_normal,POS mobile without interest,365243.0,-50.0,220.0,365243.0,365243.0,0.0
2829509,130429,Consumer loans,8558.595,65376.0,61029.0,9000.0,65376.0,MONDAY,18,Y,1,0.13996798728838314,,,XAP,Approved,-1408,Cash through the bank,XAP,Unaccompanied,Repeater,Mobile,POS,XNA,Country-wide,57,Connectivity,10.0,high,POS mobile with interest,365243.0,-1377.0,-1107.0,-1107.0,-1101.0,0.0
2029849,380539,Cash loans,18982.935,90000.0,92970.0,,90000.0,WEDNESDAY,15,Y,1,,,,Purchase of electronic equipment,Approved,-611,XNA,XAP,Other_A,Refreshed,XNA,Cash,walk-in,Country-wide,57,Connectivity,6.0,high,Cash Street: high,365243.0,-581.0,-431.0,-521.0,-516.0,1.0
1766797,144040,Consumer loans,11381.13,53394.75,42714.0,10680.75,53394.75,WEDNESDAY,10,Y,1,0.2178548963572772,,,XAP,Approved,-952,Cash through the bank,XAP,,Refreshed,Mobile,POS,XNA,Country-wide,5,Connectivity,4.0,middle,POS mobile without interest,365243.0,-915.0,-825.0,-825.0,-821.0,0.0
1490462,449030,Revolving loans,9000.0,0.0,180000.0,,,SUNDAY,13,Y,1,,,,XAP,Approved,-691,XNA,XAP,,Repeater,XNA,Cards,x-sell,Country-wide,232,Consumer electronics,0.0,XNA,Card X-Sell,-579.0,-555.0,365243.0,-494.0,365243.0,0.0
2366052,121849,Consumer loans,7813.485,58468.5,64255.5,0.0,58468.5,FRIDAY,16,Y,1,0.0,,,XAP,Approved,-1813,Cash through the bank,XAP,Unaccompanied,New,Consumer Electronics,POS,XNA,Country-wide,232,Consumer electronics,12.0,high,POS household with interest,365243.0,-1781.0,-1451.0,-1451.0,-1447.0,0.0
2134880,402346,Consumer loans,2155.275,21555.0,19399.5,2155.5,21555.0,FRIDAY,14,Y,1,0.1089090909090909,,,XAP,Approved,-2511,Cash through the bank,XAP,,Repeater,Consumer Electronics,POS,XNA,Country-wide,232,Consumer electronics,10.0,low_normal,POS household without interest,365243.0,-2473.0,-2203.0,-2293.0,-2285.0,0.0
2011047,155779,Consumer loans,7032.6,65565.0,64638.0,6750.0,65565.0,THURSDAY,10,Y,1,0.10297758217576672,,,XAP,Approved,-1449,Cash through the bank,XAP,Unaccompanied,New,Audio/Video,POS,XNA,Country-wide,232,Consumer electronics,12.0,high,POS household with interest,365243.0,-1418.0,-1088.0,-1088.0,-1082.0,0.0
1487194,423908,Consumer loans,8965.395,110007.0,129370.5,0.0,110007.0,SUNDAY,18,Y,1,0.0,,,XAP,Approved,-27,Cash through the bank,XAP,Family,Repeater,Computers,POS,XNA,Country-wide,3000,Consumer electronics,20.0,middle,POS household with interest,365243.0,365243.0,573.0,365243.0,365243.0,1.0
2240087,434717,Consumer loans,4252.23,26811.0,26811.0,0.0,26811.0,SUNDAY,19,Y,1,0.0,,,XAP,Approved,-2385,Cash through the bank,XAP,Children,New,Consumer Electronics,POS,XNA,Country-wide,3000,Consumer electronics,8.0,high,POS household with interest,,,,,,
2146151,161415,Consumer loans,8044.11,48464.55,48460.5,4.05,48464.55,FRIDAY,11,Y,1,9.101122741917918e-05,,,XAP,Refused,-2287,Cash through the bank,HC,Unaccompanied,Repeater,Audio/Video,POS,XNA,Stone,79,Consumer electronics,8.0,high,POS household with interest,,,,,,
1894885,287361,Cash loans,31573.8,540000.0,540000.0,,540000.0,SATURDAY,10,Y,1,,,,XNA,Approved,-567,Cash through the bank,XAP,,Repeater,XNA,Cash,x-sell,Regional / Local,1000,Consumer electronics,24.0,middle,Cash X-Sell: middle,365243.0,-537.0,153.0,365243.0,365243.0,0.0
1166363,143116,Consumer loans,2882.52,39820.5,49284.0,0.0,39820.5,MONDAY,12,Y,1,0.0,,,XAP,Refused,-87,Cash through the bank,HC,Unaccompanied,Repeater,Computers,POS,XNA,Regional / Local,1000,Consumer electronics,24.0,low_normal,POS household with interest,,,,,,
2240107,323651,Revolving loans,13500.0,0.0,270000.0,,,TUESDAY,12,Y,1,,,,XAP,Approved,-650,XNA,XAP,,Repeater,XNA,Cards,x-sell,AP+ (Cash loan),5,XNA,0.0,XNA,Card X-Sell,-603.0,-577.0,365243.0,365243.0,365243.0,0.0
2139354,388401,Revolving loans,29250.0,0.0,585000.0,,,THURSDAY,15,N,1,,,,XAP,Refused,-608,XNA,HC,,Repeater,XNA,Cards,x-sell,AP+ (Cash loan),5,XNA,0.0,XNA,Card X-Sell,,,,,,
1418240,407209,Consumer loans,11453.31,91539.0,99594.0,0.0,91539.0,MONDAY,17,Y,1,0.0,,,XAP,Approved,-1080,Cash through the bank,XAP,Unaccompanied,New,Audio/Video,POS,XNA,Regional / Local,1169,Consumer electronics,10.0,middle,POS household with interest,365243.0,-1049.0,-779.0,-779.0,-772.0,0.0
1214322,328754,Consumer loans,18015.39,178335.0,178335.0,0.0,178335.0,SATURDAY,14,Y,1,0.0,,,XAP,Approved,-917,Cash through the bank,XAP,Unaccompanied,Repeater,Consumer Electronics,POS,XNA,Regional / Local,1169,Consumer electronics,12.0,middle,POS household with interest,365243.0,-886.0,-556.0,-616.0,-608.0,0.0
2088404,141914,Consumer loans,9767.79,86287.5,95400.0,0.0,86287.5,SUNDAY,12,Y,1,0.0,,,XAP,Approved,-870,Cash through the bank,XAP,Family,Repeater,Photo / Cinema Equipment,POS,XNA,Regional / Local,1169,Consumer electronics,12.0,middle,POS household with interest,365243.0,-839.0,-509.0,-539.0,-527.0,0.0
1462526,239145,Consumer loans,10585.935,97803.0,95283.0,9783.0,97803.0,SUNDAY,16,Y,1,0.10140841341286773,,,XAP,Approved,-1885,XNA,XAP,Family,New,Computers,POS,XNA,Regional / Local,674,Consumer electronics,10.0,low_normal,POS household with interest,365243.0,-1854.0,-1584.0,-1584.0,-1577.0,0.0
1846858,196754,Consumer loans,17686.26,163525.5,158017.5,16353.0,163525.5,SUNDAY,14,Y,1,0.10213828392052343,,,XAP,Approved,-1475,XNA,XAP,Family,Repeater,Computers,POS,XNA,Regional / Local,674,Consumer electronics,10.0,low_normal,POS household with interest,365243.0,-1444.0,-1174.0,-1204.0,-1202.0,0.0
2760911,217003,Consumer loans,14102.235,125955.0,124578.0,12600.0,125955.0,FRIDAY,15,Y,1,0.1000345934081664,,,XAP,Approved,-2031,XNA,XAP,Family,Repeater,Audio/Video,POS,XNA,Regional / Local,674,Consumer electronics,12.0,high,POS household with interest,365243.0,-2000.0,-1670.0,-1670.0,-1665.0,0.0
1330540,190634,Consumer loans,9020.655,65205.0,74146.5,6520.5,65205.0,MONDAY,9,Y,1,0.08803373464647593,,,XAP,Approved,-1878,Cash through the bank,XAP,Unaccompanied,Repeater,Mobile,POS,XNA,Country-wide,1880,Consumer electronics,12.0,high,POS household with interest,365243.0,-1847.0,-1517.0,-1547.0,-1542.0,0.0
1684165,394962,Consumer loans,22073.22,193455.0,193455.0,0.0,193455.0,TUESDAY,13,Y,1,0.0,,,XAP,Approved,-2524,XNA,XAP,Children,New,Computers,POS,XNA,Country-wide,1880,Consumer electronics,12.0,high,POS household with interest,365243.0,-2493.0,-2163.0,-2163.0,-2155.0,0.0
2717566,372277,Cash loans,13472.73,67500.0,69727.5,0.0,67500.0,FRIDAY,12,Y,1,0.0,,,XNA,Approved,-2267,Cash through the bank,XAP,,Repeater,XNA,Cash,x-sell,Country-wide,-1,Consumer electronics,6.0,high,Cash Street: high,365243.0,-2237.0,-2087.0,-2087.0,-2076.0,1.0
1445481,389236,Cash loans,16591.5,135000.0,135000.0,0.0,135000.0,WEDNESDAY,16,Y,1,0.0,,,XNA,Approved,-2794,Cash through the bank,XAP,,Repeater,XNA,Cash,x-sell,Country-wide,10,Consumer electronics,10.0,middle,Cash Street: middle,365243.0,-2764.0,-2494.0,-2494.0,-2489.0,0.0
1680090,144062,Consumer loans,11372.67,100300.5,85252.5,15048.0,100300.5,FRIDAY,10,Y,1,0.1633953968325182,,,XAP,Refused,-2868,Cash through the bank,SCO,,Repeater,XNA,POS,XNA,Country-wide,19,Connectivity,10.0,high,POS mobile with interest,,,,,,
1956180,169385,Consumer loans,12564.9,110626.02,110626.02,0.0,110626.02,FRIDAY,12,Y,1,0.0,,,XAP,Approved,-559,Cash through the bank,XAP,,Refreshed,Mobile,POS,XNA,Country-wide,34,Connectivity,10.0,low_normal,POS mobile without interest,365243.0,-517.0,-247.0,-277.0,-270.0,0.0
2405261,215837,Revolving loans,2250.0,45000.0,45000.0,,45000.0,SATURDAY,15,Y,1,,,,XAP,Approved,-424,XNA,XAP,Family,Refreshed,XNA,Cards,walk-in,Country-wide,15,Connectivity,0.0,XNA,Card Street,-296.0,-231.0,365243.0,365243.0,365243.0,0.0
1636555,253690,Consumer loans,5666.805,47115.0,46602.0,4711.5,47115.0,TUESDAY,12,Y,1,0.09999808662792088,,,XAP,Approved,-1814,Cash through the bank,XAP,Children,New,Mobile,POS,XNA,Country-wide,358,Consumer electronics,12.0,high,POS household with interest,365243.0,-1783.0,-1453.0,-1453.0,-1445.0,0.0
2283315,102649,Consumer loans,12540.6,60423.255,63414.0,1.755,60423.255,SUNDAY,15,Y,1,3.0140058183562517e-05,,,XAP,Approved,-1452,Cash through the bank,XAP,Unaccompanied,New,Construction Materials,POS,XNA,Stone,463,Construction,6.0,high,POS industry with interest,365243.0,-1421.0,-1271.0,-1271.0,-1262.0,0.0
1354762,214927,Consumer loans,10687.725,88785.9,88474.5,8879.4,88785.9,TUESDAY,14,Y,1,0.09933319382358403,,,XAP,Approved,-2659,Cash through the bank,XAP,Children,New,Computers,POS,XNA,Stone,70,Consumer electronics,12.0,high,POS household with interest,365243.0,-2598.0,-2268.0,-2268.0,-2255.0,1.0
1024290,303067,Consumer loans,2690.235,24480.0,24214.5,2448.0,24480.0,WEDNESDAY,13,Y,1,0.0999941695435366,,,XAP,Approved,-1706,Cash through the bank,XAP,,New,Mobile,POS,XNA,Country-wide,35,Connectivity,12.0,high,POS mobile with interest,365243.0,-1669.0,-1339.0,-1339.0,-1317.0,0.0
2357836,342771,Consumer loans,3836.97,25272.0,27774.0,0.0,25272.0,THURSDAY,11,Y,1,0.0,,,XAP,Approved,-111,Cash through the bank,XAP,Unaccompanied,Repeater,Mobile,POS,XNA,Country-wide,23,Connectivity,10.0,high,POS mobile with interest,365243.0,-81.0,189.0,365243.0,365243.0,1.0
1482288,407050,Consumer loans,9513.675,101925.0,101925.0,0.0,101925.0,WEDNESDAY,14,Y,1,0.0,,,XAP,Approved,-876,XNA,XAP,,New,Construction Materials,POS,XNA,Stone,41,Construction,12.0,low_normal,POS industry with interest,365243.0,-839.0,-509.0,-509.0,-466.0,0.0
2179257,332382,Consumer loans,5350.815,47110.5,47110.5,0.0,47110.5,SATURDAY,16,Y,1,0.0,,,XAP,Approved,-342,Cash through the bank,XAP,Unaccompanied,Repeater,Mobile,POS,XNA,Country-wide,20,Connectivity,10.0,low_normal,POS mobile without interest,365243.0,-299.0,-29.0,-89.0,-82.0,0.0
1360197,321342,Consumer loans,7757.415,58392.0,65331.0,0.0,58392.0,THURSDAY,18,Y,1,0.0,,,XAP,Approved,-14,Cash through the bank,XAP,,Repeater,Mobile,POS,XNA,Country-wide,50,Connectivity,12.0,high,POS mobile with interest,365243.0,365243.0,351.0,365243.0,365243.0,0.0
2602998,204082,Cash loans,,450000.0,450000.0,0.0,450000.0,MONDAY,17,Y,1,0.0,,,XNA,Refused,-368,XNA,HC,,Repeater,XNA,XNA,XNA,Country-wide,60,Connectivity,,XNA,Cash,,,,,,
1896264,258070,Consumer loans,5781.915,57825.0,52042.5,5782.5,57825.0,THURSDAY,8,Y,1,0.1089090909090909,,,XAP,Approved,-2830,Cash through the bank,XAP,Unaccompanied,New,Consumer Electronics,POS,XNA,Regional / Local,150,Connectivity,10.0,low_normal,POS mobile with interest,365243.0,-2799.0,-2529.0,-2529.0,-2526.0,0.0
1183636,395562,Consumer loans,71390.295,268659.0,274567.5,0.0,268659.0,TUESDAY,15,Y,1,0.0,,,XAP,Approved,-519,XNA,XAP,,New,Construction Materials,POS,XNA,Stone,30,Construction,4.0,low_action,POS industry with interest,365243.0,-487.0,-397.0,-397.0,-395.0,0.0
1846315,231007,Consumer loans,3879.9,35955.0,32359.5,3595.5,35955.0,THURSDAY,13,Y,1,0.1089090909090909,,,XAP,Approved,-1380,Cash through the bank,XAP,Family,New,Mobile,POS,XNA,Stone,6,Connectivity,12.0,high,POS mobile with interest,365243.0,-1345.0,-1015.0,-1015.0,-1012.0,0.0
2799266,252905,Consumer loans,6693.3,65205.0,71662.5,0.0,65205.0,FRIDAY,13,Y,1,0.0,,,XAP,Refused,-1459,Cash through the bank,LIMIT,Unaccompanied,Repeater,Consumer Electronics,POS,XNA,Country-wide,5,Consumer electronics,12.0,low_normal,POS household with interest,,,,,,
2155032,286412,Consumer loans,18372.195,142632.0,155182.5,0.0,142632.0,FRIDAY,11,Y,1,0.0,,,XAP,Approved,-244,XNA,XAP,Unaccompanied,Refreshed,Furniture,POS,XNA,Regional / Local,70,Furniture,10.0,middle,POS industry with interest,365243.0,-209.0,61.0,365243.0,365243.0,0.0
1715858,354389,Consumer loans,4103.1,37341.0,36931.5,3735.0,37341.0,SATURDAY,13,Y,1,0.10002716106511607,,,XAP,Approved,-2244,Cash through the bank,XAP,Family,Repeater,Mobile,POS,XNA,Country-wide,50,Connectivity,12.0,high,POS mobile with interest,365243.0,-2213.0,-1883.0,-1973.0,-1970.0,1.0
2123041,418997,Consumer loans,15395.625,103286.565,94284.0,9002.565,103286.565,SATURDAY,9,Y,1,0.09492630237049708,,,XAP,Approved,-525,XNA,XAP,,New,Consumer Electronics,POS,XNA,Country-wide,50,Consumer electronics,8.0,high,POS household with interest,365243.0,-492.0,-282.0,-282.0,-279.0,0.0
2454123,200956,Consumer loans,5372.595,43767.0,39388.5,4378.5,43767.0,SATURDAY,7,Y,1,0.10895388181631238,,,XAP,Approved,-1633,Cash through the bank,XAP,,Refreshed,Mobile,POS,XNA,Country-wide,32,Connectivity,10.0,high,POS mobile with interest,365243.0,-1569.0,-1299.0,-1299.0,-1261.0,0.0
2188215,403328,Revolving loans,2250.0,45000.0,45000.0,,45000.0,THURSDAY,14,Y,1,,,,XAP,Refused,-306,XNA,SCOFR,Unaccompanied,Refreshed,XNA,Cards,walk-in,Credit and cash offices,-1,XNA,0.0,XNA,Card Street,,,,,,
2668727,414481,Cash loans,22301.19,112500.0,116212.5,,112500.0,MONDAY,18,Y,1,,,,XNA,Approved,-1131,XNA,XAP,Unaccompanied,Refreshed,XNA,Cash,x-sell,Credit and cash offices,-1,XNA,6.0,middle,Cash X-Sell: middle,365243.0,-1101.0,-951.0,-1041.0,-1034.0,1.0
2447477,274840,Revolving loans,9000.0,180000.0,180000.0,,180000.0,WEDNESDAY,12,Y,1,,,,XAP,Refused,-223,XNA,HC,Unaccompanied,Repeater,XNA,Cards,x-sell,Credit and cash offices,-1,XNA,0.0,XNA,Card X-Sell,,,,,,
1951441,335598,Cash loans,35149.5,904500.0,1119411.0,,904500.0,MONDAY,18,Y,1,,,,XNA,Refused,-421,Cash through the bank,HC,Other_B,Repeater,XNA,Cash,x-sell,Credit and cash offices,-1,XNA,48.0,low_normal,Cash X-Sell: low,,,,,,
1530063,377616,Cash loans,,0.0,0.0,,,MONDAY,11,Y,1,,,,XNA,Canceled,-130,XNA,XAP,,Repeater,XNA,XNA,XNA,Credit and cash offices,-1,XNA,,XNA,Cash,,,,,,
2352627,266560,Revolving loans,,0.0,0.0,,,WEDNESDAY,7,Y,1,,,,XAP,Canceled,-323,XNA,XAP,,Repeater,XNA,XNA,XNA,Credit and cash offices,-1,XNA,,XNA,Card Street,,,,,,
1348316,104826,Revolving loans,22500.0,450000.0,450000.0,,450000.0,MONDAY,14,Y,1,,,,XAP,Refused,-183,XNA,HC,Unaccompanied,Repeater,XNA,Cards,x-sell,Credit and cash offices,-1,XNA,0.0,XNA,Card X-Sell,,,,,,
1472909,452034,Consumer loans,,30145.5,30145.5,0.0,30145.5,SUNDAY,13,Y,1,0.0,,,XAP,Unused offer,-96,Cash through the bank,CLIENT,,Repeater,Computers,XNA,XNA,Country-wide,90,Connectivity,,XNA,POS mobile with interest,,,,,,
1120844,263982,Revolving loans,6750.0,135000.0,135000.0,,135000.0,TUESDAY,18,Y,1,,,,XAP,Refused,-283,XNA,HC,Unaccompanied,Repeater,XNA,Cards,walk-in,Channel of corporate sales,-1,XNA,0.0,XNA,Card Street,,,,,,
2333416,206862,Consumer loans,1773.135,15611.22,15611.22,0.0,15611.22,WEDNESDAY,8,Y,1,0.0,,,XAP,Approved,-149,Cash through the bank,XAP,,Repeater,Mobile,POS,XNA,Country-wide,33,Connectivity,10.0,low_normal,POS mobile without interest,365243.0,-117.0,153.0,-117.0,-110.0,0.0
2831977,248474,Consumer loans,13103.145,119119.5,119119.5,0.0,119119.5,MONDAY,13,Y,1,0.0,,,XAP,Approved,-235,Cash through the bank,XAP,Unaccompanied,Repeater,Computers,POS,XNA,Stone,80,Consumer electronics,10.0,low_normal,POS household with interest,365243.0,-202.0,68.0,365243.0,365243.0,0.0
2308215,102092,Consumer loans,6000.21,58824.0,58527.0,5886.0,58824.0,SATURDAY,18,Y,1,0.0995201138110178,,,XAP,Approved,-487,Cash through the bank,XAP,Unaccompanied,Repeater,Furniture,POS,XNA,Stone,500,Furniture,12.0,middle,POS industry with interest,365243.0,-457.0,-127.0,-187.0,-185.0,1.0
1124109,284499,Revolving loans,13500.0,270000.0,270000.0,,270000.0,SATURDAY,11,Y,1,,,,XAP,Refused,-198,XNA,HC,"Spouse, partner",Repeater,XNA,Cards,x-sell,Credit and cash offices,-1,XNA,0.0,XNA,Card X-Sell,,,,,,
2424678,442914,Cash loans,17870.445,450000.0,553950.0,,450000.0,TUESDAY,14,Y,1,,,,Repairs,Approved,-862,Cash through the bank,XAP,"Spouse, partner",Refreshed,XNA,Cash,walk-in,Credit and cash offices,-1,XNA,60.0,low_normal,Cash Street: low,365243.0,-828.0,942.0,365243.0,365243.0,0.0
1210834,231279,Cash loans,25965.0,450000.0,450000.0,,450000.0,TUESDAY,10,Y,1,,,,XNA,Approved,-272,Cash through the bank,XAP,"Spouse, partner",Refreshed,XNA,Cash,x-sell,Credit and cash offices,-1,XNA,24.0,middle,Cash X-Sell: middle,365243.0,-242.0,448.0,-242.0,-239.0,0.0
1909868,177638,Revolving loans,6750.0,135000.0,135000.0,0.0,135000.0,THURSDAY,16,Y,1,0.0,,,XAP,Refused,-522,XNA,HC,,Refreshed,XNA,Cards,walk-in,Country-wide,16,Connectivity,0.0,XNA,Card Street,,,,,,
1610260,195654,Consumer loans,,52465.5,52465.5,0.0,52465.5,SUNDAY,15,Y,1,0.0,,,XAP,Unused offer,-884,Cash through the bank,CLIENT,,Repeater,Mobile,XNA,XNA,Country-wide,16,Connectivity,,XNA,POS mobile with interest,,,,,,
1608920,303492,Cash loans,,0.0,0.0,,,WEDNESDAY,13,Y,1,,,,XNA,Canceled,-248,XNA,XAP,,Repeater,XNA,XNA,XNA,Credit and cash offices,-1,XNA,,XNA,Cash,,,,,,
2748424,263634,Revolving loans,38250.0,0.0,765000.0,,,MONDAY,12,Y,1,,,,XAP,Approved,-680,XNA,XAP,,Repeater,XNA,Cards,x-sell,Credit and cash offices,-1,XNA,0.0,XNA,Card X-Sell,365243.0,365243.0,365243.0,365243.0,365243.0,0.0
2296976,200615,Cash loans,,0.0,0.0,,,THURSDAY,14,Y,1,,,,XNA,Canceled,-415,XNA,XAP,,Repeater,XNA,XNA,XNA,Credit and cash offices,-1,XNA,,XNA,Cash,,,,,,
1735068,427771,Cash loans,,0.0,0.0,,,WEDNESDAY,17,Y,1,,,,XNA,Canceled,-5,XNA,XAP,,Repeater,XNA,XNA,XNA,Credit and cash offices,-1,XNA,,XNA,Cash,,,,,,
1098712,433748,Revolving loans,7875.0,157500.0,157500.0,,157500.0,MONDAY,11,Y,1,,,,XAP,Refused,-906,XNA,SCOFR,,Repeater,XNA,Cards,walk-in,Credit and cash offices,-1,XNA,0.0,XNA,Card Street,,,,,,
2549763,323901,Cash loans,21841.2,742500.0,742500.0,,742500.0,FRIDAY,13,Y,1,,,,XNA,Refused,-162,Cash through the bank,HC,Unaccompanied,Repeater,XNA,Cash,x-sell,Credit and cash offices,-1,XNA,60.0,low_normal,Cash X-Sell: low,,,,,,
2169909,132545,Cash loans,,0.0,0.0,,,THURSDAY,11,Y,1,,,,XNA,Canceled,-134,XNA,XAP,,Refreshed,XNA,XNA,XNA,Credit and cash offices,-1,XNA,,XNA,Cash,,,,,,
2583312,425792,Cash loans,6322.86,67500.0,84564.0,,67500.0,SUNDAY,18,Y,1,,,,XNA,Approved,-921,Cash through the bank,XAP,Unaccompanied,Repeater,XNA,Cash,x-sell,Credit and cash offices,-1,XNA,18.0,middle,Cash X-Sell: middle,365243.0,-891.0,-381.0,-381.0,-375.0,1.0
2731978,260326,Cash loans,,0.0,0.0,,,WEDNESDAY,16,Y,1,,,,XNA,Canceled,-136,XNA,XAP,,Repeater,XNA,XNA,XNA,Credit and cash offices,-1,XNA,,XNA,Cash,,,,,,
2296751,121039,Revolving loans,33750.0,675000.0,675000.0,,675000.0,WEDNESDAY,17,Y,1,,,,XAP,Refused,-498,XNA,HC,Unaccompanied,Repeater,XNA,Cards,x-sell,Credit and cash offices,-1,XNA,0.0,XNA,Card X-Sell,,,,,,
2477021,316406,Cash loans,30154.725,495000.0,589765.5,,495000.0,WEDNESDAY,15,Y,1,,,,XNA,Approved,-880,Non-cash from your account,XAP,Family,Repeater,XNA,Cash,x-sell,Credit and cash offices,-1,XNA,36.0,middle,Cash X-Sell: middle,365243.0,-850.0,200.0,-250.0,-246.0,1.0
1860057,132918,Cash loans,,0.0,0.0,,,MONDAY,16,Y,1,,,,XNA,Canceled,-246,XNA,XAP,,Repeater,XNA,XNA,XNA,Credit and cash offices,-1,XNA,,XNA,Cash,,,,,,
1860104,240781,Cash loans,53125.11,1800000.0,2013840.0,,1800000.0,WEDNESDAY,11,Y,1,,,,XNA,Refused,-526,Cash through the bank,SCO,,Refreshed,XNA,Cash,x-sell,Credit and cash offices,-1,XNA,60.0,low_action,Cash X-Sell: low,,,,,,
2542053,161858,Cash loans,28916.46,216000.0,261972.0,,216000.0,TUESDAY,11,Y,1,,,,XNA,Refused,-637,Cash through the bank,HC,,Repeater,XNA,Cash,x-sell,Credit and cash offices,-1,XNA,12.0,high,Cash X-Sell: high,,,,,,
2085496,441272,Cash loans,26206.965,225000.0,269010.0,,225000.0,WEDNESDAY,18,Y,1,,,,XNA,Approved,-244,Cash through the bank,XAP,Unaccompanied,Repeater,XNA,Cash,x-sell,Credit and cash offices,-1,XNA,12.0,low_normal,Cash X-Sell: low,365243.0,-214.0,116.0,365243.0,365243.0,1.0
2122588,213348,Cash loans,27301.635,540000.0,604152.0,,540000.0,THURSDAY,14,Y,1,,,,XNA,Refused,-1097,XNA,HC,Unaccompanied,Repeater,XNA,Cash,x-sell,Credit and cash offices,-1,XNA,36.0,middle,Cash X-Sell: middle,,,,,,
1744590,192226,Revolving loans,12375.0,0.0,247500.0,,,TUESDAY,16,Y,1,,,,XAP,Approved,-638,XNA,XAP,,Refreshed,XNA,Cards,x-sell,Credit and cash offices,-1,XNA,0.0,XNA,Card X-Sell,365243.0,365243.0,365243.0,365243.0,365243.0,0.0
2308759,349450,Cash loans,,0.0,0.0,,,TUESDAY,13,Y,1,,,,XNA,Canceled,-240,XNA,XAP,,Repeater,XNA,XNA,XNA,Credit and cash offices,-1,XNA,,XNA,Cash,,,,,,
1291117,174338,Revolving loans,,0.0,0.0,,,THURSDAY,10,Y,1,,,,XAP,Canceled,-211,XNA,XAP,,Repeater,XNA,XNA,XNA,Credit and cash offices,-1,XNA,,XNA,Card Street,,,,,,
2759996,263411,Revolving loans,22500.0,0.0,450000.0,,,WEDNESDAY,10,Y,1,,,,XAP,Approved,-684,XNA,XAP,,Repeater,XNA,Cards,x-sell,Credit and cash offices,-1,XNA,0.0,XNA,Card X-Sell,365243.0,365243.0,365243.0,365243.0,365243.0,0.0
1524343,217261,Cash loans,18214.065,315000.0,358659.0,0.0,315000.0,MONDAY,11,Y,1,0.0,,,XNA,Refused,-1494,Cash through the bank,LIMIT,Unaccompanied,Repeater,XNA,Cash,x-sell,Credit and cash offices,-1,XNA,30.0,middle,Cash X-Sell: middle,,,,,,
1382252,338111,Consumer loans,10473.255,72090.0,57672.0,14418.0,72090.0,TUESDAY,17,Y,1,0.2178181818181818,,,XAP,Approved,-2533,Cash through the bank,XAP,Family,Repeater,Consumer Electronics,POS,XNA,Stone,64,Consumer electronics,6.0,middle,POS household with interest,365243.0,-2500.0,-2350.0,-2410.0,-2402.0,0.0
1905934,205075,Consumer loans,6695.46,51282.0,55795.5,0.0,51282.0,MONDAY,17,Y,1,0.0,,,XAP,Approved,-520,Cash through the bank,XAP,,Repeater,Consumer Electronics,POS,XNA,Country-wide,1000,Consumer electronics,10.0,middle,POS household with interest,365243.0,-489.0,-219.0,-219.0,-213.0,0.0
1905936,423448,Consumer loans,6648.57,74920.5,85788.0,0.0,74920.5,TUESDAY,14,Y,1,0.0,,,XAP,Approved,-864,Cash through the bank,XAP,Family,Repeater,Consumer Electronics,POS,XNA,Country-wide,1000,Consumer electronics,18.0,middle,POS household with interest,365243.0,-833.0,-323.0,-713.0,-703.0,0.0
2480692,283437,Consumer loans,19584.225,102901.5,102901.5,0.0,102901.5,TUESDAY,15,Y,1,0.0,,,XAP,Approved,-253,Cash through the bank,XAP,Family,Repeater,Consumer Electronics,POS,XNA,Country-wide,1000,Consumer electronics,6.0,middle,POS household with interest,365243.0,-223.0,-73.0,-73.0,-66.0,0.0
2803346,183340,Consumer loans,6031.215,119646.0,133168.5,0.0,119646.0,SATURDAY,14,Y,1,0.0,,,XAP,Approved,-779,Cash through the bank,XAP,Family,Repeater,Computers,POS,XNA,Country-wide,1000,Consumer electronics,24.0,low_action,POS household without interest,365243.0,-748.0,-58.0,-58.0,-50.0,0.0
1180171,225043,Cash loans,39467.25,675000.0,675000.0,,675000.0,SUNDAY,13,Y,1,,,,XNA,Approved,-703,Cash through the bank,XAP,,Repeater,XNA,Cash,x-sell,AP+ (Cash loan),5,XNA,24.0,middle,Cash X-Sell: middle,365243.0,-673.0,17.0,365243.0,365243.0,0.0
1438342,177271,Consumer loans,6328.08,52875.0,57528.0,0.0,52875.0,WEDNESDAY,17,Y,1,0.0,,,XAP,Approved,-769,Cash through the bank,XAP,Family,New,Computers,POS,XNA,Country-wide,150,Consumer electronics,10.0,low_normal,POS household with interest,365243.0,-738.0,-468.0,-468.0,-464.0,0.0
1375679,127945,Cash loans,,0.0,0.0,,,SATURDAY,11,Y,1,,,,XNA,Canceled,-390,XNA,XAP,,Repeater,XNA,XNA,XNA,AP+ (Cash loan),2,XNA,,XNA,Cash,,,,,,
1525208,380831,Revolving loans,5625.0,112500.0,112500.0,,112500.0,TUESDAY,17,Y,1,,,,XAP,Refused,-601,XNA,SCOFR,,Repeater,XNA,Cards,walk-in,AP+ (Cash loan),2,XNA,0.0,XNA,Card Street,,,,,,
1569984,261496,Consumer loans,5985.99,129978.0,129978.0,0.0,129978.0,THURSDAY,9,Y,1,0.0,,,XAP,Approved,-752,Cash through the bank,XAP,,Repeater,Consumer Electronics,POS,XNA,Regional / Local,80,Consumer electronics,24.0,low_action,POS household without interest,365243.0,-721.0,-31.0,-31.0,-28.0,0.0
1126904,189204,Revolving loans,2250.0,45000.0,45000.0,,45000.0,THURSDAY,11,Y,1,,,,XAP,Approved,-383,XNA,XAP,,Repeater,XNA,Cards,walk-in,AP+ (Cash loan),4,XNA,0.0,XNA,Card Street,-381.0,-342.0,365243.0,-160.0,365243.0,0.0
2210791,227203,Consumer loans,5248.26,31500.0,28602.0,4500.0,31500.0,FRIDAY,16,Y,1,0.1480547728508577,,,XAP,Approved,-117,XNA,XAP,Unaccompanied,Repeater,Auto Accessories,POS,XNA,Stone,40,Auto technology,6.0,low_normal,POS other with interest,365243.0,-84.0,66.0,365243.0,365243.0,0.0
2600379,219324,Cash loans,,0.0,0.0,,,THURSDAY,9,Y,1,,,,XNA,Canceled,-7,XNA,XAP,,Repeater,XNA,XNA,XNA,Credit and cash offices,-1,XNA,,XNA,Cash,,,,,,
1848816,429896,Cash loans,45205.605,1350000.0,1546020.0,,1350000.0,MONDAY,15,Y,1,,,,XNA,Approved,-325,Cash through the bank,XAP,Unaccompanied,Repeater,XNA,Cash,x-sell,Credit and cash offices,-1,XNA,60.0,low_normal,Cash X-Sell: low,365243.0,-295.0,1475.0,-55.0,-53.0,1.0
1818863,216811,Revolving loans,22500.0,450000.0,450000.0,,450000.0,WEDNESDAY,15,Y,1,,,,XAP,Approved,-364,XNA,XAP,,Repeater,XNA,Cards,x-sell,Credit and cash offices,-1,XNA,0.0,XNA,Card X-Sell,-364.0,-320.0,365243.0,365243.0,365243.0,0.0
2106479,427594,Cash loans,42175.575,229500.0,235710.0,,229500.0,THURSDAY,10,Y,1,,,,XNA,Approved,-811,Cash through the bank,XAP,Unaccompanied,Repeater,XNA,Cash,x-sell,Credit and cash offices,-1,XNA,6.0,middle,Cash X-Sell: middle,365243.0,-781.0,-631.0,-631.0,-626.0,1.0
1623160,313419,Revolving loans,9000.0,180000.0,180000.0,,180000.0,SATURDAY,10,Y,1,,,,XAP,Approved,-872,XNA,XAP,,Repeater,XNA,Cards,walk-in,Credit and cash offices,-1,XNA,0.0,XNA,Card Street,,,,,,
1196400,380146,Cash loans,,0.0,0.0,,,MONDAY,13,Y,1,,,,XNA,Canceled,-144,XNA,XAP,,Repeater,XNA,XNA,XNA,Credit and cash offices,-1,XNA,,XNA,Cash,,,,,,
1754069,117417,Revolving loans,2250.0,45000.0,45000.0,,45000.0,TUESDAY,6,Y,1,,,,XAP,Refused,-492,XNA,SCOFR,Unaccompanied,Repeater,XNA,Cards,walk-in,Credit and cash offices,-1,XNA,0.0,XNA,Card Street,,,,,,
2010407,207352,Consumer loans,8261.235,123912.0,123912.0,0.0,123912.0,TUESDAY,16,Y,1,0.0,,,XAP,Approved,-550,Cash through the bank,XAP,,Repeater,Consumer Electronics,POS,XNA,Country-wide,2301,Consumer electronics,24.0,middle,POS household with interest,365243.0,-519.0,171.0,365243.0,365243.0,0.0
1065063,134591,Cash loans,18851.535,90000.0,92970.0,,90000.0,THURSDAY,14,Y,1,,,,XNA,Approved,-1197,Cash through the bank,XAP,Unaccompanied,Repeater,XNA,Cash,walk-in,Credit and cash offices,-1,XNA,6.0,high,Cash Street: high,365243.0,-1167.0,-1017.0,-1167.0,-1159.0,1.0
1952775,211777,Cash loans,28256.85,225000.0,255996.0,,225000.0,THURSDAY,13,Y,1,,,,XNA,Approved,-526,Cash through the bank,XAP,,Repeater,XNA,Cash,x-sell,Credit and cash offices,-1,XNA,12.0,high,Cash X-Sell: high,365243.0,-496.0,-166.0,-286.0,-278.0,1.0
2548611,186283,Cash loans,,0.0,0.0,,,SATURDAY,10,Y,1,,,,XNA,Canceled,-179,XNA,XAP,,Repeater,XNA,XNA,XNA,Credit and cash offices,-1,XNA,,XNA,Cash,,,,,,
1359470,336196,Consumer loans,5943.6,22446.0,20862.0,2250.0,22446.0,SATURDAY,10,Y,1,0.10602520532427072,,,XAP,Approved,-2552,XNA,XAP,Unaccompanied,New,Mobile,POS,XNA,Country-wide,19,Connectivity,4.0,low_normal,POS mobile with interest,365243.0,-2521.0,-2431.0,-2431.0,-2425.0,1.0
1406911,215125,Consumer loans,5109.12,28755.0,25456.5,4500.0,28755.0,MONDAY,11,Y,1,0.16360085760716675,,,XAP,Approved,-2341,Cash through the bank,XAP,,New,Mobile,POS,XNA,Country-wide,61,Connectivity,6.0,high,POS mobile with interest,365243.0,-2279.0,-2129.0,-2129.0,-2125.0,1.0
1968816,386194,Consumer loans,8790.93,44995.5,47668.5,0.0,44995.5,SUNDAY,11,Y,1,0.0,,,XAP,Approved,-561,Cash through the bank,XAP,Unaccompanied,New,Homewares,POS,XNA,Country-wide,10368,Construction,6.0,middle,POS industry with interest,365243.0,-530.0,-380.0,-380.0,-372.0,0.0
1517842,273856,Consumer loans,3834.945,37530.0,28449.0,11250.0,37530.0,FRIDAY,14,Y,1,0.3086292533129984,,,XAP,Approved,-2155,Cash through the bank,XAP,Family,New,Mobile,POS,XNA,Stone,26,Connectivity,10.0,high,POS mobile with interest,365243.0,-2114.0,-1844.0,-1844.0,-1838.0,0.0
2617123,226517,Consumer loans,25632.0,450000.0,450000.0,0.0,450000.0,SATURDAY,14,Y,1,0.0,,,XAP,Approved,-314,Cash through the bank,XAP,,Repeater,Clothing and Accessories,POS,XNA,Stone,5,Clothing,24.0,middle,POS industry with interest,365243.0,-281.0,409.0,365243.0,365243.0,0.0
1745553,334201,Consumer loans,8322.75,71460.0,70623.0,7200.0,71460.0,SATURDAY,13,Y,1,0.10076011648811464,,,XAP,Approved,-1867,Cash through the bank,XAP,Children,Refreshed,Mobile,POS,XNA,Country-wide,25,Connectivity,12.0,high,POS mobile with interest,365243.0,-1836.0,-1506.0,-1506.0,-1502.0,0.0
2238398,455617,Consumer loans,2228.22,19305.0,19093.5,1930.5,19305.0,FRIDAY,9,Y,1,0.1000042808219178,,,XAP,Approved,-2337,XNA,XAP,Unaccompanied,New,Mobile,POS,XNA,Country-wide,41,Connectivity,12.0,low_normal,POS mobile with interest,365243.0,-2306.0,-1976.0,-1976.0,-1971.0,1.0
1485516,420707,Consumer loans,8875.98,109310.715,76513.5,32797.215,109310.715,MONDAY,11,Y,1,0.32676713074285524,,,XAP,Approved,-1542,Cash through the bank,XAP,Family,Repeater,Audio/Video,POS,XNA,Stone,593,Consumer electronics,10.0,middle,POS household with interest,365243.0,-1511.0,-1241.0,-1301.0,-1298.0,0.0
2419550,139331,Consumer loans,,73935.0,73935.0,0.0,73935.0,SATURDAY,15,Y,1,0.0,,,XAP,Unused offer,-468,Cash through the bank,CLIENT,,New,Homewares,XNA,XNA,Country-wide,50,Connectivity,,XNA,POS mobile with interest,,,,,,
2154961,297011,Consumer loans,19582.515,191011.5,191011.5,0.0,191011.5,MONDAY,16,Y,1,0.0,,,XAP,Approved,-708,Cash through the bank,XAP,,New,Furniture,POS,XNA,Country-wide,50,Furniture,12.0,middle,POS industry with interest,365243.0,-677.0,-347.0,-557.0,-548.0,0.0
2470545,148658,Revolving loans,7875.0,0.0,157500.0,,,FRIDAY,9,N,1,,,,XAP,Refused,-419,XNA,HC,,Repeater,XNA,Cards,x-sell,AP+ (Cash loan),4,XNA,0.0,XNA,Card X-Sell,,,,,,
1605989,296234,Revolving loans,29250.0,0.0,585000.0,,,SATURDAY,9,Y,1,,,,XAP,Refused,-342,XNA,HC,,Repeater,XNA,Cards,x-sell,AP+ (Cash loan),4,XNA,0.0,XNA,Card X-Sell,,,,,,
2495810,131337,Consumer loans,4492.845,26955.0,24259.5,2695.5,26955.0,WEDNESDAY,15,Y,1,0.1089090909090909,,,XAP,Approved,-2518,Cash through the bank,XAP,,New,Audio/Video,POS,XNA,Regional / Local,141,Consumer electronics,6.0,middle,POS household without interest,365243.0,-2485.0,-2335.0,-2335.0,-2325.0,0.0
2306132,101211,Consumer loans,4172.94,29205.0,21204.0,9000.0,29205.0,SUNDAY,12,Y,1,0.3245205331021778,,,XAP,Approved,-2463,Cash through the bank,XAP,Family,Repeater,Mobile,POS,XNA,Stone,23,Connectivity,6.0,high,POS household with interest,365243.0,-2394.0,-2244.0,-2304.0,-2295.0,0.0
2075811,218166,Consumer loans,22758.39,121410.0,123660.0,0.0,121410.0,THURSDAY,12,Y,1,0.0,,,XAP,Approved,-76,Cash through the bank,XAP,Family,Refreshed,Furniture,POS,XNA,Country-wide,50,Furniture,6.0,middle,POS industry with interest,365243.0,-46.0,104.0,365243.0,365243.0,1.0
2416796,371096,Consumer loans,5308.965,49050.0,47785.5,4905.0,49050.0,MONDAY,13,Y,1,0.10138432751807076,,,XAP,Approved,-2335,Cash through the bank,XAP,,New,Construction Materials,POS,XNA,Stone,7,Construction,10.0,low_normal,POS industry with interest,365243.0,-2302.0,-2032.0,-2032.0,-2014.0,1.0
1641001,171690,Consumer loans,12328.785,123300.0,110970.0,12330.0,123300.0,SUNDAY,15,Y,1,0.1089090909090909,,,XAP,Approved,-1901,Cash through the bank,XAP,,Refreshed,Construction Materials,POS,XNA,Stone,7,Construction,10.0,low_normal,POS industry with interest,,,,,,
1931928,256843,Consumer loans,5314.635,57604.5,51840.0,5764.5,57604.5,THURSDAY,11,Y,1,0.10898566163154864,,,XAP,Approved,-1012,XNA,XAP,,New,Education,POS,XNA,Stone,100,Industry,12.0,middle,POS other with interest,365243.0,-977.0,-647.0,-827.0,-820.0,0.0
2718518,382236,Cash loans,,0.0,0.0,,,SATURDAY,9,Y,1,,,,XNA,Canceled,-333,XNA,XAP,,Refreshed,XNA,XNA,XNA,Credit and cash offices,-1,XNA,,XNA,Cash,,,,,,
1589210,431417,Revolving loans,16875.0,337500.0,337500.0,,337500.0,THURSDAY,9,Y,1,,,,XAP,Approved,-239,XNA,XAP,Unaccompanied,Repeater,XNA,Cards,x-sell,Credit and cash offices,-1,XNA,0.0,XNA,Card X-Sell,365243.0,365243.0,365243.0,365243.0,365243.0,0.0
2430688,132981,Consumer loans,19304.505,175495.5,175495.5,0.0,175495.5,SUNDAY,15,Y,1,0.0,,,XAP,Approved,-470,Cash through the bank,XAP,,Repeater,Consumer Electronics,POS,XNA,Country-wide,4000,Consumer electronics,10.0,low_normal,POS household with interest,365243.0,-439.0,-169.0,-169.0,-162.0,0.0
2805232,330936,Consumer loans,10215.855,105336.0,116460.0,0.0,105336.0,SUNDAY,11,Y,1,0.0,,,XAP,Approved,-373,Cash through the bank,XAP,,New,Computers,POS,XNA,Country-wide,4000,Consumer electronics,12.0,low_action,POS household without interest,365243.0,-342.0,-12.0,-12.0,-9.0,0.0
1146972,223260,Consumer loans,16915.86,205191.0,231597.0,0.0,205191.0,WEDNESDAY,11,Y,1,0.0,,,XAP,Approved,-482,Cash through the bank,XAP,Family,New,Audio/Video,POS,XNA,Country-wide,4000,Consumer electronics,18.0,middle,POS household with interest,365243.0,-451.0,59.0,365243.0,365243.0,0.0
1190775,394706,Consumer loans,8207.01,88191.0,88191.0,0.0,88191.0,SATURDAY,16,Y,1,0.0,,,XAP,Approved,-415,Cash through the bank,XAP,Family,Repeater,Audio/Video,POS,XNA,Regional / Local,100,Consumer electronics,12.0,low_action,POS household without interest,365243.0,-383.0,-53.0,-263.0,-260.0,0.0
2319125,218182,Revolving loans,22500.0,337500.0,900000.0,,337500.0,TUESDAY,12,N,0,,,,XAP,Refused,-667,XNA,HC,,Repeater,XNA,Cards,x-sell,Credit and cash offices,-1,XNA,0.0,XNA,Card X-Sell,,,,,,
2368002,353320,Cash loans,,0.0,0.0,,,WEDNESDAY,11,Y,1,,,,XNA,Canceled,-469,XNA,XAP,,Repeater,XNA,XNA,XNA,Credit and cash offices,-1,XNA,,XNA,Cash,,,,,,
1352047,221732,Cash loans,19181.25,697500.0,697500.0,,697500.0,FRIDAY,8,Y,1,,,,Repairs,Refused,-295,Cash through the bank,LIMIT,Unaccompanied,Repeater,XNA,Cash,walk-in,Credit and cash offices,-1,XNA,60.0,low_normal,Cash Street: low,,,,,,
1657961,267427,Consumer loans,20381.445,203836.5,183451.5,20385.0,203836.5,THURSDAY,15,Y,1,0.1089163039093498,,,XAP,Refused,-2434,Cash through the bank,HC,"Spouse, partner",Repeater,Audio/Video,POS,XNA,Country-wide,-1,Consumer electronics,10.0,low_normal,POS household without interest,,,,,,
1502811,156064,Consumer loans,,85455.0,85455.0,,85455.0,SUNDAY,13,Y,1,,,,XAP,Unused offer,-860,Cash through the bank,CLIENT,Family,Repeater,Computers,XNA,XNA,Regional / Local,200,Consumer electronics,,XNA,POS household with interest,,,,,,
2613584,148742,Consumer loans,16204.725,175941.0,157941.0,18000.0,175941.0,TUESDAY,11,Y,1,0.11142164909621044,,,XAP,Approved,-1504,Cash through the bank,XAP,Family,New,Computers,POS,XNA,Regional / Local,140,Consumer electronics,12.0,middle,POS household with interest,365243.0,-1473.0,-1143.0,-1143.0,-1128.0,0.0
2018048,446401,Consumer loans,17131.14,166500.0,156735.0,22500.0,166500.0,FRIDAY,14,Y,1,0.136717412640084,,,XAP,Approved,-1880,Cash through the bank,XAP,Unaccompanied,New,Vehicles,POS,XNA,Stone,26,Industry,12.0,high,POS industry with interest,365243.0,-1846.0,-1516.0,-1516.0,-1262.0,0.0
2821951,368423,Consumer loans,20430.81,106816.5,112455.0,0.0,106816.5,WEDNESDAY,12,Y,1,0.0,,,XAP,Approved,-471,Cash through the bank,XAP,,Repeater,Furniture,POS,XNA,Stone,200,Furniture,6.0,middle,POS industry with interest,365243.0,-440.0,-290.0,-290.0,-285.0,0.0
1643420,167799,Revolving loans,2250.0,45000.0,45000.0,,45000.0,TUESDAY,10,Y,1,,,,XAP,Approved,-331,XNA,XAP,Unaccompanied,Repeater,XNA,Cards,walk-in,Stone,200,Furniture,0.0,XNA,Card Street,-308.0,-260.0,365243.0,365243.0,365243.0,0.0
2824923,143729,Consumer loans,7774.11,65020.5,70744.5,0.0,65020.5,FRIDAY,12,Y,1,0.0,,,XAP,Approved,-616,Cash through the bank,XAP,,Repeater,Mobile,POS,XNA,Country-wide,30,Connectivity,10.0,low_normal,POS mobile without interest,365243.0,-582.0,-312.0,-492.0,-488.0,0.0
1108914,275638,Consumer loans,21795.525,236569.5,236569.5,0.0,236569.5,SATURDAY,12,Y,1,0.0,,,XAP,Approved,-226,Cash through the bank,XAP,Unaccompanied,Repeater,Construction Materials,POS,XNA,Regional / Local,30,Construction,12.0,low_action,POS industry without interest,365243.0,-196.0,134.0,365243.0,365243.0,0.0
1837346,455044,Consumer loans,12917.88,98941.5,107649.0,0.0,98941.5,FRIDAY,8,Y,1,0.0,,,XAP,Approved,-572,XNA,XAP,,Repeater,Computers,POS,XNA,Country-wide,1500,Consumer electronics,10.0,middle,POS household with interest,365243.0,-540.0,-270.0,-270.0,-262.0,0.0
2780470,382685,Consumer loans,11866.41,170541.0,199804.5,0.0,170541.0,SUNDAY,9,Y,1,0.0,,,XAP,Approved,-645,XNA,XAP,,Repeater,Computers,POS,XNA,Country-wide,1500,Consumer electronics,24.0,middle,POS household with interest,365243.0,-615.0,75.0,365243.0,365243.0,1.0
2543477,132150,Consumer loans,19517.265,178357.5,193662.0,0.0,178357.5,THURSDAY,9,Y,1,0.0,,,XAP,Approved,-561,XNA,XAP,,New,Audio/Video,POS,XNA,Country-wide,1500,Consumer electronics,12.0,middle,POS household with interest,365243.0,-529.0,-199.0,-199.0,-194.0,0.0
2324477,344934,Consumer loans,10056.915,67275.0,72823.5,0.0,67275.0,SUNDAY,10,Y,1,0.0,,,XAP,Approved,-2197,XNA,XAP,Unaccompanied,New,Furniture,POS,XNA,Stone,120,Furniture,10.0,high,POS industry with interest,365243.0,-2163.0,-1893.0,-1893.0,-1546.0,0.0
2485301,170414,Consumer loans,5750.64,29385.0,29385.0,0.0,29385.0,WEDNESDAY,12,Y,1,0.0,,,XAP,Refused,-2344,XNA,SCO,Other_A,Repeater,Furniture,POS,XNA,Stone,120,Furniture,6.0,high,POS industry with interest,,,,,,
1338383,114328,Consumer loans,13751.37,170311.5,136246.5,34065.0,170311.5,MONDAY,10,Y,1,0.2178354475075483,,,XAP,Refused,-305,Cash through the bank,HC,,Repeater,Furniture,POS,XNA,Stone,727,Furniture,12.0,middle,POS industry with interest,,,,,,
1060835,423778,Consumer loans,49106.475,269077.5,277956.0,0.0,269077.5,WEDNESDAY,8,Y,1,0.0,,,XAP,Approved,-798,Cash through the bank,XAP,Unaccompanied,New,Consumer Electronics,POS,XNA,Country-wide,1178,Consumer electronics,6.0,low_normal,POS household with interest,365243.0,-767.0,-617.0,-617.0,-610.0,0.0
2397349,234094,Cash loans,14269.86,67500.0,69727.5,,67500.0,FRIDAY,16,Y,1,,,,Medicine,Approved,-797,Cash through the bank,XAP,Unaccompanied,New,XNA,Cash,walk-in,Country-wide,20,Connectivity,6.0,high,Cash Street: high,365243.0,-767.0,-617.0,-617.0,-613.0,1.0
1669367,101479,Cash loans,17079.255,135000.0,143910.0,,135000.0,SATURDAY,11,Y,1,,,,XNA,Approved,-1089,Cash through the bank,XAP,Family,New,XNA,Cash,walk-in,Country-wide,44,Connectivity,12.0,high,Cash Street: high,365243.0,-1059.0,-729.0,-789.0,-787.0,1.0
2676092,307044,Consumer loans,17408.655,156825.0,141075.0,15750.0,156825.0,WEDNESDAY,9,Y,1,0.10937785313682012,,,XAP,Approved,-1528,Cash through the bank,XAP,Unaccompanied,Repeater,Consumer Electronics,POS,XNA,Stone,33,Consumer electronics,10.0,middle,POS household with interest,365243.0,-1492.0,-1222.0,-1222.0,-1216.0,0.0
2195939,340546,Revolving loans,9000.0,0.0,67500.0,,,SUNDAY,13,N,1,,,,XAP,Refused,-2725,XNA,HC,,Repeater,XNA,Cards,x-sell,Country-wide,71,Connectivity,0.0,XNA,Card Street,,,,,,
1575932,162410,Consumer loans,4431.915,32080.5,32080.5,0.0,32080.5,WEDNESDAY,21,Y,1,0.0,,,XAP,Approved,-14,Cash through the bank,XAP,,Repeater,Mobile,POS,XNA,Country-wide,51,Connectivity,10.0,high,POS mobile with interest,365243.0,365243.0,293.0,365243.0,365243.0,0.0
1705996,352051,Consumer loans,,141660.0,141660.0,0.0,141660.0,WEDNESDAY,17,Y,1,0.0,,,XAP,Unused offer,-922,Cash through the bank,CLIENT,,Refreshed,Mobile,XNA,XNA,Country-wide,51,Connectivity,,XNA,POS mobile with interest,,,,,,
1017424,250662,Consumer loans,6408.54,79372.215,63495.0,15877.215,79372.215,SUNDAY,16,Y,1,0.21785621729445007,0.1891363481808909,0.8350951374207188,XAP,Approved,-135,Cash through the bank,XAP,,Repeater,Photo / Cinema Equipment,POS,XNA,Country-wide,51,Connectivity,12.0,middle,POS mobile with interest,365243.0,-100.0,230.0,-40.0,-37.0,0.0
2600043,205731,Consumer loans,3957.48,32409.0,24952.5,9000.0,32409.0,WEDNESDAY,13,Y,1,0.2886920898849327,,,XAP,Approved,-2723,Cash through the bank,XAP,Unaccompanied,New,Mobile,POS,XNA,Country-wide,38,Connectivity,8.0,low_normal,POS mobile with interest,365243.0,-2692.0,-2482.0,-2482.0,-2474.0,1.0
1986388,386554,Consumer loans,6846.75,35550.0,33579.0,3555.0,35550.0,SATURDAY,15,Y,1,0.10426342925131099,,,XAP,Approved,-2186,Cash through the bank,XAP,,New,Mobile,POS,XNA,Country-wide,74,Connectivity,6.0,high,POS mobile with interest,365243.0,-2143.0,-1993.0,-2023.0,-2010.0,0.0
1229667,424646,Consumer loans,3332.025,21492.0,20619.0,2151.0,21492.0,THURSDAY,9,Y,1,0.10288250089831112,,,XAP,Approved,-2222,XNA,XAP,Unaccompanied,Repeater,Consumer Electronics,POS,XNA,Stone,117,Consumer electronics,8.0,high,POS household with interest,365243.0,-2180.0,-1970.0,-1970.0,-1967.0,0.0
1050950,163531,Consumer loans,8795.07,175005.0,157504.5,17500.5,175005.0,MONDAY,11,Y,1,0.1089090909090909,,,XAP,Approved,-60,Cash through the bank,XAP,,Repeater,Medical Supplies,POS,XNA,Stone,30,XNA,24.0,low_normal,POS industry with interest,365243.0,-29.0,661.0,365243.0,365243.0,0.0
2639701,206592,Consumer loans,7203.78,136813.5,136813.5,0.0,136813.5,SUNDAY,12,Y,1,0.0,,,XAP,Approved,-1227,Cash through the bank,XAP,Family,Repeater,Computers,POS,XNA,Regional / Local,139,Consumer electronics,24.0,low_normal,POS household with interest,365243.0,-1196.0,-506.0,-506.0,-492.0,0.0
2408426,389691,Consumer loans,83041.2,900000.0,810000.0,90000.0,900000.0,WEDNESDAY,16,Y,1,0.1089090909090909,,,XAP,Approved,-329,XNA,XAP,,Repeater,Construction Materials,POS,XNA,Stone,20,Construction,12.0,middle,POS industry with interest,365243.0,-298.0,32.0,-118.0,-115.0,0.0
2113948,169809,Consumer loans,6109.74,27450.0,29079.0,0.0,27450.0,THURSDAY,11,Y,1,0.0,,,XAP,Approved,-357,Cash through the bank,XAP,Unaccompanied,Repeater,Audio/Video,POS,XNA,Stone,100,Consumer electronics,6.0,high,POS household with interest,365243.0,-327.0,-177.0,-177.0,-172.0,1.0
1703480,240173,Cash loans,,0.0,0.0,,,WEDNESDAY,11,Y,1,,,,XNA,Canceled,-200,XNA,XAP,,Repeater,XNA,XNA,XNA,AP+ (Cash loan),4,XNA,,XNA,Cash,,,,,,
1117709,104260,Consumer loans,,65646.0,65646.0,0.0,65646.0,SATURDAY,12,Y,1,0.0,,,XAP,Unused offer,-363,Cash through the bank,CLIENT,,Repeater,Mobile,XNA,XNA,Country-wide,70,Connectivity,,XNA,POS mobile with interest,,,,,,
2474861,185713,Cash loans,21278.655,585000.0,677664.0,,585000.0,WEDNESDAY,10,Y,1,,,,XNA,Approved,-166,Cash through the bank,XAP,"Spouse, partner",Repeater,XNA,Cash,x-sell,Credit and cash offices,-1,XNA,48.0,low_normal,Cash X-Sell: low,,,,,,
1733592,358108,Cash loans,,0.0,0.0,,,THURSDAY,10,Y,1,,,,XNA,Canceled,-342,XNA,XAP,,Repeater,XNA,XNA,XNA,Credit and cash offices,-1,XNA,,XNA,Cash,,,,,,
2294514,153259,Cash loans,26574.255,225000.0,289732.5,,225000.0,FRIDAY,13,Y,1,,,,Payments on other loans,Refused,-327,Cash through the bank,HC,Unaccompanied,Repeater,XNA,Cash,walk-in,Credit and cash offices,-1,XNA,18.0,high,Cash Street: high,,,,,,
2168362,244701,Cash loans,,0.0,0.0,,,TUESDAY,13,Y,1,,,,XNA,Canceled,-374,XNA,XAP,,Repeater,XNA,XNA,XNA,Credit and cash offices,-1,XNA,,XNA,Cash,,,,,,
1327462,124423,Cash loans,23562.675,684000.0,801373.5,,684000.0,TUESDAY,11,Y,1,,,,XNA,Approved,-442,Cash through the bank,XAP,Unaccompanied,Refreshed,XNA,Cash,x-sell,Credit and cash offices,-1,XNA,60.0,low_normal,Cash X-Sell: low,365243.0,-412.0,1358.0,-52.0,-45.0,1.0
1633545,220091,Cash loans,,0.0,0.0,,,SATURDAY,12,Y,1,,,,XNA,Canceled,-325,XNA,XAP,,Repeater,XNA,XNA,XNA,Credit and cash offices,-1,XNA,,XNA,Cash,,,,,,
1785748,172325,Cash loans,,0.0,0.0,,,THURSDAY,10,Y,1,,,,XNA,Canceled,-309,XNA,XAP,,Repeater,XNA,XNA,XNA,Credit and cash offices,-1,XNA,,XNA,Cash,,,,,,
2206146,293382,Cash loans,59698.17,643500.0,753925.5,,643500.0,TUESDAY,8,Y,1,,,,XNA,Approved,-55,Cash through the bank,XAP,Unaccompanied,Repeater,XNA,Cash,x-sell,Credit and cash offices,-1,XNA,24.0,high,Cash X-Sell: high,,,,,,
2311782,205913,Cash loans,18048.015,468000.0,542133.0,,468000.0,TUESDAY,11,Y,1,,,,XNA,Refused,-176,Cash through the bank,HC,Unaccompanied,Repeater,XNA,Cash,x-sell,Credit and cash offices,-1,XNA,48.0,low_normal,Cash X-Sell: low,,,,,,
1928066,385147,Revolving loans,9000.0,0.0,180000.0,,,MONDAY,11,Y,1,,,,XAP,Approved,-778,XNA,XAP,,Repeater,XNA,Cards,x-sell,Credit and cash offices,-1,XNA,0.0,XNA,Card X-Sell,365243.0,365243.0,365243.0,365243.0,365243.0,0.0
2561118,188628,Cash loans,8086.32,67500.0,80928.0,,67500.0,THURSDAY,10,Y,1,,,,XNA,Approved,-964,Cash through the bank,XAP,Unaccompanied,Repeater,XNA,Cash,x-sell,Credit and cash offices,-1,XNA,12.0,middle,Cash X-Sell: middle,365243.0,-934.0,-604.0,-634.0,-625.0,1.0
1167993,310354,Cash loans,,0.0,0.0,,,TUESDAY,14,Y,1,,,,XNA,Canceled,-202,XNA,XAP,,Repeater,XNA,XNA,XNA,Credit and cash offices,-1,XNA,,XNA,Cash,,,,,,
1060323,377125,Cash loans,22059.0,225000.0,283131.0,,225000.0,SATURDAY,9,Y,1,,,,XNA,Approved,-1071,Cash through the bank,XAP,Unaccompanied,Repeater,XNA,Cash,x-sell,Credit and cash offices,-1,XNA,18.0,middle,Cash X-Sell: middle,365243.0,-1041.0,-531.0,-711.0,-706.0,1.0
1090234,398975,Cash loans,,0.0,0.0,,,FRIDAY,11,Y,1,,,,XNA,Canceled,-453,XNA,XAP,,Repeater,XNA,XNA,XNA,Credit and cash offices,-1,XNA,,XNA,Cash,,,,,,
1250709,438887,Cash loans,11110.365,135000.0,170640.0,,135000.0,SATURDAY,8,Y,1,,,,Other,Refused,-194,Cash through the bank,HC,Unaccompanied,Repeater,XNA,Cash,walk-in,Credit and cash offices,-1,XNA,24.0,middle,Cash Street: middle,,,,,,
1601305,328893,Cash loans,,0.0,0.0,,,FRIDAY,10,Y,1,,,,XNA,Canceled,-182,XNA,XAP,,Refreshed,XNA,XNA,XNA,Credit and cash offices,-1,XNA,,XNA,Cash,,,,,,
1187050,324217,Cash loans,47041.335,450000.0,470790.0,,450000.0,MONDAY,11,Y,1,,,,XNA,Approved,-831,Cash through the bank,XAP,Family,Repeater,XNA,Cash,x-sell,Credit and cash offices,-1,XNA,12.0,middle,Cash X-Sell: middle,365243.0,-801.0,-471.0,-621.0,-614.0,1.0
1601033,139555,Cash loans,18235.08,225000.0,269550.0,,225000.0,WEDNESDAY,8,Y,1,,,,Other,Refused,-799,Cash through the bank,HC,,Repeater,XNA,Cash,walk-in,Credit and cash offices,-1,XNA,36.0,high,Cash Street: high,,,,,,
1574556,394431,Consumer loans,3680.595,33493.5,33493.5,0.0,33493.5,FRIDAY,12,Y,1,0.0,,,XAP,Approved,-676,Cash through the bank,XAP,,New,Mobile,POS,XNA,Country-wide,25,Connectivity,10.0,low_normal,POS mobile without interest,365243.0,-638.0,-368.0,-368.0,-366.0,0.0
2537512,403549,Consumer loans,3066.885,44955.0,31455.0,13500.0,44955.0,SATURDAY,18,Y,1,0.32705432705432697,,,XAP,Approved,-1347,Cash through the bank,XAP,,New,Computers,POS,XNA,Country-wide,25,Connectivity,12.0,middle,POS mobile with interest,365243.0,-1310.0,-980.0,-980.0,-975.0,0.0
2561133,356292,Cash loans,11386.17,90000.0,95940.0,,90000.0,TUESDAY,11,Y,1,,,,Purchase of electronic equipment,Approved,-498,Cash through the bank,XAP,,New,XNA,Cash,walk-in,Country-wide,-1,Connectivity,12.0,high,Cash Street: high,365243.0,-468.0,-138.0,-138.0,-136.0,1.0
2611473,384267,Revolving loans,,0.0,0.0,,,SATURDAY,12,Y,1,,,,XAP,Canceled,-208,XNA,XAP,,Repeater,XNA,XNA,XNA,Credit and cash offices,-1,XNA,,XNA,Card Street,,,,,,
2676858,320504,Cash loans,,0.0,0.0,,,THURSDAY,13,Y,1,,,,XNA,Canceled,-268,XNA,XAP,,Repeater,XNA,XNA,XNA,Credit and cash offices,-1,XNA,,XNA,Cash,,,,,,
2751184,202149,Cash loans,,0.0,0.0,,,MONDAY,13,Y,1,,,,XNA,Canceled,-210,XNA,XAP,,Repeater,XNA,XNA,XNA,Credit and cash offices,-1,XNA,,XNA,Cash,,,,,,
2291314,202149,Cash loans,22254.75,225000.0,225000.0,,225000.0,MONDAY,13,Y,1,,,,XNA,Approved,-210,Cash through the bank,XAP,Unaccompanied,Repeater,XNA,Cash,x-sell,Credit and cash offices,-1,XNA,12.0,middle,Cash X-Sell: middle,365243.0,-180.0,150.0,-90.0,-85.0,0.0
1936140,255377,Revolving loans,27000.0,540000.0,540000.0,,540000.0,SATURDAY,10,Y,1,,,,XAP,Refused,-471,XNA,HC,Family,Refreshed,XNA,Cards,x-sell,Credit and cash offices,-1,XNA,0.0,XNA,Card X-Sell,,,,,,
2060046,246514,Revolving loans,13500.0,270000.0,270000.0,,270000.0,TUESDAY,17,Y,1,,,,XAP,Approved,-204,XNA,XAP,Unaccompanied,Repeater,XNA,Cards,x-sell,Credit and cash offices,-1,XNA,0.0,XNA,Card X-Sell,365243.0,365243.0,365243.0,365243.0,365243.0,0.0
1965558,394083,Cash loans,,0.0,0.0,,,MONDAY,10,Y,1,,,,XNA,Canceled,-266,XNA,XAP,,Repeater,XNA,XNA,XNA,Credit and cash offices,-1,XNA,,XNA,Cash,,,,,,
1287121,203538,Consumer loans,8173.665,87826.5,87826.5,0.0,87826.5,TUESDAY,14,Y,1,0.0,,,XAP,Approved,-288,Cash through the bank,XAP,Family,Repeater,Consumer Electronics,POS,XNA,Regional / Local,30,Consumer electronics,12.0,low_action,POS household without interest,365243.0,-258.0,72.0,365243.0,365243.0,0.0
2285603,250370,Revolving loans,38250.0,765000.0,765000.0,,765000.0,MONDAY,14,N,1,,,,XAP,Refused,-448,XNA,HC,,Repeater,XNA,Cards,x-sell,AP+ (Cash loan),5,XNA,0.0,XNA,Card X-Sell,,,,,,
1356350,178273,Consumer loans,11483.1,126000.0,126000.0,0.0,126000.0,WEDNESDAY,12,Y,1,0.0,,,XAP,Approved,-399,Cash through the bank,XAP,,New,Consumer Electronics,POS,XNA,Regional / Local,100,Consumer electronics,12.0,low_action,POS household without interest,365243.0,-368.0,-38.0,-38.0,-31.0,0.0
2653008,426436,Consumer loans,22497.75,225000.0,202500.0,22500.0,225000.0,TUESDAY,12,Y,1,0.1089090909090909,,,XAP,Approved,-2639,Cash through the bank,XAP,Family,Repeater,Construction Materials,POS,XNA,Stone,124,Consumer electronics,10.0,low_normal,POS household with interest,365243.0,-2607.0,-2337.0,-2427.0,-2424.0,0.0
1695734,128250,Cash loans,,0.0,0.0,,,FRIDAY,16,Y,1,,,,XNA,Canceled,-332,XNA,XAP,,Repeater,XNA,XNA,XNA,Credit and cash offices,-1,XNA,,XNA,Cash,,,,,,
1642990,240111,Cash loans,10760.22,90000.0,115893.0,,90000.0,SATURDAY,14,Y,1,,,,XNA,Approved,-1605,Cash through the bank,XAP,Children,Repeater,XNA,Cash,walk-in,Credit and cash offices,-1,XNA,18.0,high,Cash Street: high,365243.0,-1575.0,-1065.0,-1065.0,-1058.0,1.0
1208295,431417,Cash loans,9765.99,90000.0,121968.0,,90000.0,FRIDAY,12,Y,1,,,,XNA,Approved,-742,Cash through the bank,XAP,Unaccompanied,Repeater,XNA,Cash,walk-in,Credit and cash offices,-1,XNA,24.0,high,Cash Street: high,365243.0,-712.0,-22.0,-232.0,-229.0,1.0
2220004,351258,Consumer loans,4919.445,28755.0,24511.5,5400.0,28755.0,TUESDAY,10,Y,1,0.19661638196315487,,,XAP,Approved,-2831,Cash through the bank,XAP,Unaccompanied,New,Mobile,POS,XNA,Country-wide,25,Connectivity,6.0,low_normal,POS mobile with interest,365243.0,-2800.0,-2650.0,-2710.0,-2707.0,1.0
1354525,360598,Consumer loans,3372.48,29205.0,25281.0,5850.0,29205.0,TUESDAY,11,Y,1,0.2046571526189913,,,XAP,Approved,-2494,Cash through the bank,XAP,Family,Repeater,Mobile,POS,XNA,Country-wide,25,Connectivity,10.0,low_normal,POS mobile with interest,365243.0,-2463.0,-2193.0,-2193.0,-2188.0,1.0
1901975,404221,Consumer loans,8252.01,70200.0,70200.0,0.0,70200.0,WEDNESDAY,14,Y,1,0.0,,,XAP,Approved,-140,Cash through the bank,XAP,,Repeater,Auto Accessories,POS,XNA,Stone,25,Auto technology,10.0,middle,POS other with interest,365243.0,-102.0,168.0,365243.0,365243.0,0.0
2628240,354827,Consumer loans,14342.04,89460.0,71460.0,18000.0,89460.0,SATURDAY,15,Y,1,0.21913297969635992,,,XAP,Approved,-2914,Cash through the bank,XAP,Unaccompanied,New,Furniture,POS,XNA,Stone,50,Furniture,6.0,low_normal,POS industry with interest,365243.0,-2882.0,-2732.0,-2732.0,-2724.0,0.0
1265460,372385,Consumer loans,8145.63,65565.0,71334.0,0.0,65565.0,SUNDAY,10,Y,1,0.0,,,XAP,Approved,-168,Non-cash from your account,XAP,Children,New,Consumer Electronics,POS,XNA,Stone,25,Consumer electronics,10.0,low_normal,POS household with interest,365243.0,-135.0,135.0,365243.0,365243.0,0.0
1202704,303335,Consumer loans,18477.135,166956.75,166954.5,2.25,166956.75,WEDNESDAY,16,Y,1,1.4677181638086176e-05,,,XAP,Refused,-348,Cash through the bank,HC,Family,Repeater,Computers,POS,XNA,Country-wide,300,Consumer electronics,10.0,low_normal,POS household without interest,,,,,,
1227185,145410,Consumer loans,7357.68,41399.73,41386.5,4144.23,41399.73,SATURDAY,14,Y,1,0.09912960363652894,,,XAP,Approved,-754,Cash through the bank,XAP,,New,Photo / Cinema Equipment,POS,XNA,Country-wide,300,Consumer electronics,6.0,low_normal,POS household with interest,365243.0,-723.0,-573.0,-633.0,-613.0,0.0
2459456,250771,Consumer loans,6684.84,69750.0,55800.0,13950.0,69750.0,SUNDAY,12,Y,1,0.2178181818181818,,,XAP,Approved,-1831,Cash through the bank,XAP,Children,New,Furniture,POS,XNA,Stone,269,Furniture,10.0,middle,POS industry with interest,365243.0,-1798.0,-1528.0,-1528.0,-1523.0,0.0
1533675,397975,Revolving loans,11250.0,225000.0,225000.0,,225000.0,WEDNESDAY,15,Y,1,,,,XAP,Refused,-632,XNA,LIMIT,,Repeater,XNA,Cards,walk-in,AP+ (Cash loan),15,XNA,0.0,XNA,Card Street,,,,,,
2771388,129989,Cash loans,31408.65,292500.0,292500.0,0.0,292500.0,SATURDAY,9,Y,1,0.0,,,XNA,Refused,-2491,XNA,SCO,,Repeater,XNA,Cash,x-sell,Country-wide,-1,Consumer electronics,12.0,middle,Cash Street: middle,,,,,,
1544000,179431,Cash loans,9814.5,135000.0,135000.0,0.0,135000.0,MONDAY,13,Y,1,0.0,,,XNA,Approved,-2800,XNA,XAP,,Repeater,XNA,Cash,x-sell,Country-wide,-1,Consumer electronics,20.0,middle,Cash Street: middle,365243.0,-2770.0,-2200.0,-2200.0,-2192.0,0.0
2220001,393635,Consumer loans,9058.185,70825.5,77058.0,0.0,70825.5,FRIDAY,12,Y,1,0.0,,,XAP,Approved,-792,Cash through the bank,XAP,Family,Repeater,Audio/Video,POS,XNA,Country-wide,939,Consumer electronics,10.0,middle,POS household with interest,365243.0,-761.0,-491.0,-641.0,-636.0,0.0
2783429,216827,Consumer loans,7726.455,111649.5,129334.5,0.0,111649.5,TUESDAY,13,Y,1,0.0,,,XAP,Approved,-727,Cash through the bank,XAP,,New,Audio/Video,POS,XNA,Country-wide,939,Consumer electronics,18.0,low_action,POS household without interest,365243.0,-696.0,-186.0,-246.0,-239.0,0.0
1049973,312519,Consumer loans,8443.035,42957.0,45225.0,0.0,42957.0,TUESDAY,20,Y,1,0.0,,,XAP,Approved,-448,Cash through the bank,XAP,,Refreshed,Consumer Electronics,POS,XNA,Country-wide,939,Consumer electronics,6.0,middle,POS household with interest,365243.0,-417.0,-267.0,-267.0,-261.0,0.0
1713004,225312,Consumer loans,6336.315,114858.0,137601.0,0.0,114858.0,WEDNESDAY,13,Y,1,0.0,,,XAP,Refused,-1537,Cash through the bank,HC,Family,Repeater,Computers,POS,XNA,Country-wide,939,Consumer electronics,24.0,low_action,POS household without interest,,,,,,
2555936,311419,Cash loans,11061.0,90000.0,90000.0,0.0,90000.0,THURSDAY,12,Y,1,0.0,,,XNA,Refused,-2751,XNA,SCO,,Repeater,XNA,Cash,x-sell,Country-wide,15,Consumer electronics,10.0,middle,Cash Street: middle,,,,,,
2050989,330895,Consumer loans,4166.28,27130.5,25083.0,3600.0,27130.5,TUESDAY,10,Y,1,0.13669167356020195,,,XAP,Approved,-1452,Cash through the bank,XAP,,New,Mobile,POS,XNA,Country-wide,37,Connectivity,8.0,high,POS mobile with interest,365243.0,-1418.0,-1208.0,-1208.0,-1195.0,0.0
1795633,375212,Cash loans,,0.0,0.0,,,SATURDAY,19,Y,1,,,,XNA,Refused,-173,XNA,HC,,Repeater,XNA,XNA,XNA,Country-wide,20,Connectivity,,XNA,Cash,,,,,,
1887633,170019,Consumer loans,11202.255,121410.0,109269.0,12141.0,121410.0,THURSDAY,19,Y,1,0.1089090909090909,,,XAP,Approved,-372,Cash through the bank,XAP,,Repeater,Computers,POS,XNA,Country-wide,100,Consumer electronics,12.0,middle,POS mobile with interest,365243.0,-341.0,-11.0,-281.0,-278.0,0.0
1889112,289922,Revolving loans,12375.0,247500.0,247500.0,,247500.0,SATURDAY,8,N,1,,,,XAP,Refused,-119,XNA,HC,Unaccompanied,Repeater,XNA,Cards,x-sell,AP+ (Cash loan),4,XNA,0.0,XNA,Card X-Sell,,,,,,
1451752,289922,Cash loans,8848.44,166500.0,166500.0,,166500.0,MONDAY,13,Y,1,,,,XNA,Refused,-117,Non-cash from your account,HC,Unaccompanied,Repeater,XNA,Cash,x-sell,AP+ (Cash loan),4,XNA,36.0,middle,Cash X-Sell: middle,,,,,,
1437610,339662,Consumer loans,16647.84,157455.0,99927.0,62982.0,157455.0,WEDNESDAY,16,Y,1,0.4210517751404995,,,XAP,Approved,-2172,Cash through the bank,XAP,Unaccompanied,Refreshed,Computers,POS,XNA,Country-wide,538,Consumer electronics,7.0,middle,POS household with interest,365243.0,-2137.0,-1957.0,-1957.0,-1951.0,0.0
1162266,208316,Consumer loans,12516.21,78075.0,67986.0,13500.0,78075.0,WEDNESDAY,19,Y,1,0.18043255617808293,,,XAP,Approved,-766,Cash through the bank,XAP,Unaccompanied,Repeater,Furniture,POS,XNA,Stone,30,Furniture,6.0,middle,POS industry with interest,365243.0,-735.0,-585.0,-615.0,-607.0,0.0
1389211,253491,Consumer loans,5843.88,30348.0,28660.5,3037.5,30348.0,SUNDAY,16,Y,1,0.10436348149295334,,,XAP,Approved,-1587,XNA,XAP,,New,Mobile,POS,XNA,Country-wide,30,Connectivity,6.0,high,POS mobile with interest,365243.0,-1553.0,-1403.0,-1403.0,-1397.0,0.0
2665763,338160,Consumer loans,9994.5,48510.0,51070.5,0.0,48510.0,MONDAY,12,Y,1,0.0,,,XAP,Approved,-1004,Cash through the bank,XAP,Unaccompanied,Repeater,Furniture,POS,XNA,Stone,20,Furniture,6.0,high,POS industry with interest,365243.0,-973.0,-823.0,-883.0,-872.0,0.0
1547989,230261,Consumer loans,7361.505,41625.0,39442.5,4162.5,41625.0,SATURDAY,11,Y,1,0.10396378647152643,,,XAP,Approved,-496,Cash through the bank,XAP,,Repeater,Construction Materials,POS,XNA,Stone,30,Construction,6.0,middle,POS industry with interest,365243.0,-465.0,-315.0,-315.0,-313.0,0.0
2416431,167932,Cash loans,50026.005,900000.0,978408.0,,900000.0,SATURDAY,11,Y,1,,,,XNA,Approved,-835,Cash through the bank,XAP,Unaccompanied,Repeater,XNA,Cash,x-sell,Credit and cash offices,-1,XNA,36.0,middle,Cash X-Sell: middle,365243.0,-805.0,245.0,365243.0,365243.0,1.0
1091746,379383,Cash loans,26770.5,675000.0,675000.0,,675000.0,FRIDAY,9,Y,1,,,,XNA,Refused,-355,Cash through the bank,HC,,Repeater,XNA,Cash,x-sell,AP+ (Cash loan),5,XNA,36.0,low_normal,Cash X-Sell: low,,,,,,
1463094,201369,Cash loans,36618.75,675000.0,675000.0,,675000.0,WEDNESDAY,17,Y,1,,,,XNA,Approved,-1089,Cash through the bank,XAP,Family,New,XNA,Cash,walk-in,AP+ (Cash loan),6,XNA,36.0,middle,Cash Street: middle,365243.0,-1059.0,-9.0,-399.0,-392.0,0.0
1345328,157623,Cash loans,,0.0,0.0,,,WEDNESDAY,8,Y,1,,,,XNA,Refused,-399,XNA,HC,,Repeater,XNA,XNA,XNA,Credit and cash offices,-1,XNA,,XNA,Cash,,,,,,
1162277,215567,Cash loans,55956.06,1192500.0,1331019.0,,1192500.0,WEDNESDAY,9,Y,1,,,,XNA,Approved,-561,XNA,XAP,,Repeater,XNA,Cash,x-sell,Credit and cash offices,-1,XNA,48.0,middle,Cash X-Sell: middle,365243.0,-531.0,879.0,-261.0,-256.0,1.0
1913398,192991,Cash loans,,0.0,0.0,,,WEDNESDAY,4,Y,1,,,,XNA,Canceled,-82,XNA,XAP,,Repeater,XNA,XNA,XNA,Credit and cash offices,-1,XNA,,XNA,Cash,,,,,,
2643515,125843,Cash loans,9830.97,90000.0,95940.0,,90000.0,MONDAY,6,Y,1,,,,XNA,Approved,-533,Cash through the bank,XAP,,Repeater,XNA,Cash,x-sell,Credit and cash offices,-1,XNA,12.0,middle,Cash X-Sell: middle,365243.0,-503.0,-173.0,-173.0,-170.0,1.0
2117416,141297,Cash loans,25736.175,630000.0,716485.5,,630000.0,SATURDAY,5,Y,1,,,,XNA,Approved,-1284,XNA,XAP,Unaccompanied,Repeater,XNA,Cash,x-sell,Credit and cash offices,-1,XNA,48.0,low_normal,Cash X-Sell: low,365243.0,-1254.0,156.0,-894.0,-891.0,1.0
1109970,191971,Cash loans,11110.365,135000.0,170640.0,,135000.0,TUESDAY,12,Y,1,,,,Other,Approved,-342,Cash through the bank,XAP,,Repeater,XNA,Cash,walk-in,Credit and cash offices,-1,XNA,24.0,middle,Cash Street: middle,365243.0,-311.0,379.0,365243.0,365243.0,0.0
1968148,261449,Revolving loans,45000.0,900000.0,900000.0,,900000.0,MONDAY,12,Y,1,,,,XAP,Refused,-518,XNA,HC,,Repeater,XNA,Cards,x-sell,Credit and cash offices,-1,XNA,0.0,XNA,Card X-Sell,,,,,,
1708983,248497,Cash loans,,0.0,0.0,,,THURSDAY,7,Y,1,,,,XNA,Canceled,-23,XNA,XAP,,Repeater,XNA,XNA,XNA,Credit and cash offices,-1,XNA,,XNA,Cash,,,,,,
2279383,420323,Cash loans,9636.705,90000.0,121968.0,,90000.0,THURSDAY,8,Y,1,,,,Urgent needs,Refused,-647,XNA,HC,,Repeater,XNA,Cash,walk-in,Credit and cash offices,-1,XNA,24.0,high,Cash Street: high,,,,,,
1185413,302697,Cash loans,21082.95,157500.0,191020.5,,157500.0,MONDAY,10,Y,1,,,,XNA,Approved,-1124,XNA,XAP,Unaccompanied,Repeater,XNA,Cash,x-sell,Credit and cash offices,-1,XNA,12.0,high,Cash X-Sell: high,365243.0,-1094.0,-764.0,-1004.0,-999.0,1.0
2680486,347757,Cash loans,,0.0,0.0,,,WEDNESDAY,11,Y,1,,,,XNA,Canceled,-409,XNA,XAP,,Repeater,XNA,XNA,XNA,Credit and cash offices,-1,XNA,,XNA,Cash,,,,,,
2198051,415042,Cash loans,,0.0,0.0,,,THURSDAY,8,Y,1,,,,XNA,Canceled,-21,XNA,XAP,,Repeater,XNA,XNA,XNA,Credit and cash offices,-1,XNA,,XNA,Cash,,,,,,
2592021,340702,Cash loans,,0.0,0.0,,,WEDNESDAY,5,Y,1,,,,XNA,Canceled,-322,XNA,XAP,,Repeater,XNA,XNA,XNA,Credit and cash offices,-1,XNA,,XNA,Cash,,,,,,
1454756,391141,Cash loans,,0.0,0.0,,,FRIDAY,10,Y,1,,,,XNA,Canceled,-336,XNA,XAP,,Repeater,XNA,XNA,XNA,Credit and cash offices,-1,XNA,,XNA,Cash,,,,,,
2680241,124945,Cash loans,49140.72,1665000.0,1862802.0,,1665000.0,THURSDAY,4,Y,1,,,,XNA,Refused,-166,Cash through the bank,HC,Unaccompanied,Repeater,XNA,Cash,x-sell,Credit and cash offices,-1,XNA,60.0,low_action,Cash X-Sell: low,,,,,,
1656467,133415,Consumer loans,3881.25,85698.0,85698.0,0.0,85698.0,WEDNESDAY,16,Y,1,0.0,,,XAP,Refused,-396,Cash through the bank,HC,,Repeater,Computers,POS,XNA,Country-wide,1000,Consumer electronics,24.0,low_action,POS household without interest,,,,,,
2531672,368726,Cash loans,51949.44,1125000.0,1223010.0,,1125000.0,WEDNESDAY,10,Y,1,,,,XNA,Refused,-16,Cash through the bank,HC,Unaccompanied,Repeater,XNA,Cash,x-sell,AP+ (Cash loan),100,XNA,36.0,low_normal,Cash X-Sell: low,,,,,,
1535540,383687,Consumer loans,18691.2,169920.0,169920.0,0.0,169920.0,FRIDAY,19,Y,1,0.0,,,XAP,Approved,-232,XNA,XAP,,New,Furniture,POS,XNA,Stone,120,Furniture,10.0,low_normal,POS industry with interest,365243.0,-199.0,71.0,365243.0,365243.0,0.0
2388655,414811,Consumer loans,14152.545,153387.0,138046.5,15340.5,153387.0,THURSDAY,9,Y,1,0.10892187141615058,0.6956675733877368,0.5687103594080338,XAP,Approved,-690,Cash through the bank,XAP,Family,New,Construction Materials,POS,XNA,Stone,30,Construction,12.0,middle,POS industry with interest,365243.0,-659.0,-329.0,-329.0,-323.0,0.0
2296335,287152,Consumer loans,20109.87,90540.0,74983.5,18108.0,90540.0,MONDAY,15,Y,1,0.21184810838603074,,,XAP,Refused,-588,Cash through the bank,LIMIT,Family,Repeater,Audio/Video,POS,XNA,Country-wide,20,Connectivity,4.0,middle,POS mobile without interest,,,,,,
2462590,209785,Consumer loans,8999.1,81810.0,81810.0,0.0,81810.0,TUESDAY,12,Y,1,0.0,,,XAP,Approved,-266,Cash through the bank,XAP,Family,New,Clothing and Accessories,POS,XNA,Stone,12,Clothing,10.0,low_normal,POS industry with interest,365243.0,-232.0,38.0,365243.0,365243.0,0.0
1583690,375611,Cash loans,,0.0,0.0,,,WEDNESDAY,12,Y,1,,,,XNA,Canceled,-222,XNA,XAP,,Repeater,XNA,XNA,XNA,AP+ (Cash loan),20,XNA,,XNA,Cash,,,,,,
1875040,329668,Revolving loans,2250.0,45000.0,45000.0,,45000.0,FRIDAY,13,Y,1,,,,XAP,Approved,-189,XNA,XAP,Unaccompanied,New,XNA,Cards,walk-in,AP+ (Cash loan),20,XNA,0.0,XNA,Card Street,-173.0,-145.0,365243.0,365243.0,365243.0,0.0
2679612,427267,Cash loans,21878.325,675000.0,790830.0,,675000.0,FRIDAY,16,Y,1,,,,Repairs,Refused,-235,Cash through the bank,HC,Unaccompanied,Repeater,XNA,Cash,walk-in,AP+ (Cash loan),20,XNA,60.0,low_normal,Cash Street: low,,,,,,
2579807,454586,Consumer loans,2362.185,28705.5,28705.5,0.0,28705.5,SATURDAY,18,Y,1,0.0,,,XAP,Approved,-180,XNA,XAP,,Repeater,Mobile,POS,XNA,Country-wide,49,Connectivity,24.0,high,POS mobile with interest,,,,,,
2087050,257059,Consumer loans,10797.3,112500.0,151087.5,0.0,112500.0,SUNDAY,15,Y,1,0.0,,,XAP,Approved,-1177,Cash through the bank,XAP,"Spouse, partner",New,Furniture,POS,XNA,Stone,147,Furniture,18.0,middle,POS industry with interest,365243.0,-1142.0,-632.0,-662.0,-659.0,0.0
2033761,272513,Consumer loans,1934.145,16110.0,14499.0,1611.0,16110.0,MONDAY,8,Y,1,0.1089090909090909,,,XAP,Approved,-2857,Cash through the bank,XAP,,New,Mobile,POS,XNA,Stone,146,Consumer electronics,10.0,high,POS household with interest,365243.0,-2822.0,-2552.0,-2672.0,-2627.0,0.0
1423543,147862,Consumer loans,4492.17,22455.0,21204.0,4500.0,22455.0,MONDAY,9,Y,1,0.19066717596129354,,,XAP,Approved,-1615,Cash through the bank,XAP,Children,New,Mobile,POS,XNA,Country-wide,30,Connectivity,6.0,high,POS mobile with interest,365243.0,-1584.0,-1434.0,-1494.0,-1490.0,0.0
1590725,350737,Consumer loans,12512.16,88285.5,85059.0,8820.0,88285.5,TUESDAY,18,Y,1,0.10232087919749697,,,XAP,Approved,-1246,Cash through the bank,XAP,,Repeater,Computers,POS,XNA,Country-wide,30,Connectivity,8.0,middle,POS mobile with interest,,,,,,
2790170,398084,Consumer loans,2905.605,26793.0,30330.0,0.0,26793.0,TUESDAY,13,Y,1,0.0,,,XAP,Approved,-2326,Cash through the bank,XAP,Unaccompanied,New,Photo / Cinema Equipment,POS,XNA,Country-wide,350,Consumer electronics,16.0,high,POS household with interest,365243.0,-2295.0,-1845.0,-2115.0,-2111.0,1.0
1872202,310666,Consumer loans,26894.52,296640.0,284598.0,29664.0,296640.0,SATURDAY,15,Y,1,0.10280209738139748,,,XAP,Approved,-1063,Cash through the bank,XAP,Family,Repeater,Furniture,POS,XNA,Stone,58,Furniture,12.0,low_normal,POS industry with interest,365243.0,-1031.0,-701.0,-731.0,-725.0,0.0
2109067,380794,Cash loans,53230.905,1228500.0,1432822.5,,1228500.0,THURSDAY,14,Y,1,,,,Payments on other loans,Refused,-98,Cash through the bank,HC,Unaccompanied,Repeater,XNA,Cash,walk-in,Credit and cash offices,-1,XNA,36.0,low_action,Cash Street: low,,,,,,
1876021,368304,Cash loans,,0.0,0.0,,,THURSDAY,17,Y,1,,,,XNA,Canceled,-252,XNA,XAP,,Repeater,XNA,XNA,XNA,Credit and cash offices,-1,XNA,,XNA,Cash,,,,,,
1470582,143650,Cash loans,,0.0,0.0,,,FRIDAY,14,Y,1,,,,XNA,Refused,-40,XNA,HC,,Repeater,XNA,XNA,XNA,Credit and cash offices,-1,XNA,,XNA,Cash,,,,,,
1164767,301008,Revolving loans,,0.0,0.0,,,THURSDAY,10,Y,1,,,,XAP,Canceled,-186,XNA,XAP,,Repeater,XNA,XNA,XNA,Credit and cash offices,-1,XNA,,XNA,Card Street,,,,,,
1802328,111868,Revolving loans,45000.0,900000.0,900000.0,,900000.0,SATURDAY,15,Y,1,,,,XAP,Approved,-413,XNA,XAP,,Repeater,XNA,Cards,x-sell,Credit and cash offices,-1,XNA,0.0,XNA,Card X-Sell,-413.0,-369.0,365243.0,365243.0,365243.0,0.0
1191180,421026,Cash loans,,0.0,0.0,,,THURSDAY,11,Y,1,,,,XNA,Canceled,-263,XNA,XAP,,Repeater,XNA,XNA,XNA,Credit and cash offices,-1,XNA,,XNA,Cash,,,,,,
2029467,272288,Cash loans,41047.92,1174500.0,1327981.5,,1174500.0,WEDNESDAY,14,Y,1,,,,XNA,Approved,-449,Cash through the bank,XAP,,Repeater,XNA,Cash,x-sell,Credit and cash offices,-1,XNA,54.0,low_normal,Cash X-Sell: low,365243.0,-419.0,1171.0,365243.0,365243.0,1.0
1925005,244037,Revolving loans,9000.0,180000.0,180000.0,,180000.0,THURSDAY,15,Y,1,,,,XAP,Refused,-656,XNA,HC,,Repeater,XNA,Cards,x-sell,Credit and cash offices,-1,XNA,0.0,XNA,Card X-Sell,,,,,,
1313504,129160,Cash loans,35003.925,544500.0,609187.5,,544500.0,WEDNESDAY,12,Y,1,,,,XNA,Approved,-553,Cash through the bank,XAP,Unaccompanied,Repeater,XNA,Cash,x-sell,Credit and cash offices,-1,XNA,36.0,high,Cash X-Sell: high,365243.0,-518.0,532.0,365243.0,365243.0,0.0
1034168,405556,Cash loans,10973.16,202500.0,301855.5,,202500.0,FRIDAY,9,Y,1,,,,XNA,Approved,-342,Cash through the bank,XAP,Unaccompanied,Repeater,XNA,Cash,x-sell,Credit and cash offices,-1,XNA,48.0,low_normal,Cash X-Sell: low,365243.0,-312.0,1098.0,365243.0,365243.0,1.0
1495226,405556,Revolving loans,,0.0,0.0,,,FRIDAY,9,Y,1,,,,XAP,Canceled,-342,XNA,XAP,,Repeater,XNA,XNA,XNA,Credit and cash offices,-1,XNA,,XNA,Card Street,,,,,,
2498345,182606,Cash loans,,0.0,0.0,,,FRIDAY,9,Y,1,,,,XNA,Canceled,-404,XNA,XAP,,Repeater,XNA,XNA,XNA,Credit and cash offices,-1,XNA,,XNA,Cash,,,,,,
1161698,200773,Consumer loans,6456.78,58000.5,53851.5,9000.0,58000.5,THURSDAY,11,Y,1,0.15595201676679446,,,XAP,Approved,-1664,Cash through the bank,XAP,,New,Mobile,POS,XNA,Country-wide,50,Connectivity,12.0,high,POS mobile with interest,365243.0,-1625.0,-1295.0,-1355.0,-1346.0,0.0
2824480,210336,Consumer loans,2521.71,22455.0,22455.0,0.0,22455.0,THURSDAY,19,Y,1,0.0,,,XAP,Approved,-1212,Cash through the bank,XAP,Family,Repeater,Mobile,POS,XNA,Country-wide,13,Connectivity,14.0,high,POS mobile with interest,365243.0,-1181.0,-791.0,-1121.0,-1118.0,0.0
1597166,335591,Consumer loans,3935.88,44050.5,33628.5,17820.0,44050.5,FRIDAY,14,Y,1,0.377223825767515,,,XAP,Approved,-341,Cash through the bank,XAP,,New,Mobile,POS,XNA,Country-wide,15,Connectivity,12.0,high,POS mobile with interest,365243.0,-302.0,28.0,365243.0,365243.0,0.0
2621688,383185,Cash loans,11915.1,157500.0,178290.0,,157500.0,THURSDAY,12,Y,1,,,,XNA,Approved,-743,Cash through the bank,XAP,,Repeater,XNA,Cash,x-sell,AP+ (Cash loan),597,XNA,24.0,middle,Cash X-Sell: middle,365243.0,-713.0,-23.0,-53.0,-47.0,1.0
2531508,142380,Cash loans,,0.0,0.0,,,TUESDAY,10,Y,1,,,,XNA,Canceled,-268,XNA,XAP,,Repeater,XNA,XNA,XNA,Credit and cash offices,-1,XNA,,XNA,Cash,,,,,,
2637639,355008,Cash loans,73641.645,1242000.0,1379713.5,,1242000.0,MONDAY,14,Y,1,,,,XNA,Refused,-205,Cash through the bank,HC,Family,Repeater,XNA,Cash,x-sell,Credit and cash offices,-1,XNA,24.0,low_normal,Cash X-Sell: low,,,,,,
1422087,341137,Cash loans,12185.37,229500.0,266760.0,,229500.0,TUESDAY,16,Y,1,,,,XNA,Refused,-540,Cash through the bank,HC,,Refreshed,XNA,Cash,x-sell,Credit and cash offices,-1,XNA,36.0,middle,Cash X-Sell: middle,,,,,,
2050976,341137,Cash loans,9961.47,90000.0,95940.0,,90000.0,TUESDAY,16,Y,1,,,,XNA,Approved,-540,Cash through the bank,XAP,,Refreshed,XNA,Cash,x-sell,Credit and cash offices,-1,XNA,12.0,middle,Cash X-Sell: middle,365243.0,-510.0,-180.0,-240.0,-234.0,1.0
1208283,374237,Cash loans,16011.405,225000.0,284400.0,,225000.0,FRIDAY,11,Y,1,,,,XNA,Approved,-132,Cash through the bank,XAP,Unaccompanied,Repeater,XNA,Cash,x-sell,Credit and cash offices,-1,XNA,24.0,low_normal,Cash X-Sell: low,365243.0,-102.0,588.0,365243.0,365243.0,1.0
1536315,387305,Consumer loans,7518.06,166698.0,166698.0,0.0,166698.0,TUESDAY,13,Y,1,0.0,,,XAP,Approved,-1481,XNA,XAP,,Repeater,Construction Materials,POS,XNA,Stone,50,Furniture,24.0,low_action,POS industry without interest,365243.0,-1446.0,-756.0,-1176.0,-1168.0,0.0
2310201,148663,Consumer loans,46503.0,900000.0,900000.0,0.0,900000.0,TUESDAY,16,Y,1,0.0,,,XAP,Approved,-653,Cash through the bank,XAP,,New,Construction Materials,POS,XNA,Stone,50,Construction,24.0,low_normal,POS industry with interest,365243.0,-620.0,70.0,-320.0,-312.0,0.0
1613876,232916,Consumer loans,5485.23,35010.0,45112.5,0.0,35010.0,FRIDAY,16,Y,1,0.0,,,XAP,Approved,-449,Cash through the bank,XAP,Unaccompanied,Repeater,Mobile,POS,XNA,Country-wide,20,Connectivity,12.0,high,POS mobile with interest,365243.0,-418.0,-88.0,-298.0,-293.0,0.0
2444978,347094,Consumer loans,18410.94,174892.5,174892.5,0.0,174892.5,SATURDAY,6,Y,1,0.0,,,XAP,Approved,-737,XNA,XAP,,Repeater,Furniture,POS,XNA,Regional / Local,2000,Furniture,10.0,low_action,POS industry without interest,365243.0,-706.0,-436.0,-586.0,-575.0,0.0
1293758,419163,Revolving loans,2250.0,45000.0,45000.0,,45000.0,WEDNESDAY,5,Y,1,,,,XAP,Refused,-512,XNA,HC,Family,New,XNA,Cards,walk-in,Regional / Local,2000,Furniture,0.0,XNA,Card Street,,,,,,
1571312,166996,Consumer loans,4478.31,42250.5,42840.0,4225.5,42250.5,TUESDAY,15,Y,1,0.09777764256968767,,,XAP,Approved,-899,Cash through the bank,XAP,Unaccompanied,New,Mobile,POS,XNA,Country-wide,9,Connectivity,12.0,middle,POS mobile with interest,365243.0,-868.0,-538.0,-838.0,-830.0,0.0
2598723,344787,Consumer loans,8400.6,90000.0,90000.0,0.0,90000.0,MONDAY,11,Y,1,0.0,,,XAP,Approved,-512,Cash through the bank,XAP,,New,Medical Supplies,POS,XNA,Country-wide,100,Industry,12.0,low_normal,POS other with interest,365243.0,-472.0,-142.0,-142.0,-135.0,0.0
2108102,425211,Consumer loans,8401.905,81675.0,73507.5,8167.5,81675.0,TUESDAY,7,Y,1,0.1089090909090909,,,XAP,Approved,-2442,XNA,XAP,,New,Furniture,POS,XNA,Stone,300,Furniture,10.0,middle,POS industry with interest,365243.0,-2403.0,-2133.0,-2133.0,-2129.0,0.0
1744115,423865,Consumer loans,6607.62,65434.5,65106.0,6547.5,65434.5,WEDNESDAY,17,Y,1,0.09951813557289912,,,XAP,Approved,-446,Cash through the bank,XAP,,Repeater,Mobile,POS,XNA,Country-wide,35,Connectivity,12.0,middle,POS mobile with interest,365243.0,-415.0,-85.0,-325.0,-323.0,0.0
1536963,198846,Cash loans,6608.16,112500.0,131062.5,,112500.0,MONDAY,4,Y,1,,,,XNA,Approved,-705,XNA,XAP,Unaccompanied,Refreshed,XNA,Cash,x-sell,Credit and cash offices,-1,XNA,30.0,middle,Cash X-Sell: middle,365243.0,-675.0,195.0,365243.0,365243.0,1.0
2241045,320343,Cash loans,8166.6,45000.0,45000.0,,45000.0,SATURDAY,6,Y,1,,,,XNA,Approved,-170,Cash through the bank,XAP,Unaccompanied,Repeater,XNA,Cash,x-sell,Credit and cash offices,-1,XNA,6.0,low_normal,Cash X-Sell: low,365243.0,-140.0,10.0,365243.0,365243.0,0.0
2501152,348561,Cash loans,,0.0,0.0,,,SATURDAY,9,Y,1,,,,XNA,Canceled,-150,XNA,XAP,,Repeater,XNA,XNA,XNA,Credit and cash offices,-1,XNA,,XNA,Cash,,,,,,
2497951,292305,Cash loans,,0.0,0.0,,,MONDAY,5,Y,1,,,,XNA,Canceled,-355,XNA,XAP,,Repeater,XNA,XNA,XNA,Credit and cash offices,-1,XNA,,XNA,Cash,,,,,,
2795960,455075,Cash loans,,0.0,0.0,,,WEDNESDAY,4,Y,1,,,,XNA,Canceled,-164,XNA,XAP,,Repeater,XNA,XNA,XNA,Credit and cash offices,-1,XNA,,XNA,Cash,,,,,,
1076420,264236,Consumer loans,9486.27,70560.0,78012.0,0.0,70560.0,FRIDAY,12,Y,1,0.0,,,XAP,Approved,-927,XNA,XAP,,New,Audio/Video,POS,XNA,Regional / Local,300,Consumer electronics,12.0,high,POS household with interest,365243.0,-886.0,-556.0,-556.0,-554.0,0.0
1974840,133739,Consumer loans,5654.745,37620.0,40932.0,0.0,37620.0,SATURDAY,15,Y,1,0.0,,,XAP,Approved,-567,Cash through the bank,XAP,,New,Mobile,POS,XNA,Country-wide,10,Connectivity,10.0,high,POS mobile with interest,365243.0,-535.0,-265.0,-355.0,-349.0,0.0
1179347,270767,Consumer loans,7213.005,47655.0,35010.0,14296.5,47655.0,THURSDAY,11,Y,1,0.3157836833240684,,,XAP,Approved,-1488,Cash through the bank,XAP,Family,Refreshed,Mobile,POS,XNA,Country-wide,10,Connectivity,6.0,high,POS mobile with interest,365243.0,-1457.0,-1307.0,-1337.0,-1331.0,0.0
1974842,101167,Consumer loans,5437.53,120060.0,120060.0,0.0,120060.0,MONDAY,18,Y,1,0.0,,,XAP,Approved,-820,Cash through the bank,XAP,Family,Repeater,Computers,POS,XNA,Country-wide,955,Consumer electronics,24.0,low_action,POS household without interest,365243.0,-789.0,-99.0,-249.0,-247.0,0.0
2076402,386745,Consumer loans,20027.835,165028.5,179622.0,0.0,165028.5,SUNDAY,13,Y,1,0.0,,,XAP,Approved,-1459,Cash through the bank,XAP,Family,Repeater,Computers,POS,XNA,Country-wide,955,Consumer electronics,12.0,high,POS household with interest,365243.0,-1428.0,-1098.0,-1098.0,-1095.0,0.0
1703043,230404,Consumer loans,12199.455,145998.0,171823.5,0.0,145998.0,WEDNESDAY,10,Y,1,0.0,,,XAP,Refused,-1708,Cash through the bank,HC,Other_B,New,Computers,POS,XNA,Country-wide,955,Consumer electronics,24.0,high,POS household with interest,,,,,,
1750428,122626,Consumer loans,5316.93,57627.0,51862.5,5764.5,57627.0,SATURDAY,12,Y,1,0.10894310905399454,,,XAP,Approved,-349,Cash through the bank,XAP,Unaccompanied,New,Construction Materials,POS,XNA,Stone,25,Construction,12.0,middle,POS industry with interest,365243.0,-315.0,15.0,-195.0,-187.0,0.0
2528199,449080,Consumer loans,3794.04,25141.5,23922.0,2700.0,25141.5,FRIDAY,17,Y,1,0.11045546745343902,,,XAP,Approved,-2427,Cash through the bank,XAP,Family,New,Mobile,POS,XNA,Country-wide,70,Connectivity,8.0,low_normal,POS mobile with interest,365243.0,-2396.0,-2186.0,-2216.0,-2208.0,1.0
1669174,146327,Consumer loans,11369.25,92003.445,100098.945,0.0,92003.445,THURSDAY,15,Y,1,0.0,,,XAP,Approved,-118,Cash through the bank,XAP,,Repeater,Mobile,POS,XNA,Country-wide,25,Connectivity,10.0,low_normal,POS mobile without interest,365243.0,365243.0,242.0,365243.0,365243.0,0.0
1771173,423722,Revolving loans,38250.0,0.0,765000.0,,,MONDAY,12,Y,1,,,,XAP,Approved,-821,XNA,XAP,,Repeater,XNA,Cards,x-sell,Credit and cash offices,-1,XNA,0.0,XNA,Card X-Sell,-821.0,-777.0,365243.0,-502.0,365243.0,0.0
1327284,273050,Cash loans,21851.37,450000.0,522765.0,,450000.0,MONDAY,15,Y,1,,,,XNA,Approved,-1061,Cash through the bank,XAP,Unaccompanied,Repeater,XNA,Cash,x-sell,Credit and cash offices,-1,XNA,42.0,middle,Cash X-Sell: middle,365243.0,-1031.0,199.0,-851.0,-845.0,1.0
1653926,130528,Cash loans,,0.0,0.0,,,SATURDAY,13,Y,1,,,,XNA,Canceled,-506,XNA,XAP,,Refreshed,XNA,XNA,XNA,Credit and cash offices,-1,XNA,,XNA,Cash,,,,,,
2178768,190183,Consumer loans,17440.56,186930.0,186930.0,0.0,186930.0,MONDAY,17,Y,1,0.0,,,XAP,Approved,-982,Cash through the bank,XAP,Family,Repeater,Furniture,POS,XNA,Country-wide,910,Furniture,12.0,low_normal,POS industry with interest,365243.0,-951.0,-621.0,-681.0,-674.0,0.0
1817104,332996,Consumer loans,1335.6,16279.29,13027.5,3251.79,16279.29,WEDNESDAY,13,Y,1,0.21754603101687647,0.19175733877365972,0.8451374207188159,XAP,Approved,-253,Cash through the bank,XAP,,Repeater,Consumer Electronics,POS,XNA,Country-wide,100,Connectivity,12.0,middle,POS mobile with interest,365243.0,-220.0,110.0,-130.0,-123.0,0.0
2671961,189169,Consumer loans,20401.2,360000.0,360000.0,0.0,360000.0,FRIDAY,14,Y,1,0.0,,,XAP,Approved,-434,Cash through the bank,XAP,Family,Repeater,Clothing and Accessories,POS,XNA,Stone,35,Clothing,24.0,middle,POS industry with interest,365243.0,-404.0,286.0,365243.0,365243.0,0.0
1543375,383221,Cash loans,10079.46,90000.0,95940.0,,90000.0,THURSDAY,8,Y,1,,,,XNA,Approved,-350,Cash through the bank,XAP,,Refreshed,XNA,Cash,x-sell,AP+ (Cash loan),40,XNA,12.0,middle,Cash X-Sell: middle,365243.0,-320.0,10.0,-20.0,-18.0,1.0
1221212,147285,Consumer loans,5812.02,58320.0,58320.0,0.0,58320.0,TUESDAY,15,Y,1,0.0,,,XAP,Approved,-31,Cash through the bank,XAP,,Repeater,Audio/Video,POS,XNA,Stone,80,Consumer electronics,12.0,low_normal,POS household with interest,365243.0,365243.0,331.0,365243.0,365243.0,0.0
1937503,426139,Consumer loans,13286.7,148873.5,164596.5,0.0,148873.5,FRIDAY,10,Y,1,0.0,,,XAP,Approved,-140,Cash through the bank,XAP,Unaccompanied,Repeater,Construction Materials,POS,XNA,Stone,100,Construction,16.0,middle,POS industry with interest,365243.0,-108.0,342.0,365243.0,365243.0,0.0
2795285,391644,Consumer loans,25301.79,143550.0,119578.5,28710.0,143550.0,SATURDAY,15,Y,1,0.2108578885078748,,,XAP,Approved,-1195,Cash through the bank,XAP,Other_A,Repeater,Computers,POS,XNA,Country-wide,129,Connectivity,5.0,low_normal,POS mobile without interest,365243.0,-1164.0,-1044.0,-1044.0,-1040.0,0.0
2216250,242454,Consumer loans,15846.66,173016.0,155713.5,17302.5,173016.0,SATURDAY,15,Y,1,0.10891475617599213,,,XAP,Approved,-118,Cash through the bank,XAP,Unaccompanied,Repeater,Furniture,POS,XNA,Stone,80,Furniture,12.0,middle,POS industry with interest,365243.0,-87.0,243.0,-27.0,-19.0,0.0
2132472,350569,Consumer loans,12913.11,270000.0,228915.0,81000.0,270000.0,FRIDAY,17,Y,1,0.2846469633169213,,,XAP,Approved,-157,Cash through the bank,XAP,Family,Repeater,Consumer Electronics,POS,XNA,Regional / Local,30,Consumer electronics,24.0,low_normal,POS household with interest,365243.0,-126.0,564.0,365243.0,365243.0,0.0
2765898,247876,Revolving loans,2250.0,45000.0,45000.0,,45000.0,FRIDAY,13,Y,1,,,,XAP,Approved,-496,XNA,XAP,Unaccompanied,Repeater,XNA,Cards,walk-in,Regional / Local,30,Consumer electronics,0.0,XNA,Card Street,-458.0,-423.0,365243.0,365243.0,365243.0,0.0
2647806,222417,Consumer loans,9532.125,94144.5,104085.0,0.0,94144.5,THURSDAY,17,Y,1,0.0,,,XAP,Approved,-686,Cash through the bank,XAP,Unaccompanied,Refreshed,Computers,POS,XNA,Regional / Local,1000,Consumer electronics,12.0,low_action,POS household without interest,365243.0,-655.0,-325.0,-325.0,-319.0,0.0
1062252,127584,Consumer loans,2395.215,31455.0,17955.0,13500.0,31455.0,SUNDAY,16,Y,1,0.4674209910261413,,,XAP,Approved,-2530,Cash through the bank,XAP,,New,Mobile,POS,XNA,Stone,30,Connectivity,10.0,high,POS mobile with interest,365243.0,-2497.0,-2227.0,-2227.0,-2222.0,0.0
2168867,238638,Cash loans,7869.015,67500.0,71955.0,0.0,67500.0,WEDNESDAY,14,Y,1,0.0,,,XNA,Approved,-2490,XNA,XAP,,Repeater,XNA,Cash,x-sell,Country-wide,-1,Consumer electronics,12.0,high,Cash Street: high,365243.0,-2460.0,-2130.0,-2130.0,-2122.0,1.0
2399685,192846,Consumer loans,4191.885,44910.0,44910.0,0.0,44910.0,SATURDAY,11,Y,1,0.0,,,XAP,Refused,-568,Cash through the bank,LIMIT,,Repeater,Audio/Video,POS,XNA,Regional / Local,350,Consumer electronics,12.0,low_normal,POS household with interest,,,,,,
2825333,127550,Revolving loans,6750.0,135000.0,135000.0,,135000.0,FRIDAY,8,Y,1,,,,XAP,Approved,-209,XNA,XAP,Unaccompanied,Repeater,XNA,Cards,x-sell,AP+ (Cash loan),14,XNA,0.0,XNA,Card X-Sell,-3.0,365243.0,365243.0,365243.0,365243.0,0.0
1874481,199055,Cash loans,21599.82,103500.0,119020.5,,103500.0,THURSDAY,7,Y,1,,,,XNA,Approved,-272,Cash through the bank,XAP,,Repeater,XNA,Cash,x-sell,AP+ (Cash loan),14,XNA,6.0,low_normal,Cash X-Sell: low,365243.0,-242.0,-92.0,-92.0,-87.0,1.0
1493627,199357,Revolving loans,36000.0,720000.0,720000.0,,720000.0,MONDAY,12,Y,1,,,,XAP,Approved,-410,XNA,XAP,Family,Repeater,XNA,Cards,x-sell,AP+ (Cash loan),14,XNA,0.0,XNA,Card X-Sell,-384.0,-337.0,365243.0,365243.0,365243.0,0.0
1951240,455720,Revolving loans,5625.0,112500.0,112500.0,,112500.0,THURSDAY,16,Y,1,,,,XAP,Refused,-494,XNA,HC,,Repeater,XNA,Cards,walk-in,AP+ (Cash loan),14,XNA,0.0,XNA,Card Street,,,,,,
1295943,267737,Consumer loans,11473.965,101227.5,111919.5,0.0,101227.5,FRIDAY,13,Y,1,0.0,,,XAP,Approved,-1001,Cash through the bank,XAP,Family,Repeater,Consumer Electronics,POS,XNA,Country-wide,1607,Consumer electronics,12.0,middle,POS household with interest,365243.0,-970.0,-640.0,-640.0,-633.0,0.0
2751702,343557,Consumer loans,11021.04,148936.5,168106.5,0.0,148936.5,MONDAY,9,Y,1,0.0,,,XAP,Approved,-517,Cash through the bank,XAP,,Repeater,Consumer Electronics,POS,XNA,Country-wide,1607,Consumer electronics,18.0,low_normal,POS household with interest,365243.0,-486.0,24.0,365243.0,365243.0,0.0
1164112,250800,Consumer loans,19170.135,237055.5,268164.0,4500.0,237055.5,MONDAY,10,Y,1,0.017974170007441725,,,XAP,Approved,-1565,Cash through the bank,XAP,Children,Repeater,Computers,POS,XNA,Country-wide,1607,Consumer electronics,24.0,high,POS household with interest,365243.0,-1532.0,-842.0,-872.0,-866.0,0.0
2040440,352071,Consumer loans,11129.085,199089.0,199089.0,0.0,199089.0,TUESDAY,7,Y,1,0.0,,,XAP,Approved,-1528,Cash through the bank,XAP,Unaccompanied,New,Photo / Cinema Equipment,POS,XNA,Country-wide,1607,Consumer electronics,24.0,low_normal,POS household without interest,365243.0,-1494.0,-804.0,-804.0,-788.0,0.0
1295944,441439,Consumer loans,9770.4,62095.5,53361.0,11250.0,62095.5,WEDNESDAY,11,Y,1,0.189631374336765,,,XAP,Approved,-2522,Cash through the bank,XAP,Unaccompanied,New,Consumer Electronics,POS,XNA,Country-wide,1607,Consumer electronics,6.0,middle,POS household with interest,365243.0,-2491.0,-2341.0,-2341.0,-2336.0,1.0
1264627,135244,Consumer loans,8691.48,40815.0,47839.5,0.0,40815.0,SATURDAY,14,Y,1,0.0,,,XAP,Approved,-832,Cash through the bank,XAP,Family,New,Audio/Video,POS,XNA,Regional / Local,120,Consumer electronics,6.0,middle,POS household with interest,365243.0,-801.0,-651.0,-651.0,-649.0,0.0
1607177,167887,Consumer loans,9371.7,79200.0,50062.5,31500.0,79200.0,SUNDAY,6,Y,1,0.42061442006269584,,,XAP,Approved,-1541,Cash through the bank,XAP,Unaccompanied,New,Furniture,POS,XNA,Stone,800,Furniture,6.0,middle,POS industry with interest,365243.0,-1510.0,-1360.0,-1360.0,-1352.0,0.0
2142931,220974,Consumer loans,31634.145,542295.0,612234.0,0.0,542295.0,FRIDAY,10,Y,1,0.0,,,XAP,Approved,-928,Cash through the bank,XAP,Unaccompanied,Repeater,Furniture,POS,XNA,Stone,800,Furniture,24.0,low_normal,POS industry with interest,365243.0,-895.0,-205.0,-355.0,-352.0,0.0
2806109,327253,Consumer loans,3230.19,29398.5,29074.5,2943.0,29398.5,THURSDAY,13,Y,1,0.10010758321088607,,,XAP,Approved,-2181,Cash through the bank,XAP,Family,Repeater,Photo / Cinema Equipment,POS,XNA,Country-wide,32,Connectivity,12.0,high,POS mobile with interest,365243.0,-2150.0,-1820.0,-1880.0,-1877.0,0.0
1045090,190200,Cash loans,,0.0,0.0,,,TUESDAY,12,Y,1,,,,XNA,Refused,-405,XNA,SCOFR,,Repeater,XNA,XNA,XNA,Credit and cash offices,-1,XNA,,XNA,Cash,,,,,,
2727404,357605,Revolving loans,5625.0,0.0,112500.0,,,FRIDAY,16,Y,1,,,,XAP,Approved,-2582,XNA,XAP,,Repeater,XNA,Cards,x-sell,Country-wide,26,Connectivity,0.0,XNA,Card Street,-2580.0,-2521.0,365243.0,365243.0,365243.0,0.0
2773785,353105,Consumer loans,13771.62,67050.0,70371.0,0.0,67050.0,THURSDAY,13,Y,1,0.0,,,XAP,Approved,-1318,XNA,XAP,Unaccompanied,New,Furniture,POS,XNA,Stone,100,Furniture,6.0,high,POS industry with interest,365243.0,-1284.0,-1134.0,-1134.0,-1126.0,0.0
1748205,141811,Consumer loans,16689.915,103495.5,93145.5,10350.0,103495.5,MONDAY,18,Y,1,0.10891382629284274,,,XAP,Approved,-246,Cash through the bank,XAP,Other_A,New,Audio/Video,POS,XNA,Country-wide,2000,Consumer electronics,6.0,low_normal,POS household with interest,365243.0,-216.0,-66.0,-66.0,-58.0,0.0
1039169,205205,Cash loans,,0.0,0.0,,,WEDNESDAY,14,Y,1,,,,XNA,Refused,-260,XNA,HC,,Repeater,XNA,XNA,XNA,Credit and cash offices,-1,XNA,,XNA,Cash,,,,,,
2197932,205205,Cash loans,,0.0,0.0,,,TUESDAY,12,Y,1,,,,XNA,Canceled,-275,XNA,XAP,,Repeater,XNA,XNA,XNA,Credit and cash offices,-1,XNA,,XNA,Cash,,,,,,
2732127,166945,Revolving loans,,0.0,0.0,,,TUESDAY,15,Y,1,,,,XAP,Canceled,-241,XNA,XAP,,Repeater,XNA,XNA,XNA,Credit and cash offices,-1,XNA,,XNA,Card Street,,,,,,
2542374,166945,Cash loans,15025.59,319500.0,319500.0,,319500.0,SATURDAY,15,Y,1,,,,XNA,Refused,-293,Cash through the bank,HC,Unaccompanied,Repeater,XNA,Cash,x-sell,Credit and cash offices,-1,XNA,48.0,middle,Cash X-Sell: middle,,,,,,
1702554,164716,Cash loans,,0.0,0.0,,,SUNDAY,11,Y,1,,,,XNA,Canceled,-206,XNA,XAP,,Repeater,XNA,XNA,XNA,Credit and cash offices,-1,XNA,,XNA,Cash,,,,,,
1044207,241230,Cash loans,,0.0,0.0,,,SUNDAY,12,Y,1,,,,XNA,Canceled,-53,XNA,XAP,,XNA,XNA,XNA,XNA,Credit and cash offices,-1,XNA,,XNA,Cash,,,,,,
2373579,264659,Cash loans,,0.0,0.0,,,FRIDAY,13,Y,1,,,,XNA,Canceled,-6,XNA,XAP,,Repeater,XNA,XNA,XNA,Credit and cash offices,-1,XNA,,XNA,Cash,,,,,,
1331118,216894,Consumer loans,7377.84,52510.5,36760.5,15750.0,52510.5,SUNDAY,12,Y,1,0.3266619403392049,,,XAP,Approved,-2830,Cash through the bank,XAP,,New,Mobile,POS,XNA,Regional / Local,35,Connectivity,6.0,high,POS mobile with interest,365243.0,-2798.0,-2648.0,-2648.0,-2578.0,0.0
2790517,133915,Cash loans,12026.385,135000.0,148365.0,,135000.0,THURSDAY,8,Y,1,,,,XNA,Approved,-883,Cash through the bank,XAP,Family,Repeater,XNA,Cash,x-sell,Country-wide,31,Connectivity,18.0,middle,Cash X-Sell: middle,365243.0,-853.0,-343.0,-343.0,-341.0,1.0
1622732,126029,Cash loans,5823.585,45000.0,47970.0,,45000.0,FRIDAY,12,Y,1,,,,Urgent needs,Approved,-426,Cash through the bank,XAP,,Repeater,XNA,Cash,walk-in,Country-wide,31,Connectivity,12.0,high,Cash Street: high,365243.0,-396.0,-66.0,-276.0,-270.0,1.0
1652469,330882,Consumer loans,3960.9,22005.0,17604.0,4401.0,22005.0,THURSDAY,11,Y,1,0.2178181818181818,,,XAP,Approved,-890,Cash through the bank,XAP,,Repeater,Mobile,POS,XNA,Country-wide,25,Connectivity,5.0,middle,POS mobile with interest,365243.0,-859.0,-739.0,-739.0,-731.0,0.0
2670915,285856,Cash loans,5719.95,135000.0,135000.0,,135000.0,MONDAY,11,Y,1,,,,XNA,Approved,-378,Cash through the bank,XAP,Unaccompanied,Repeater,XNA,Cash,x-sell,Stone,35,Consumer electronics,36.0,low_normal,Cash X-Sell: low,365243.0,-348.0,702.0,365243.0,365243.0,0.0
2712992,306207,Consumer loans,2590.11,23314.05,21213.0,2101.05,23314.05,SUNDAY,9,Y,1,0.09814830347131688,,,XAP,Approved,-2686,XNA,XAP,Unaccompanied,New,Consumer Electronics,POS,XNA,Stone,478,Consumer electronics,9.0,low_normal,POS household without interest,365243.0,-2650.0,-2410.0,-2410.0,-2021.0,0.0
1140216,297314,Consumer loans,15969.06,94459.05,100687.5,4.05,94459.05,TUESDAY,8,Y,1,4.3805246635076936e-05,,,XAP,Refused,-2736,Cash through the bank,SCO,Children,Repeater,XNA,POS,XNA,Stone,100,Consumer electronics,8.0,high,POS household with interest,,,,,,
1127838,183458,Consumer loans,3973.095,17959.05,13945.5,4459.05,17959.05,THURSDAY,12,Y,1,0.2638646866227004,,,XAP,Approved,-2762,Cash through the bank,XAP,"Spouse, partner",New,Consumer Electronics,POS,XNA,Stone,100,Consumer electronics,4.0,low_normal,POS household with interest,365243.0,-2731.0,-2641.0,-2641.0,-2549.0,1.0
1702555,338148,Consumer loans,8184.06,40455.0,40455.0,0.0,40455.0,SATURDAY,18,Y,1,0.0,,,XAP,Refused,-2214,Non-cash from your account,LIMIT,,Repeater,Mobile,POS,XNA,Country-wide,25,Connectivity,6.0,high,POS mobile with interest,,,,,,
2725093,124595,Consumer loans,9157.905,74601.0,67140.0,7461.0,74601.0,SATURDAY,16,Y,1,0.10892222989942854,,,XAP,Approved,-2215,Non-cash from your account,XAP,,New,Mobile,POS,XNA,Country-wide,25,Connectivity,10.0,high,POS mobile with interest,365243.0,-2179.0,-1909.0,-1909.0,-1906.0,0.0
1256552,343616,Consumer loans,9150.93,76455.0,74866.5,7645.5,76455.0,MONDAY,16,Y,1,0.10091434634301123,,,XAP,Approved,-365,Cash through the bank,XAP,Family,Repeater,Photo / Cinema Equipment,POS,XNA,Country-wide,100,Consumer electronics,10.0,middle,POS household with interest,,,,,,
2362146,106561,Consumer loans,9440.64,144000.0,144000.0,0.0,144000.0,MONDAY,11,Y,1,0.0,,,XAP,Approved,-380,XNA,XAP,,New,Homewares,POS,XNA,Stone,5,Construction,18.0,low_normal,POS other with interest,365243.0,-345.0,165.0,-15.0,-3.0,0.0
1260815,354720,Consumer loans,6083.82,79015.5,90751.5,0.0,79015.5,FRIDAY,12,Y,1,0.0,,,XAP,Approved,-1595,Cash through the bank,XAP,Unaccompanied,New,Construction Materials,POS,XNA,Stone,100,Construction,18.0,low_normal,POS industry with interest,365243.0,-1564.0,-1054.0,-1204.0,-1201.0,0.0
2356748,175768,Consumer loans,11380.05,59490.0,62631.0,0.0,59490.0,SATURDAY,14,Y,1,0.0,,,XAP,Approved,-1238,Cash through the bank,XAP,Family,Repeater,Furniture,POS,XNA,Stone,102,Furniture,6.0,middle,POS industry with interest,365243.0,-1207.0,-1057.0,-1147.0,-1139.0,0.0
2604481,141579,Cash loans,11937.375,112500.0,112500.0,,112500.0,THURSDAY,13,Y,1,,,,Repairs,Refused,-305,Cash through the bank,SCO,Family,Repeater,XNA,Cash,walk-in,Country-wide,15,Connectivity,12.0,middle,Cash Street: middle,,,,,,
2502328,335179,Consumer loans,,34920.0,34920.0,0.0,34920.0,THURSDAY,16,Y,1,0.0,,,XAP,Refused,-1594,Cash through the bank,HC,Unaccompanied,New,Mobile,XNA,XNA,Country-wide,15,Connectivity,,XNA,POS mobile with interest,,,,,,
1187249,340074,Consumer loans,7530.615,139995.0,176031.0,0.0,139995.0,TUESDAY,8,Y,1,0.0,,,XAP,Approved,-325,Cash through the bank,XAP,Family,New,Consumer Electronics,POS,XNA,Regional / Local,5000,Consumer electronics,36.0,middle,POS household with interest,365243.0,-294.0,756.0,365243.0,365243.0,0.0
1810650,408193,Consumer loans,6539.31,40410.0,43078.5,0.0,40410.0,THURSDAY,13,Y,1,0.0,,,XAP,Approved,-2321,Cash through the bank,XAP,Unaccompanied,Repeater,Auto Accessories,POS,XNA,Stone,70,Industry,8.0,high,POS other with interest,365243.0,-2290.0,-2080.0,-2110.0,-2108.0,1.0
1484298,294301,Consumer loans,12749.22,146610.0,117288.0,29322.0,146610.0,TUESDAY,12,Y,1,0.2178181818181818,,,XAP,Refused,-2677,Cash through the bank,SCO,Unaccompanied,Repeater,Computers,POS,XNA,Country-wide,2265,Consumer electronics,12.0,high,POS household with interest,,,,,,
2227839,322370,Consumer loans,4648.14,35766.0,34843.5,3577.5,35766.0,WEDNESDAY,12,Y,1,0.10140867565322938,,,XAP,Approved,-2828,Cash through the bank,XAP,Family,Repeater,Audio/Video,POS,XNA,Country-wide,1710,Consumer electronics,10.0,low_normal,POS household with interest,365243.0,-2797.0,-2527.0,-2527.0,-2523.0,1.0
1864605,326650,Consumer loans,10761.615,88830.0,96646.5,0.0,88830.0,FRIDAY,11,Y,1,0.0,,,XAP,Approved,-850,Cash through the bank,XAP,Children,New,Computers,POS,XNA,Stone,55,Consumer electronics,10.0,low_normal,POS household with interest,365243.0,-818.0,-548.0,-548.0,-540.0,0.0
1720091,363930,Consumer loans,17295.75,161104.5,155677.5,16114.5,161104.5,FRIDAY,13,Y,1,0.10215932904061574,,,XAP,Approved,-2525,Cash through the bank,XAP,"Spouse, partner",New,Consumer Electronics,POS,XNA,Country-wide,1000,Consumer electronics,10.0,low_normal,POS household without interest,365243.0,-2494.0,-2224.0,-2224.0,-2215.0,1.0
2435875,359889,Consumer loans,3068.91,16191.0,15291.0,1620.0,16191.0,THURSDAY,18,Y,1,0.10433015627267883,,,XAP,Approved,-2624,Cash through the bank,XAP,"Spouse, partner",Repeater,Mobile,POS,XNA,Country-wide,1000,Consumer electronics,6.0,high,POS household with interest,365243.0,-2593.0,-2443.0,-2443.0,-2439.0,1.0
2637772,362355,Consumer loans,23097.195,133677.0,120307.5,13369.5,133677.0,FRIDAY,12,Y,1,0.10892375583751064,,,XAP,Refused,-1319,Cash through the bank,HC,Family,New,Audio/Video,POS,XNA,Country-wide,1000,Consumer electronics,6.0,middle,POS household with interest,,,,,,
2242203,103450,Consumer loans,19045.08,91462.5,85711.5,9148.5,91462.5,SUNDAY,17,Y,1,0.10503424184923232,,,XAP,Approved,-1773,Cash through the bank,XAP,Group of people,Refreshed,Audio/Video,POS,XNA,Country-wide,1000,Consumer electronics,5.0,middle,POS household with interest,365243.0,-1742.0,-1622.0,-1622.0,-1619.0,0.0
1690864,443048,Consumer loans,10410.57,103500.0,51750.0,51750.0,103500.0,FRIDAY,16,Y,1,0.5445454545454544,,,XAP,Approved,-286,Cash through the bank,XAP,,Repeater,Mobile,POS,XNA,Stone,15,Connectivity,6.0,high,POS mobile with interest,365243.0,-255.0,-105.0,-165.0,-158.0,0.0
1555819,178281,Consumer loans,11298.825,121050.0,121050.0,0.0,121050.0,MONDAY,15,Y,1,0.0,,,XAP,Approved,-383,XNA,XAP,,Repeater,Furniture,POS,XNA,Stone,100,Furniture,12.0,low_normal,POS industry with interest,365243.0,-352.0,-22.0,-22.0,-20.0,0.0
2327553,280817,Consumer loans,10641.51,97875.0,108211.5,0.0,97875.0,THURSDAY,11,Y,1,0.0,,,XAP,Approved,-693,Cash through the bank,XAP,,New,Photo / Cinema Equipment,POS,XNA,Regional / Local,200,Consumer electronics,12.0,middle,POS household with interest,365243.0,-662.0,-332.0,-512.0,-508.0,0.0
2148359,158415,Consumer loans,7189.155,53505.0,60048.0,0.0,53505.0,MONDAY,12,Y,1,0.0,,,XAP,Approved,-399,Cash through the bank,XAP,Family,New,Audio/Video,POS,XNA,Regional / Local,200,Consumer electronics,10.0,middle,POS household with interest,365243.0,-369.0,-99.0,-99.0,-92.0,1.0
2107038,272545,Consumer loans,44986.5,449910.0,404919.0,44991.0,449910.0,SUNDAY,13,Y,1,0.1089090909090909,,,XAP,Approved,-1633,Cashless from the account of the employer,XAP,Unaccompanied,Refreshed,Clothing and Accessories,POS,XNA,Regional / Local,120,Clothing,10.0,low_normal,POS industry with interest,365243.0,-1602.0,-1332.0,-1332.0,-1325.0,0.0
1739654,178898,Consumer loans,7585.785,84978.0,75159.0,16996.5,84978.0,WEDNESDAY,8,Y,1,0.20086412244916066,,,XAP,Approved,-259,XNA,XAP,Unaccompanied,Repeater,Mobile,POS,XNA,Country-wide,51,Connectivity,12.0,middle,POS mobile with interest,365243.0,-229.0,101.0,-169.0,-164.0,1.0
1465714,322095,Consumer loans,11143.89,111451.5,100305.0,11146.5,111451.5,WEDNESDAY,14,Y,1,0.10892228294981958,,,XAP,Approved,-2833,XNA,XAP,Unaccompanied,New,Consumer Electronics,POS,XNA,Country-wide,2441,Consumer electronics,10.0,low_normal,POS household without interest,365243.0,-2802.0,-2532.0,-2532.0,-2528.0,0.0
1061661,270435,Consumer loans,7675.875,184275.0,164718.0,19557.0,184275.0,SATURDAY,21,Y,1,0.11558459318459315,,,XAP,Refused,-2823,XNA,SCO,"Spouse, partner",Repeater,XNA,POS,XNA,Country-wide,2441,Consumer electronics,24.0,low_action,POS household without interest,,,,,,
1132250,141048,Cash loans,16978.905,180000.0,197820.0,,180000.0,WEDNESDAY,17,Y,1,,,,XNA,Approved,-391,Cash through the bank,XAP,,Repeater,XNA,Cash,x-sell,Regional / Local,5,Consumer electronics,18.0,high,Cash X-Sell: high,365243.0,-361.0,149.0,-211.0,-205.0,1.0
2592692,414028,Consumer loans,9567.18,102681.0,81981.0,20700.0,102681.0,WEDNESDAY,10,Y,1,0.21955553430704616,,,XAP,Approved,-2613,XNA,XAP,,Repeater,Mobile,POS,XNA,Stone,48,Connectivity,12.0,high,POS mobile with interest,365243.0,-2577.0,-2247.0,-2547.0,-2539.0,0.0
1564817,328287,Consumer loans,6040.62,145008.0,129627.0,15381.0,145008.0,SATURDAY,13,Y,1,0.1155198835424754,,,XAP,Approved,-2676,Cash through the bank,XAP,Unaccompanied,New,Computers,POS,XNA,Country-wide,-1,Consumer electronics,24.0,low_action,POS household without interest,365243.0,-2645.0,-1955.0,-1955.0,-1947.0,0.0
2812618,285412,Consumer loans,4814.505,48150.0,43335.0,4815.0,48150.0,WEDNESDAY,15,Y,1,0.1089090909090909,,,XAP,Approved,-2912,XNA,XAP,,Repeater,Furniture,POS,XNA,Stone,381,Furniture,10.0,low_normal,POS industry with interest,365243.0,-2876.0,-2606.0,-2636.0,-2628.0,0.0
1771414,406648,Consumer loans,,20650.5,20650.5,0.0,20650.5,WEDNESDAY,16,Y,1,0.0,,,XAP,Unused offer,-576,Cash through the bank,CLIENT,,Refreshed,Mobile,XNA,XNA,Country-wide,1000,Connectivity,,XNA,POS mobile with interest,,,,,,
1920429,151627,Consumer loans,6041.43,48951.0,53203.5,4896.0,48951.0,SUNDAY,14,Y,1,0.09177684990247924,,,XAP,Approved,-1949,Cash through the bank,XAP,Group of people,Repeater,Consumer Electronics,POS,XNA,Country-wide,2200,Consumer electronics,10.0,low_normal,POS household without interest,,,,,,
2225526,425353,Consumer loans,5655.195,101137.5,122499.0,0.0,101137.5,THURSDAY,18,Y,1,0.0,,,XAP,Approved,-1135,Cash through the bank,XAP,Unaccompanied,Refreshed,Computers,POS,XNA,Country-wide,2200,Consumer electronics,24.0,low_action,POS household without interest,365243.0,-1104.0,-414.0,-654.0,-649.0,0.0
2369091,193212,Revolving loans,2250.0,45000.0,45000.0,,45000.0,SUNDAY,7,Y,1,,,,XAP,Approved,-171,XNA,XAP,Family,New,XNA,Cards,walk-in,Country-wide,1291,Consumer electronics,0.0,XNA,Card Street,-161.0,-123.0,365243.0,365243.0,365243.0,0.0
1373679,229514,Consumer loans,9067.5,91570.5,100638.0,0.0,91570.5,SATURDAY,14,Y,1,0.0,,,XAP,Approved,-1266,Cash through the bank,XAP,Family,New,Consumer Electronics,POS,XNA,Country-wide,1291,Consumer electronics,12.0,low_action,POS household without interest,365243.0,-1235.0,-905.0,-905.0,-901.0,0.0
1879926,139705,Consumer loans,6656.31,80995.5,35995.5,45000.0,80995.5,SATURDAY,15,Y,1,0.6050841208349956,,,XAP,Approved,-680,Cash through the bank,XAP,,Repeater,Photo / Cinema Equipment,POS,XNA,Country-wide,1291,Consumer electronics,6.0,middle,POS household with interest,365243.0,-649.0,-499.0,-649.0,-644.0,0.0
1423254,161747,Consumer loans,4857.66,42291.0,36036.0,9000.0,42291.0,FRIDAY,12,Y,1,0.21764406656492985,,,XAP,Approved,-2174,Cash through the bank,XAP,Family,New,Mobile,POS,XNA,Country-wide,1291,Consumer electronics,10.0,high,POS household with interest,365243.0,-2143.0,-1873.0,-1873.0,-1871.0,0.0
2646643,130155,Consumer loans,4058.595,75118.5,89991.0,0.0,75118.5,SUNDAY,8,Y,1,0.0,,,XAP,Approved,-1557,Cash through the bank,XAP,Family,New,Photo / Cinema Equipment,POS,XNA,Country-wide,1142,Consumer electronics,24.0,low_action,POS household without interest,365243.0,-1525.0,-835.0,-835.0,-829.0,0.0
1649615,429564,Consumer loans,6816.06,35955.0,33961.5,3595.5,35955.0,SUNDAY,11,Y,1,0.10426355575888284,,,XAP,Refused,-2839,Cash through the bank,SCO,Unaccompanied,Repeater,XNA,POS,XNA,Country-wide,40,Connectivity,6.0,low_normal,POS mobile with interest,,,,,,
1032852,103687,Cash loans,13224.6,103500.0,110331.0,,103500.0,TUESDAY,19,Y,1,,,,XNA,Approved,-209,Cash through the bank,XAP,Unaccompanied,Repeater,XNA,Cash,x-sell,Credit and cash offices,-1,XNA,12.0,high,Cash X-Sell: high,365243.0,-179.0,151.0,-179.0,-176.0,1.0
1082360,453539,Cash loans,13648.725,157500.0,157500.0,0.0,157500.0,SATURDAY,12,Y,1,0.0,,,XNA,Approved,-1727,Cash through the bank,XAP,Unaccompanied,Repeater,XNA,Cash,x-sell,Credit and cash offices,-1,XNA,18.0,high,Cash X-Sell: high,365243.0,-1697.0,-1187.0,-1187.0,-1180.0,0.0
2055135,354837,Revolving loans,,0.0,0.0,,,TUESDAY,15,Y,1,,,,XAP,Canceled,-190,XNA,XAP,,Repeater,XNA,XNA,XNA,Credit and cash offices,-1,XNA,,XNA,Card Street,,,,,,
2670402,100077,Cash loans,,0.0,0.0,,,WEDNESDAY,14,Y,1,,,,XNA,Refused,-217,XNA,HC,,Repeater,XNA,XNA,XNA,Credit and cash offices,-1,XNA,,XNA,Cash,,,,,,
1498077,186977,Cash loans,,0.0,0.0,,,MONDAY,11,Y,1,,,,XNA,Canceled,-212,XNA,XAP,,Repeater,XNA,XNA,XNA,Credit and cash offices,-1,XNA,,XNA,Cash,,,,,,
2184276,138109,Cash loans,,0.0,0.0,,,MONDAY,11,Y,1,,,,XNA,Canceled,-230,XNA,XAP,,Repeater,XNA,XNA,XNA,Credit and cash offices,-1,XNA,,XNA,Cash,,,,,,
1779090,140997,Cash loans,5491.44,112500.0,142200.0,,112500.0,SATURDAY,20,Y,1,,,,XNA,Refused,-114,Cash through the bank,HC,Unaccompanied,Repeater,XNA,Cash,x-sell,Credit and cash offices,-1,XNA,48.0,middle,Cash X-Sell: middle,,,,,,
2666226,226033,Cash loans,46865.43,1192500.0,1296391.5,,1192500.0,SATURDAY,11,Y,1,,,,XNA,Approved,-186,Cash through the bank,XAP,Unaccompanied,Repeater,XNA,Cash,x-sell,Credit and cash offices,-1,XNA,36.0,low_action,Cash X-Sell: low,365243.0,-156.0,894.0,365243.0,365243.0,1.0
2715779,294869,Consumer loans,11766.825,108711.0,105912.0,10872.0,108711.0,SATURDAY,8,Y,1,0.10138885775137316,,,XAP,Approved,-2649,Cash through the bank,XAP,"Spouse, partner",New,Other,POS,XNA,Regional / Local,11,Furniture,10.0,low_normal,POS industry with interest,365243.0,-2618.0,-2348.0,-2348.0,-2340.0,1.0
2240136,308830,Consumer loans,2717.55,22639.5,20371.5,2268.0,22639.5,SUNDAY,12,Y,1,0.1091039193364774,,,XAP,Approved,-2864,Cash through the bank,XAP,,Repeater,Mobile,POS,XNA,Regional / Local,12,Connectivity,10.0,high,POS mobile with interest,365243.0,-2830.0,-2560.0,-2560.0,-2556.0,0.0
2526610,152778,Consumer loans,3552.57,29592.0,26631.0,2961.0,29592.0,MONDAY,17,Y,1,0.10897533731475338,,,XAP,Approved,-2920,Cash through the bank,XAP,,Repeater,Mobile,POS,XNA,Regional / Local,12,Connectivity,10.0,high,POS mobile with interest,365243.0,-2886.0,-2616.0,-2616.0,-2585.0,0.0
2598633,377767,Consumer loans,17923.725,166950.0,161329.5,16695.0,166950.0,WEDNESDAY,19,Y,1,0.10213410360524944,,,XAP,Approved,-2142,Cash through the bank,XAP,Unaccompanied,Repeater,Construction Materials,POS,XNA,Stone,21,Construction,10.0,low_normal,POS industry with interest,365243.0,-2104.0,-1834.0,-1864.0,-1858.0,0.0
1053377,349561,Consumer loans,5955.66,38205.0,33705.0,4500.0,38205.0,MONDAY,12,Y,1,0.1282792590213085,,,XAP,Approved,-2913,XNA,XAP,,New,Mobile,POS,XNA,Stone,60,Connectivity,7.0,low_normal,POS mobile with interest,365243.0,-2879.0,-2699.0,-2699.0,-2697.0,0.0
1011383,255277,Consumer loans,16235.91,142947.0,142947.0,0.0,142947.0,THURSDAY,12,Y,1,0.0,,,XAP,Refused,-209,Cash through the bank,HC,,Repeater,Mobile,POS,XNA,Country-wide,40,Connectivity,10.0,low_normal,POS mobile without interest,,,,,,
1285710,262429,Consumer loans,5211.18,42705.0,38205.0,4500.0,42705.0,TUESDAY,16,Y,1,0.11476195037838866,,,XAP,Approved,-1677,Non-cash from your account,XAP,Family,Repeater,Mobile,POS,XNA,Regional / Local,50,Connectivity,10.0,high,POS mobile with interest,365243.0,-1643.0,-1373.0,-1523.0,-1518.0,0.0
1245748,114912,Consumer loans,4138.515,34627.5,30330.0,6750.0,34627.5,SATURDAY,16,Y,1,0.19825684024713155,,,XAP,Approved,-1140,Cash through the bank,XAP,Unaccompanied,Repeater,Computers,POS,XNA,Stone,10,Connectivity,10.0,high,POS mobile with interest,,,,,,
1035362,159530,Consumer loans,16174.08,87660.0,78660.0,9000.0,87660.0,SATURDAY,19,Y,1,0.11181631510173602,,,XAP,Approved,-604,Cash through the bank,XAP,,Repeater,Mobile,POS,XNA,Country-wide,68,Connectivity,6.0,high,POS mobile with interest,365243.0,-478.0,-328.0,-418.0,-407.0,0.0
2481582,280751,Consumer loans,7946.19,79470.0,71523.0,7947.0,79470.0,FRIDAY,11,Y,1,0.1089090909090909,,,XAP,Approved,-2561,Cash through the bank,XAP,,New,Furniture,POS,XNA,Stone,150,Furniture,10.0,low_normal,POS industry without interest,365243.0,-2527.0,-2257.0,-2257.0,-2251.0,0.0
2704679,177029,Cash loans,6543.0,90000.0,90000.0,0.0,90000.0,THURSDAY,13,Y,1,0.0,,,XNA,Approved,-2798,XNA,XAP,,Repeater,XNA,Cash,x-sell,Country-wide,-1,Consumer electronics,20.0,middle,Cash Street: middle,365243.0,-2768.0,-2198.0,-2198.0,-2046.0,0.0
2141964,396622,Consumer loans,3887.145,17955.0,18904.5,0.0,17955.0,TUESDAY,15,Y,1,0.0,,,XAP,Approved,-444,Cash through the bank,XAP,,Refreshed,Mobile,POS,XNA,Country-wide,30,Connectivity,6.0,high,POS mobile with interest,365243.0,-413.0,-263.0,-413.0,-404.0,0.0
2360644,299809,Consumer loans,7005.69,46071.0,44172.0,4635.0,46071.0,WEDNESDAY,12,Y,1,0.10342648316094752,,,XAP,Approved,-2728,Cash through the bank,XAP,Unaccompanied,Repeater,Mobile,POS,XNA,Country-wide,40,Connectivity,8.0,low_normal,POS mobile with interest,365243.0,-2697.0,-2487.0,-2487.0,-2479.0,1.0
1923756,198658,Consumer loans,13215.105,106941.15,116350.65,0.0,106941.15,SUNDAY,17,Y,1,0.0,,,XAP,Approved,-343,Cash through the bank,XAP,,Repeater,Mobile,POS,XNA,Country-wide,50,Connectivity,10.0,low_normal,POS mobile without interest,365243.0,-308.0,-38.0,-38.0,-35.0,0.0
2442123,386164,Consumer loans,4489.155,37507.5,40810.5,0.0,37507.5,SATURDAY,14,Y,1,0.0,,,XAP,Refused,-621,XNA,LIMIT,,Repeater,Computers,POS,XNA,Stone,132,Consumer electronics,10.0,low_normal,POS household with interest,,,,,,
2237534,295447,Cash loans,,0.0,0.0,,,TUESDAY,15,Y,1,,,,XNA,Canceled,-151,XNA,XAP,,Repeater,XNA,XNA,XNA,Credit and cash offices,-1,XNA,,XNA,Cash,,,,,,
2380424,248125,Cash loans,,0.0,0.0,,,TUESDAY,12,Y,1,,,,XNA,Canceled,-294,XNA,XAP,,Repeater,XNA,XNA,XNA,Credit and cash offices,-1,XNA,,XNA,Cash,,,,,,
2129747,248125,Cash loans,,0.0,0.0,,,WEDNESDAY,15,Y,1,,,,XNA,Refused,-230,XNA,HC,,Repeater,XNA,XNA,XNA,Credit and cash offices,-1,XNA,,XNA,Cash,,,,,,
1841236,265585,Cash loans,9653.805,225000.0,299250.0,,225000.0,FRIDAY,12,Y,1,,,,XNA,Refused,-619,Cash through the bank,LIMIT,,Repeater,XNA,Cash,walk-in,Credit and cash offices,-1,XNA,60.0,low_normal,Cash Street: low,,,,,,
1760904,271204,Consumer loans,27566.685,267750.0,288954.0,0.0,267750.0,TUESDAY,6,Y,1,0.0,,,XAP,Approved,-24,XNA,XAP,Family,Repeater,Furniture,POS,XNA,Stone,110,Furniture,12.0,low_normal,POS industry with interest,365243.0,365243.0,337.0,365243.0,365243.0,0.0
1948548,172892,Consumer loans,3427.65,26725.5,29371.5,0.0,26725.5,SATURDAY,12,Y,1,0.0,,,XAP,Approved,-2620,Cash through the bank,XAP,"Spouse, partner",New,Mobile,POS,XNA,Country-wide,37,Connectivity,12.0,high,POS mobile with interest,365243.0,-2589.0,-2259.0,-2289.0,-2283.0,1.0
2763240,424542,Consumer loans,5498.91,44901.0,45211.5,4491.0,44901.0,MONDAY,17,Y,1,0.09840767109757602,,,XAP,Approved,-229,Cash through the bank,XAP,Unaccompanied,New,Mobile,POS,XNA,Country-wide,20,Connectivity,12.0,high,POS mobile with interest,365243.0,-198.0,132.0,365243.0,365243.0,0.0
1820882,272211,Consumer loans,2956.005,27400.5,24660.0,2740.5,27400.5,WEDNESDAY,16,Y,1,0.10892697711222922,,,XAP,Approved,-1133,XNA,XAP,,New,Mobile,POS,XNA,Country-wide,20,Connectivity,12.0,high,POS mobile with interest,365243.0,-1081.0,-751.0,-751.0,-744.0,0.0
1810754,231326,Consumer loans,9535.455,90769.5,100957.5,9081.0,90769.5,SUNDAY,10,Y,1,0.08987794767699069,,,XAP,Approved,-934,Cash through the bank,XAP,Unaccompanied,Repeater,Audio/Video,POS,XNA,Country-wide,50,Consumer electronics,12.0,low_normal,POS household with interest,365243.0,-903.0,-573.0,-693.0,-682.0,0.0
2682789,208343,Consumer loans,6745.68,72270.0,72270.0,0.0,72270.0,FRIDAY,8,Y,1,0.0,,,XAP,Approved,-455,Cash through the bank,XAP,,Repeater,Computers,POS,XNA,Stone,100,Consumer electronics,12.0,low_normal,POS household with interest,365243.0,-392.0,-62.0,-92.0,-89.0,0.0
1812620,191172,Consumer loans,,120420.0,120420.0,0.0,120420.0,TUESDAY,19,Y,1,0.0,,,XAP,Unused offer,-683,Cash through the bank,CLIENT,,Repeater,Mobile,XNA,XNA,Country-wide,35,Connectivity,,XNA,POS mobile with interest,,,,,,
2224286,243380,Consumer loans,2895.57,27306.0,24156.0,3150.0,27306.0,THURSDAY,16,Y,1,0.12563672319769878,,,XAP,Approved,-794,Cash through the bank,XAP,,Repeater,Mobile,POS,XNA,Country-wide,26,Connectivity,12.0,high,POS mobile with interest,365243.0,-755.0,-425.0,-425.0,-420.0,0.0
1294017,170644,Cash loans,67322.115,337500.0,345298.5,,337500.0,TUESDAY,12,Y,1,,,,XNA,Approved,-337,Cash through the bank,XAP,,Refreshed,XNA,Cash,x-sell,Credit and cash offices,-1,XNA,6.0,high,Cash X-Sell: high,365243.0,-307.0,-157.0,-307.0,-304.0,1.0
2835950,239040,Cash loans,77580.27,945000.0,1114659.0,,945000.0,SATURDAY,11,Y,1,,,,XNA,Approved,-1114,Cash through the bank,XAP,Unaccompanied,Repeater,XNA,Cash,x-sell,Credit and cash offices,-1,XNA,18.0,low_normal,Cash X-Sell: low,365243.0,-1084.0,-574.0,-994.0,-987.0,1.0
2394449,122784,Cash loans,20852.865,247500.0,267592.5,,247500.0,SATURDAY,19,Y,1,,,,XNA,Approved,-1407,Cash through the bank,XAP,Unaccompanied,Repeater,XNA,Cash,x-sell,Credit and cash offices,-1,XNA,18.0,middle,Cash X-Sell: middle,365243.0,-1377.0,-867.0,-867.0,-853.0,1.0
1453842,216066,Cash loans,,0.0,0.0,,,SATURDAY,11,Y,1,,,,XNA,Canceled,-4,XNA,XAP,,Repeater,XNA,XNA,XNA,Credit and cash offices,-1,XNA,,XNA,Cash,,,,,,
1048145,117326,Cash loans,,0.0,0.0,,,SATURDAY,11,Y,1,,,,XNA,Canceled,-576,XNA,XAP,,Repeater,XNA,XNA,XNA,Credit and cash offices,-1,XNA,,XNA,Cash,,,,,,
2614327,252060,Revolving loans,15750.0,315000.0,315000.0,,315000.0,THURSDAY,13,Y,1,,,,XAP,Refused,-247,XNA,HC,Unaccompanied,Refreshed,XNA,Cards,x-sell,Credit and cash offices,-1,XNA,0.0,XNA,Card X-Sell,,,,,,
2368881,347210,Cash loans,24472.17,585000.0,677664.0,,585000.0,WEDNESDAY,12,Y,1,,,,XNA,Approved,-1020,Cash through the bank,XAP,Unaccompanied,Repeater,XNA,Cash,x-sell,Credit and cash offices,-1,XNA,48.0,low_normal,Cash X-Sell: low,365243.0,-990.0,420.0,-780.0,-770.0,1.0
2215288,416272,Cash loans,9166.5,112500.0,112500.0,0.0,112500.0,WEDNESDAY,19,Y,1,0.0,,,XNA,Refused,-2631,Cash through the bank,SCO,Family,Repeater,XNA,Cash,x-sell,Credit and cash offices,-1,XNA,18.0,high,Cash Street: high,,,,,,
2694209,394574,Cash loans,41427.0,675000.0,675000.0,,675000.0,TUESDAY,10,Y,1,,,,XNA,Approved,-39,XNA,XAP,Unaccompanied,Repeater,XNA,Cash,x-sell,Contact center,-1,XNA,24.0,middle,Cash X-Sell: middle,365243.0,-38.0,681.0,-38.0,-34.0,0.0
2673016,302483,Cash loans,25464.69,315000.0,340573.5,,315000.0,SATURDAY,11,Y,1,,,,XNA,Approved,-376,Cash through the bank,XAP,,Refreshed,XNA,Cash,x-sell,Credit and cash offices,-1,XNA,18.0,middle,Cash X-Sell: middle,365243.0,-346.0,164.0,365243.0,365243.0,1.0
2707952,315596,Revolving loans,33750.0,675000.0,675000.0,,675000.0,SATURDAY,13,Y,1,,,,XAP,Approved,-188,XNA,XAP,Unaccompanied,Repeater,XNA,Cards,x-sell,Credit and cash offices,-1,XNA,0.0,XNA,Card X-Sell,365243.0,365243.0,365243.0,365243.0,365243.0,0.0
1530302,263186,Cash loans,,0.0,0.0,,,MONDAY,10,Y,1,,,,XNA,Canceled,-266,XNA,XAP,,Repeater,XNA,XNA,XNA,Credit and cash offices,-1,XNA,,XNA,Cash,,,,,,
2296153,452299,Consumer loans,,92196.0,92196.0,0.0,92196.0,THURSDAY,15,Y,1,0.0,,,XAP,Unused offer,-449,Cash through the bank,CLIENT,,Repeater,Computers,XNA,XNA,Country-wide,27,Connectivity,,XNA,POS mobile with interest,,,,,,
2779256,109724,Consumer loans,,86782.5,86782.5,0.0,86782.5,THURSDAY,14,Y,1,0.0,,,XAP,Unused offer,-120,Cash through the bank,CLIENT,,Repeater,Mobile,XNA,XNA,Country-wide,27,Connectivity,,XNA,POS mobile with interest,,,,,,
1233869,386706,Consumer loans,8324.82,102532.5,82026.0,20506.5,102532.5,TUESDAY,14,Y,1,0.2178181818181818,,,XAP,Approved,-295,Cash through the bank,XAP,Unaccompanied,Repeater,Mobile,POS,XNA,Country-wide,100,Connectivity,12.0,middle,POS mobile with interest,365243.0,-264.0,66.0,-174.0,-171.0,0.0
1033974,386420,Consumer loans,14873.58,103455.0,107662.5,4500.0,103455.0,SUNDAY,16,Y,1,0.043694720525212005,,,XAP,Approved,-484,Cash through the bank,XAP,,Repeater,Audio/Video,POS,XNA,Country-wide,100,Consumer electronics,10.0,high,POS household with interest,365243.0,-453.0,-183.0,-243.0,-239.0,0.0
2531923,290498,Consumer loans,,53937.45,53937.45,0.0,53937.45,WEDNESDAY,14,Y,1,0.0,,,XAP,Refused,-2063,Cash through the bank,LIMIT,Children,Repeater,Computers,XNA,XNA,Country-wide,3000,Consumer electronics,,XNA,POS household with interest,,,,,,
1848265,350476,Consumer loans,,257175.0,257175.0,,257175.0,WEDNESDAY,8,Y,1,,,,XAP,Unused offer,-1417,Cash through the bank,CLIENT,Unaccompanied,Refreshed,Computers,XNA,XNA,Country-wide,3000,Consumer electronics,,XNA,POS household with interest,,,,,,
1537021,324856,Consumer loans,15116.85,85495.5,80752.5,8550.0,85495.5,THURSDAY,15,Y,1,0.10427174236698042,,,XAP,Approved,-2211,Cash through the bank,XAP,"Spouse, partner",Repeater,Audio/Video,POS,XNA,Country-wide,3000,Consumer electronics,6.0,middle,POS household with interest,365243.0,-2180.0,-2030.0,-2030.0,-2026.0,0.0
1537016,290899,Consumer loans,15118.38,288198.0,332325.0,0.0,288198.0,SATURDAY,14,Y,1,0.0,,,XAP,Approved,-1235,Cash through the bank,XAP,Unaccompanied,Refreshed,Computers,POS,XNA,Country-wide,3000,Consumer electronics,24.0,low_action,POS household without interest,365243.0,-1203.0,-513.0,-513.0,-506.0,0.0
2226855,399384,Revolving loans,12375.0,247500.0,247500.0,,247500.0,FRIDAY,17,Y,1,,,,XAP,Approved,-40,XNA,XAP,Unaccompanied,Repeater,XNA,Cards,x-sell,Country-wide,3000,Consumer electronics,0.0,XNA,Card X-Sell,-16.0,365243.0,365243.0,365243.0,365243.0,0.0
2527400,364837,Consumer loans,6358.05,64876.5,56466.0,12978.0,64876.5,THURSDAY,17,Y,1,0.2035340968000376,,,XAP,Approved,-1226,Cash through the bank,XAP,Family,Refreshed,Consumer Electronics,POS,XNA,Country-wide,3000,Consumer electronics,10.0,low_normal,POS household with interest,365243.0,-1194.0,-924.0,-924.0,-921.0,0.0
1541826,292564,Cash loans,11061.0,90000.0,90000.0,,90000.0,SATURDAY,8,Y,1,,,,XNA,Refused,-2919,XNA,SCO,,Repeater,XNA,Cash,x-sell,Country-wide,-1,Consumer electronics,10.0,middle,Cash Street: middle,,,,,,
1999290,326824,Cash loans,7941.69,67500.0,71955.0,0.0,67500.0,WEDNESDAY,10,Y,1,0.0,,,XNA,Approved,-2030,XNA,XAP,,Repeater,XNA,Cash,x-sell,Country-wide,-1,Consumer electronics,12.0,high,Cash Street: high,365243.0,-2000.0,-1670.0,-1670.0,-1655.0,1.0
2241100,316619,Consumer loans,12024.945,88380.0,100291.5,9000.0,88380.0,FRIDAY,15,Y,1,0.08968509153793458,,,XAP,Approved,-1322,Cash through the bank,XAP,,New,Mobile,POS,XNA,Country-wide,15,Connectivity,12.0,high,POS mobile with interest,365243.0,-1280.0,-950.0,-950.0,-942.0,0.0
2145553,388411,Cash loans,9950.13,135000.0,152820.0,,135000.0,MONDAY,15,Y,1,,,,Urgent needs,Refused,-240,Cash through the bank,LIMIT,Unaccompanied,Repeater,XNA,Cash,walk-in,AP+ (Cash loan),25,XNA,24.0,middle,Cash Street: middle,,,,,,
1537143,411319,Consumer loans,5243.355,56655.0,26401.5,31500.0,56655.0,TUESDAY,11,Y,1,0.5924952485922407,,,XAP,Approved,-2517,Cash through the bank,XAP,Unaccompanied,Repeater,Consumer Electronics,POS,XNA,Country-wide,200,Consumer electronics,6.0,high,POS household with interest,365243.0,-2486.0,-2336.0,-2396.0,-2372.0,1.0
2416811,226824,Consumer loans,7163.91,62955.0,61335.0,6295.5,62955.0,SUNDAY,9,Y,1,0.10137987769100944,,,XAP,Approved,-2524,Cash through the bank,XAP,Family,New,Consumer Electronics,POS,XNA,Country-wide,200,Consumer electronics,10.0,middle,POS household with interest,365243.0,-2493.0,-2223.0,-2253.0,-2251.0,1.0
2165777,205131,Consumer loans,5951.745,37305.0,29655.0,7650.0,37305.0,WEDNESDAY,18,Y,1,0.22333589209343127,,,XAP,Approved,-2436,Cash through the bank,XAP,Family,New,Mobile,POS,XNA,Country-wide,31,Connectivity,6.0,high,POS mobile with interest,365243.0,-2404.0,-2254.0,-2254.0,-2250.0,0.0
2186428,150278,Cash loans,15450.48,67500.0,78313.5,,67500.0,THURSDAY,12,Y,1,,,,XNA,Approved,-418,Cash through the bank,XAP,,Refreshed,XNA,Cash,x-sell,AP+ (Cash loan),2,XNA,6.0,high,Cash X-Sell: high,365243.0,-388.0,-238.0,-298.0,-289.0,1.0
2659097,167987,Consumer loans,55377.855,207900.0,207900.0,0.0,207900.0,TUESDAY,15,Y,1,0.0,,,XAP,Approved,-168,Cash through the bank,XAP,Unaccompanied,Repeater,Furniture,POS,XNA,Stone,50,Construction,4.0,low_normal,POS industry with interest,365243.0,-137.0,-47.0,-47.0,-44.0,0.0
1196093,193300,Consumer loans,6645.96,40000.5,36000.0,4000.5,40000.5,MONDAY,14,Y,1,0.10892134302866664,,,XAP,Refused,-607,Cash through the bank,LIMIT,Family,Repeater,Clothing and Accessories,POS,XNA,Stone,50,Furniture,6.0,middle,POS industry with interest,,,,,,
1641566,276044,Consumer loans,1995.075,17955.9,16339.5,1616.4,17955.9,SATURDAY,15,Y,1,0.09804056301575224,,,XAP,Approved,-2837,Non-cash from your account,XAP,Family,New,Consumer Electronics,POS,XNA,Stone,267,Consumer electronics,9.0,low_normal,POS household without interest,365243.0,-2794.0,-2554.0,-2554.0,-2549.0,0.0
1923124,174239,Consumer loans,16952.445,258579.0,258579.0,0.0,258579.0,THURSDAY,13,Y,1,0.0,,,XAP,Approved,-644,Cash through the bank,XAP,,Repeater,Construction Materials,POS,XNA,Stone,60,Construction,18.0,low_normal,POS industry with interest,365243.0,-613.0,-103.0,-103.0,-95.0,0.0
1666996,315411,Consumer loans,24275.7,342000.0,342000.0,0.0,342000.0,WEDNESDAY,14,Y,1,0.0,,,XAP,Approved,-1022,Cash through the bank,XAP,Other_B,New,Clothing and Accessories,POS,XNA,Stone,6,Clothing,18.0,middle,POS industry with interest,365243.0,-991.0,-481.0,-511.0,-507.0,0.0
1381248,275821,Consumer loans,2676.825,22180.5,21951.0,2205.0,22180.5,THURSDAY,7,Y,1,0.09941403603847722,,,XAP,Approved,-1428,Cash through the bank,XAP,"Spouse, partner",New,Mobile,POS,XNA,Country-wide,21,Connectivity,12.0,high,POS mobile with interest,365243.0,-1396.0,-1066.0,-1066.0,-1061.0,0.0
2314526,227877,Cash loans,18365.58,225000.0,269550.0,,225000.0,MONDAY,9,Y,1,,,,Other,Refused,-434,Cash through the bank,HC,,Refreshed,XNA,Cash,walk-in,Country-wide,21,Connectivity,36.0,high,Cash Street: high,,,,,,
1780349,155690,Consumer loans,9555.3,78750.0,85680.0,0.0,78750.0,SATURDAY,16,Y,1,0.0,,,XAP,Approved,-203,Cash through the bank,XAP,,Repeater,Consumer Electronics,POS,XNA,Stone,150,Consumer electronics,10.0,low_normal,POS household with interest,365243.0,-171.0,99.0,365243.0,365243.0,0.0
1326783,449091,Consumer loans,55341.36,546534.0,546534.0,0.0,546534.0,SUNDAY,12,Y,1,0.0,,,XAP,Approved,-151,Cash through the bank,XAP,Unaccompanied,Refreshed,Clothing and Accessories,POS,XNA,Country-wide,367,Clothing,12.0,middle,POS industry with interest,365243.0,-118.0,212.0,365243.0,365243.0,0.0
2409919,298116,Consumer loans,9291.15,82215.0,84465.0,0.0,82215.0,MONDAY,13,Y,1,0.0,,,XAP,Approved,-597,Cash through the bank,XAP,,Repeater,Furniture,POS,XNA,Stone,100,Furniture,10.0,low_normal,POS industry with interest,365243.0,-559.0,-289.0,-379.0,-374.0,0.0
1128273,145859,Consumer loans,7387.785,72814.14,36810.0,36004.14,72814.14,SATURDAY,15,Y,1,0.5385187762107245,,,XAP,Approved,-2767,Cash through the bank,XAP,"Spouse, partner",New,Consumer Electronics,POS,XNA,Country-wide,3000,Consumer electronics,6.0,low_normal,POS household with interest,365243.0,-2735.0,-2585.0,-2615.0,-2605.0,0.0
1305698,307563,Consumer loans,5028.165,34506.0,27603.0,6903.0,34506.0,FRIDAY,11,Y,1,0.2178749940721771,,,XAP,Approved,-662,Cash through the bank,XAP,,New,Mobile,POS,XNA,Country-wide,50,Connectivity,6.0,middle,POS mobile without interest,365243.0,-592.0,-442.0,-532.0,-527.0,0.0
1470240,320181,Cash loans,39989.25,1125000.0,1125000.0,,1125000.0,MONDAY,14,Y,1,,,,XNA,Approved,-332,Cash through the bank,XAP,Unaccompanied,Refreshed,XNA,Cash,x-sell,Credit and cash offices,-1,XNA,60.0,middle,Cash X-Sell: middle,365243.0,-302.0,1468.0,-92.0,-88.0,0.0
2249491,233494,Cash loans,17713.125,135000.0,163255.5,,135000.0,FRIDAY,12,Y,1,,,,XNA,Approved,-662,Cash through the bank,XAP,Unaccompanied,Repeater,XNA,Cash,x-sell,Credit and cash offices,-1,XNA,12.0,middle,Cash X-Sell: middle,365243.0,-628.0,-298.0,-598.0,-590.0,0.0
1353822,341936,Cash loans,18074.925,247500.0,247500.0,0.0,247500.0,WEDNESDAY,9,Y,1,0.0,,,Repairs,Refused,-1963,XNA,HC,Family,Repeater,XNA,Cash,walk-in,Credit and cash offices,-1,XNA,18.0,middle,Cash Street: middle,,,,,,
1910699,192880,Revolving loans,22500.0,0.0,450000.0,,,SUNDAY,10,Y,1,,,,XAP,Approved,-863,XNA,XAP,,Repeater,XNA,Cards,x-sell,Credit and cash offices,-1,XNA,0.0,XNA,Card X-Sell,-862.0,-816.0,365243.0,365243.0,365243.0,0.0
1036054,299561,Revolving loans,45000.0,0.0,900000.0,,,MONDAY,9,Y,1,,,,XAP,Approved,-376,XNA,XAP,,Repeater,XNA,Cards,x-sell,Credit and cash offices,-1,XNA,0.0,XNA,Card X-Sell,-373.0,-338.0,365243.0,365243.0,365243.0,0.0
1353551,219262,Cash loans,7606.125,112500.0,112500.0,0.0,112500.0,WEDNESDAY,11,Y,1,0.0,,,XNA,Refused,-2241,Cash through the bank,LIMIT,Unaccompanied,Repeater,XNA,Cash,x-sell,Credit and cash offices,-1,XNA,24.0,high,Cash Street: high,,,,,,
2749182,110896,Cash loans,13794.75,135000.0,143910.0,,135000.0,TUESDAY,8,Y,1,,,,XNA,Approved,-1101,Cash through the bank,XAP,Unaccompanied,Repeater,XNA,Cash,x-sell,Credit and cash offices,-1,XNA,12.0,low_normal,Cash X-Sell: low,365243.0,-1071.0,-741.0,-921.0,-914.0,1.0
2015383,330498,Revolving loans,45000.0,0.0,900000.0,,,TUESDAY,9,Y,1,,,,XAP,Approved,-703,XNA,XAP,,Repeater,XNA,Cards,x-sell,Credit and cash offices,-1,XNA,0.0,XNA,Card X-Sell,-505.0,-472.0,365243.0,-288.0,-209.0,0.0
1791378,454409,Cash loans,,0.0,0.0,,,FRIDAY,10,Y,1,,,,XNA,Refused,-10,XNA,HC,,Repeater,XNA,XNA,XNA,Credit and cash offices,-1,XNA,,XNA,Cash,,,,,,
1418454,111709,Cash loans,24264.99,270000.0,292455.0,0.0,270000.0,WEDNESDAY,14,Y,1,0.0,,,XNA,Approved,-1905,Cash through the bank,XAP,Children,Repeater,XNA,Cash,x-sell,Credit and cash offices,-1,XNA,18.0,high,Cash X-Sell: high,365243.0,-1875.0,-1365.0,-1455.0,-1453.0,1.0
2440002,384090,Consumer loans,3506.49,17055.0,17055.0,0.0,17055.0,MONDAY,11,Y,1,0.0,,,XAP,Approved,-1079,XNA,XAP,,New,Photo / Cinema Equipment,POS,XNA,Country-wide,50,Connectivity,6.0,high,POS mobile with interest,365243.0,-1026.0,-876.0,-906.0,-897.0,0.0
1157922,156401,Consumer loans,14260.995,64039.5,53032.5,12811.5,64039.5,FRIDAY,16,Y,1,0.21190827078880653,,,XAP,Approved,-978,Cash through the bank,XAP,Unaccompanied,Repeater,Mobile,POS,XNA,Country-wide,60,Connectivity,4.0,middle,POS mobile without interest,365243.0,-947.0,-857.0,-857.0,-850.0,0.0
2017442,253512,Consumer loans,2488.59,55179.0,55179.0,0.0,55179.0,FRIDAY,13,Y,1,0.0,,,XAP,Approved,-1540,Cash through the bank,XAP,Unaccompanied,New,Consumer Electronics,POS,XNA,Country-wide,75,Consumer electronics,24.0,low_action,POS household without interest,365243.0,-1509.0,-819.0,-819.0,-810.0,0.0
2510821,200968,Consumer loans,5817.195,126702.0,81702.0,45000.0,126702.0,THURSDAY,9,Y,1,0.38680597708868775,,,XAP,Refused,-2329,Non-cash from your account,LIMIT,Unaccompanied,Repeater,Computers,POS,XNA,Country-wide,1000,Consumer electronics,18.0,middle,POS household with interest,,,,,,
1731192,242572,Consumer loans,4344.075,35532.0,34614.0,3555.0,35532.0,SATURDAY,8,Y,1,0.10143619643737542,,,XAP,Approved,-2629,Non-cash from your account,XAP,Unaccompanied,New,Audio/Video,POS,XNA,Country-wide,1000,Consumer electronics,10.0,high,POS household with interest,365243.0,-2598.0,-2328.0,-2328.0,-2320.0,1.0
1038593,432652,Consumer loans,9869.85,109665.0,87732.0,21933.0,109665.0,FRIDAY,10,Y,1,0.2178181818181818,,,XAP,Refused,-1693,Cash through the bank,SCO,"Spouse, partner",New,Computers,POS,XNA,Stone,176,Consumer electronics,10.0,low_normal,POS household with interest,,,,,,
1336766,348888,Consumer loans,5763.51,56218.5,56218.5,0.0,56218.5,SATURDAY,16,Y,1,0.0,,,XAP,Approved,-732,Cash through the bank,XAP,,Repeater,Furniture,POS,XNA,Stone,170,Furniture,12.0,middle,POS industry with interest,365243.0,-701.0,-371.0,-581.0,-570.0,0.0
1860671,321898,Consumer loans,,24736.5,24736.5,0.0,24736.5,SUNDAY,11,Y,1,0.0,,,XAP,Unused offer,-2372,Cash through the bank,CLIENT,Unaccompanied,Repeater,Mobile,XNA,XNA,Country-wide,19,Connectivity,,XNA,POS mobile with interest,,,,,,
2014590,317529,Cash loans,45414.9,1129500.0,1260702.0,,1129500.0,FRIDAY,17,Y,1,,,,XNA,Approved,-654,Cash through the bank,XAP,,Repeater,XNA,Cash,x-sell,Credit and cash offices,-1,XNA,48.0,low_normal,Cash X-Sell: low,365243.0,-624.0,786.0,365243.0,365243.0,1.0
2551103,417910,Cash loans,,0.0,0.0,,,FRIDAY,18,Y,1,,,,XNA,Canceled,-361,XNA,XAP,,Repeater,XNA,XNA,XNA,Credit and cash offices,-1,XNA,,XNA,Cash,,,,,,
2276138,362601,Cash loans,,0.0,0.0,,,WEDNESDAY,9,Y,1,,,,XNA,Canceled,-241,XNA,XAP,,Repeater,XNA,XNA,XNA,Credit and cash offices,-1,XNA,,XNA,Cash,,,,,,
2426664,393919,Revolving loans,2250.0,45000.0,45000.0,,45000.0,FRIDAY,11,Y,1,,,,XAP,Approved,-171,XNA,XAP,Unaccompanied,New,XNA,Cards,walk-in,Credit and cash offices,-1,XNA,0.0,XNA,Card Street,-168.0,-130.0,365243.0,365243.0,365243.0,0.0
1897812,295826,Consumer loans,3043.035,37692.0,30150.0,7542.0,37692.0,THURSDAY,11,Y,1,0.2179222019623165,,,XAP,Approved,-470,XNA,XAP,,New,Mobile,POS,XNA,Country-wide,40,Connectivity,12.0,middle,POS mobile with interest,365243.0,-436.0,-106.0,-346.0,-341.0,0.0
1752208,140120,Consumer loans,12456.765,109674.0,109674.0,0.0,109674.0,FRIDAY,13,Y,1,0.0,,,XAP,Approved,-188,Cash through the bank,XAP,,Repeater,Mobile,POS,XNA,Country-wide,20,Connectivity,10.0,low_normal,POS mobile without interest,365243.0,-153.0,117.0,365243.0,365243.0,0.0
1593199,161162,Consumer loans,25921.845,259200.0,242941.5,36000.0,259200.0,WEDNESDAY,12,Y,1,0.14055733093595868,,,XAP,Approved,-2308,Cash through the bank,XAP,Family,Repeater,Clothing and Accessories,POS,XNA,Stone,70,Clothing,12.0,middle,POS industry with interest,365243.0,-2277.0,-1947.0,-1947.0,-1933.0,0.0
2776186,188239,Consumer loans,11042.325,164565.0,164565.0,0.0,164565.0,FRIDAY,12,Y,1,0.0,,,XAP,Approved,-371,Cash through the bank,XAP,Unaccompanied,Repeater,Direct Sales,POS,XNA,Country-wide,141,MLM partners,18.0,low_normal,POS other with interest,365243.0,-335.0,175.0,365243.0,365243.0,0.0
2408641,371820,Consumer loans,25757.415,525933.0,571752.0,0.0,525933.0,SATURDAY,15,Y,1,0.0,,,XAP,Approved,-296,Cash through the bank,XAP,,New,Clothing and Accessories,POS,XNA,Regional / Local,100,Clothing,24.0,low_action,POS industry without interest,365243.0,-256.0,434.0,365243.0,365243.0,0.0
2445334,209411,Cash loans,9101.97,229500.0,229500.0,,229500.0,THURSDAY,6,Y,1,,,,XNA,Approved,-195,Cash through the bank,XAP,Unaccompanied,Repeater,XNA,Cash,x-sell,Credit and cash offices,-1,XNA,36.0,low_normal,Cash X-Sell: low,,,,,,
2269525,314558,Cash loans,9878.04,180000.0,221580.0,,180000.0,THURSDAY,6,Y,1,,,,XNA,Approved,-743,XNA,XAP,Unaccompanied,Repeater,XNA,Cash,x-sell,Credit and cash offices,-1,XNA,42.0,middle,Cash X-Sell: middle,365243.0,-713.0,517.0,365243.0,365243.0,1.0
1068455,148137,Revolving loans,,0.0,0.0,,,WEDNESDAY,4,Y,1,,,,XAP,Canceled,-160,XNA,XAP,,Repeater,XNA,XNA,XNA,Credit and cash offices,-1,XNA,,XNA,Card Street,,,,,,
1860501,400776,Cash loans,,0.0,0.0,,,FRIDAY,3,Y,1,,,,XNA,Canceled,-361,XNA,XAP,,Refreshed,XNA,XNA,XNA,Credit and cash offices,-1,XNA,,XNA,Cash,,,,,,
2482991,169278,Cash loans,,0.0,0.0,,,TUESDAY,6,Y,1,,,,XNA,Refused,-496,XNA,HC,,Repeater,XNA,XNA,XNA,Credit and cash offices,-1,XNA,,XNA,Cash,,,,,,
1851247,358327,Cash loans,17354.79,315000.0,383193.0,,315000.0,WEDNESDAY,3,Y,1,,,,XNA,Approved,-729,Cash through the bank,XAP,,Refreshed,XNA,Cash,x-sell,Credit and cash offices,-1,XNA,48.0,middle,Cash X-Sell: middle,,,,,,
1092943,431638,Cash loans,,0.0,0.0,,,THURSDAY,10,Y,1,,,,XNA,Refused,-186,XNA,HC,,Repeater,XNA,XNA,XNA,Credit and cash offices,-1,XNA,,XNA,Cash,,,,,,
2116039,246404,Cash loans,4782.465,90000.0,113760.0,,90000.0,SATURDAY,8,Y,1,,,,XNA,Approved,-1011,XNA,XAP,Unaccompanied,Repeater,XNA,Cash,x-sell,Credit and cash offices,-1,XNA,48.0,middle,Cash X-Sell: middle,365243.0,-981.0,429.0,-771.0,-763.0,1.0
2092356,271933,Cash loans,,0.0,0.0,,,MONDAY,4,Y,1,,,,XNA,Canceled,-253,XNA,XAP,,Repeater,XNA,XNA,XNA,Credit and cash offices,-1,XNA,,XNA,Cash,,,,,,
1644181,432263,Cash loans,24248.34,688500.0,824823.0,,688500.0,SUNDAY,4,Y,1,,,,XNA,Approved,-174,Cash through the bank,XAP,Unaccompanied,Repeater,XNA,Cash,x-sell,Credit and cash offices,-1,XNA,60.0,low_normal,Cash X-Sell: low,365243.0,-143.0,1627.0,365243.0,365243.0,0.0
1413524,409120,Consumer loans,8245.53,66724.29,72596.79,0.0,66724.29,THURSDAY,15,Y,1,0.0,,,XAP,Approved,-166,Cash through the bank,XAP,,Repeater,Mobile,POS,XNA,Country-wide,40,Connectivity,10.0,low_normal,POS mobile without interest,365243.0,-121.0,149.0,365243.0,365243.0,0.0
1540248,132157,Consumer loans,8678.205,47511.0,42561.0,4950.0,47511.0,MONDAY,21,Y,1,0.11346845993559385,,,XAP,Approved,-1533,Cash through the bank,XAP,,New,Mobile,POS,XNA,Country-wide,15,Connectivity,6.0,high,POS mobile with interest,365243.0,-1499.0,-1349.0,-1349.0,-1337.0,0.0
2627967,365314,Consumer loans,21826.215,105300.0,110862.0,0.0,105300.0,SUNDAY,15,Y,1,0.0,,,XAP,Approved,-969,Cash through the bank,XAP,Unaccompanied,Refreshed,Furniture,POS,XNA,Stone,75,Consumer electronics,6.0,high,POS household with interest,365243.0,-938.0,-788.0,-788.0,-779.0,0.0
1490203,446243,Revolving loans,3375.0,0.0,67500.0,,,THURSDAY,9,Y,1,,,,XAP,Approved,-2708,XNA,XAP,,Repeater,XNA,Cards,x-sell,Country-wide,-1,Consumer electronics,0.0,XNA,Card Street,-2707.0,-2647.0,365243.0,365243.0,365243.0,0.0
2081887,173739,Cash loans,,0.0,0.0,,,MONDAY,9,Y,1,,,,XNA,Canceled,-333,XNA,XAP,,Refreshed,XNA,XNA,XNA,Credit and cash offices,-1,XNA,,XNA,Cash,,,,,,
1745310,338194,Cash loans,21569.22,202500.0,215865.0,,202500.0,THURSDAY,18,Y,1,,,,XNA,Approved,-896,Cash through the bank,XAP,Other_B,Repeater,XNA,Cash,x-sell,Credit and cash offices,-1,XNA,12.0,middle,Cash X-Sell: middle,365243.0,-866.0,-536.0,-836.0,-830.0,1.0
2365638,421596,Cash loans,12032.28,315000.0,383193.0,,315000.0,WEDNESDAY,10,Y,1,,,,XNA,Refused,-295,Cash through the bank,HC,Unaccompanied,Repeater,XNA,Cash,x-sell,Credit and cash offices,-1,XNA,48.0,low_normal,Cash X-Sell: low,,,,,,
2503973,240703,Cash loans,26797.59,765000.0,916470.0,,765000.0,SUNDAY,17,Y,1,,,,XNA,Approved,-172,XNA,XAP,Unaccompanied,Repeater,XNA,Cash,x-sell,Contact center,-1,XNA,60.0,low_normal,Cash X-Sell: low,365243.0,-142.0,1628.0,365243.0,365243.0,1.0
1819725,307698,Revolving loans,22500.0,0.0,450000.0,,,FRIDAY,12,Y,1,,,,XAP,Approved,-1328,XNA,XAP,,Repeater,XNA,Cards,x-sell,Credit and cash offices,0,XNA,0.0,XNA,Card X-Sell,-1306.0,-1279.0,365243.0,-426.0,365243.0,0.0
1832019,151814,Cash loans,53174.88,900000.0,952272.0,,900000.0,THURSDAY,10,Y,1,,,,XNA,Refused,-477,Cash through the bank,HC,,Repeater,XNA,Cash,x-sell,Credit and cash offices,0,XNA,24.0,low_normal,Cash X-Sell: low,,,,,,
2012650,248001,Cash loans,,0.0,0.0,,,WEDNESDAY,11,Y,1,,,,XNA,Canceled,-42,XNA,XAP,,Repeater,XNA,XNA,XNA,Credit and cash offices,0,XNA,,XNA,Cash,,,,,,
2305362,120142,Cash loans,9111.06,45000.0,46485.0,0.0,45000.0,FRIDAY,14,Y,1,0.0,,,XNA,Approved,-2324,Cash through the bank,XAP,Family,Repeater,XNA,Cash,walk-in,Credit and cash offices,0,XNA,6.0,high,Cash Street: high,365243.0,-2294.0,-2144.0,-2144.0,-2140.0,1.0
1104089,277616,Cash loans,16410.24,126000.0,152370.0,,126000.0,TUESDAY,12,Y,1,,,,XNA,Approved,-692,Cash through the bank,XAP,Unaccompanied,Repeater,XNA,Cash,x-sell,Credit and cash offices,0,XNA,12.0,middle,Cash X-Sell: middle,365243.0,-662.0,-332.0,-332.0,-330.0,1.0
2179339,340042,Cash loans,14202.36,229500.0,254340.0,,229500.0,WEDNESDAY,17,Y,1,,,,XNA,Approved,-576,Cash through the bank,XAP,,Repeater,XNA,Cash,x-sell,Credit and cash offices,0,XNA,24.0,low_normal,Cash X-Sell: low,365243.0,-543.0,147.0,365243.0,365243.0,0.0
2462586,388751,Cash loans,13201.605,90000.0,110146.5,,90000.0,TUESDAY,12,Y,1,,,,XNA,Approved,-974,Cash through the bank,XAP,Unaccompanied,Refreshed,XNA,Cash,walk-in,Credit and cash offices,0,XNA,12.0,high,Cash Street: high,365243.0,-944.0,-614.0,-614.0,-605.0,1.0
1459669,349754,Cash loans,8476.155,67500.0,76797.0,0.0,67500.0,THURSDAY,12,Y,1,0.0,,,XNA,Approved,-1923,Cash through the bank,XAP,Unaccompanied,Repeater,XNA,Cash,x-sell,Credit and cash offices,0,XNA,12.0,high,Cash X-Sell: high,365243.0,-1893.0,-1563.0,-1563.0,-1556.0,1.0
1485543,236059,Cash loans,11895.885,135000.0,148365.0,,135000.0,FRIDAY,13,Y,1,,,,XNA,Approved,-788,Cash through the bank,XAP,Family,Repeater,XNA,Cash,x-sell,Credit and cash offices,0,XNA,18.0,middle,Cash X-Sell: middle,365243.0,-758.0,-248.0,-248.0,-240.0,1.0
2713132,142204,Revolving loans,22500.0,0.0,450000.0,,,SATURDAY,11,Y,1,,,,XAP,Approved,-1108,XNA,XAP,,Repeater,XNA,Cards,x-sell,Credit and cash offices,0,XNA,0.0,XNA,Card X-Sell,365243.0,365243.0,365243.0,365243.0,365243.0,0.0
1254966,142204,Cash loans,6320.835,45000.0,54738.0,0.0,45000.0,THURSDAY,17,Y,1,0.0,,,XNA,Approved,-1859,Cash through the bank,XAP,Unaccompanied,Repeater,XNA,Cash,x-sell,Credit and cash offices,0,XNA,12.0,high,Cash X-Sell: high,365243.0,-1829.0,-1499.0,-1499.0,-1492.0,1.0
2774821,246896,Cash loans,,0.0,0.0,,,FRIDAY,11,Y,1,,,,XNA,Canceled,-585,XNA,XAP,,Repeater,XNA,XNA,XNA,Credit and cash offices,0,XNA,,XNA,Cash,,,,,,
2000065,249378,Cash loans,11093.265,135000.0,148365.0,,135000.0,WEDNESDAY,10,Y,1,,,,XNA,Approved,-639,Cash through the bank,XAP,,Repeater,XNA,Cash,x-sell,Credit and cash offices,0,XNA,18.0,middle,Cash X-Sell: middle,365243.0,-609.0,-99.0,-99.0,-96.0,1.0
2305347,377967,Cash loans,5250.465,67500.0,87565.5,,67500.0,TUESDAY,12,Y,1,,,,XNA,Approved,-1462,Cash through the bank,XAP,Unaccompanied,Repeater,XNA,Cash,x-sell,Credit and cash offices,0,XNA,24.0,middle,Cash X-Sell: middle,365243.0,-1432.0,-742.0,-742.0,-735.0,1.0
1254960,189394,Cash loans,20965.545,180000.0,215208.0,,180000.0,MONDAY,17,Y,1,,,,XNA,Approved,-656,Cash through the bank,XAP,Unaccompanied,Refreshed,XNA,Cash,x-sell,Credit and cash offices,0,XNA,12.0,low_normal,Cash X-Sell: low,365243.0,-626.0,-296.0,-296.0,-293.0,1.0
2000064,331289,Cash loans,17963.685,90000.0,92970.0,0.0,90000.0,FRIDAY,10,Y,1,0.0,,,XNA,Approved,-2783,Cash through the bank,XAP,Family,Repeater,XNA,Cash,x-sell,Credit and cash offices,0,XNA,6.0,high,Cash Street: high,365243.0,-2753.0,-2603.0,-2603.0,-2599.0,1.0
2820083,266817,Revolving loans,45000.0,900000.0,900000.0,,900000.0,TUESDAY,10,Y,1,,,,XAP,Approved,-196,XNA,XAP,Unaccompanied,Repeater,XNA,Cards,x-sell,Credit and cash offices,-1,XNA,0.0,XNA,Card X-Sell,365243.0,365243.0,365243.0,365243.0,365243.0,0.0
2333672,233852,Consumer loans,14082.48,104400.0,114736.5,0.0,104400.0,THURSDAY,14,Y,1,0.0,,,XAP,Approved,-1370,Cash through the bank,XAP,Unaccompanied,Repeater,Auto Accessories,POS,XNA,Stone,75,Industry,12.0,high,POS other with interest,365243.0,-1325.0,-995.0,-1205.0,-1199.0,0.0
2133196,312417,Consumer loans,9547.65,95400.0,85860.0,9540.0,95400.0,SUNDAY,9,Y,1,0.1089090909090909,,,XAP,Refused,-2596,Cash through the bank,LIMIT,Other_B,Repeater,Auto Accessories,POS,XNA,Stone,75,Industry,12.0,high,POS other with interest,,,,,,
2705240,327937,Consumer loans,9854.01,50400.0,49941.0,8100.0,50400.0,WEDNESDAY,8,Y,1,0.15198973766193488,,,XAP,Approved,-1174,Cash through the bank,XAP,Family,New,Auto Accessories,POS,XNA,Stone,75,Industry,6.0,high,POS other with interest,365243.0,-1143.0,-993.0,-993.0,-988.0,0.0
2227079,261066,Consumer loans,14516.055,122400.0,121068.0,12240.0,122400.0,SATURDAY,13,Y,1,0.09999754498809314,,,XAP,Approved,-2132,Cash through the bank,XAP,Unaccompanied,Repeater,Auto Accessories,POS,XNA,Stone,75,Industry,12.0,high,POS other with interest,365243.0,-2101.0,-1771.0,-1771.0,-1767.0,0.0
1658783,359630,Cash loans,,0.0,0.0,,,WEDNESDAY,13,Y,1,,,,XNA,Canceled,-183,XNA,XAP,,Repeater,XNA,XNA,XNA,Credit and cash offices,-1,XNA,,XNA,Cash,,,,,,
2550879,165671,Cash loans,,0.0,0.0,,,THURSDAY,13,Y,1,,,,XNA,Canceled,-131,XNA,XAP,,Repeater,XNA,XNA,XNA,Credit and cash offices,-1,XNA,,XNA,Cash,,,,,,
1606645,437958,Cash loans,14250.6,270000.0,270000.0,,270000.0,TUESDAY,14,Y,1,,,,Repairs,Refused,-245,Cash through the bank,HC,Unaccompanied,Repeater,XNA,Cash,walk-in,Credit and cash offices,-1,XNA,24.0,low_normal,Cash Street: low,,,,,,
2614721,208673,Revolving loans,,0.0,0.0,,,SUNDAY,12,Y,1,,,,XAP,Canceled,-212,XNA,XAP,,Repeater,XNA,XNA,XNA,Credit and cash offices,-1,XNA,,XNA,Card Street,,,,,,
2772914,373713,Consumer loans,13496.355,118827.0,118827.0,0.0,118827.0,MONDAY,12,Y,1,0.0,,,XAP,Approved,-537,Cash through the bank,XAP,,Refreshed,Mobile,POS,XNA,Country-wide,10,Connectivity,10.0,low_normal,POS mobile without interest,365243.0,-506.0,-236.0,-266.0,-258.0,0.0
1243914,292084,Consumer loans,12522.915,67050.0,70591.5,0.0,67050.0,FRIDAY,10,Y,1,0.0,,,XAP,Approved,-1013,Cash through the bank,XAP,Unaccompanied,New,Consumer Electronics,POS,XNA,Stone,50,Consumer electronics,6.0,low_normal,POS household without interest,365243.0,-963.0,-813.0,-843.0,-836.0,0.0
2138405,291958,Consumer loans,26167.635,486652.5,495693.0,48667.5,486652.5,WEDNESDAY,9,Y,1,0.0973680710084251,,,XAP,Approved,-344,Cash through the bank,XAP,,Repeater,Furniture,POS,XNA,Stone,250,Consumer electronics,24.0,low_normal,POS household with interest,365243.0,-313.0,377.0,-283.0,-277.0,0.0
1887545,207268,Consumer loans,9226.395,73746.0,84456.0,0.0,73746.0,MONDAY,16,Y,1,0.0,,,XAP,Approved,-140,Cash through the bank,XAP,Unaccompanied,Repeater,Computers,POS,XNA,Country-wide,1607,Consumer electronics,12.0,middle,POS household with interest,365243.0,-110.0,220.0,365243.0,365243.0,1.0
1610955,117418,Consumer loans,9972.09,100782.0,95922.0,13500.0,100782.0,TUESDAY,9,Y,1,0.13436719556147095,,,XAP,Approved,-1465,Cash through the bank,XAP,Family,Repeater,Consumer Electronics,POS,XNA,Country-wide,1607,Consumer electronics,12.0,middle,POS household with interest,365243.0,-1433.0,-1103.0,-1193.0,-1187.0,0.0
2275618,175661,Consumer loans,10014.795,107293.5,107293.5,0.0,107293.5,THURSDAY,14,Y,1,0.0,,,XAP,Approved,-616,Cash through the bank,XAP,,Repeater,Consumer Electronics,POS,XNA,Country-wide,1607,Consumer electronics,12.0,low_normal,POS household with interest,365243.0,-585.0,-255.0,-525.0,-515.0,0.0
1698927,139454,Consumer loans,13563.135,157230.0,179478.0,0.0,157230.0,SATURDAY,8,Y,1,0.0,,,XAP,Refused,-461,Cash through the bank,LIMIT,,New,Audio/Video,POS,XNA,Country-wide,1607,Consumer electronics,18.0,middle,POS household with interest,,,,,,
1397855,144116,Consumer loans,6011.73,62955.0,59652.0,9000.0,62955.0,THURSDAY,9,Y,1,0.14277542069886068,,,XAP,Approved,-389,Cash through the bank,XAP,Unaccompanied,Repeater,Computers,POS,XNA,Country-wide,1607,Consumer electronics,12.0,middle,POS household with interest,365243.0,-359.0,-29.0,-29.0,-22.0,1.0
2778738,141367,Consumer loans,19428.705,99603.0,104535.0,0.0,99603.0,SATURDAY,9,Y,1,0.0,,,XAP,Approved,-1203,Cash through the bank,XAP,Family,Repeater,Audio/Video,POS,XNA,Country-wide,1607,Consumer electronics,6.0,middle,POS household with interest,365243.0,-1171.0,-1021.0,-1081.0,-1075.0,0.0
1530126,302775,Consumer loans,,225895.5,225895.5,,225895.5,SUNDAY,9,Y,1,,,,XAP,Unused offer,-1021,Cash through the bank,CLIENT,Family,Repeater,Audio/Video,XNA,XNA,Country-wide,1607,Consumer electronics,,XNA,POS household with interest,,,,,,
1242999,430437,Consumer loans,8502.75,111960.0,129694.5,0.0,111960.0,SATURDAY,14,Y,1,0.0,,,XAP,Approved,-515,Cash through the bank,XAP,,Repeater,Computers,POS,XNA,Regional / Local,100,Consumer electronics,18.0,low_normal,POS household with interest,365243.0,-484.0,26.0,-214.0,-206.0,0.0
1249465,384415,Revolving loans,2250.0,45000.0,45000.0,,45000.0,SUNDAY,11,Y,1,,,,XAP,Approved,-266,XNA,XAP,,New,XNA,Cards,walk-in,Regional / Local,100,Consumer electronics,0.0,XNA,Card Street,365243.0,365243.0,365243.0,365243.0,365243.0,0.0
1860977,139566,Consumer loans,6006.825,98955.0,88465.5,10489.5,98955.0,TUESDAY,16,Y,1,0.1154466079622969,,,XAP,Approved,-2819,Cash through the bank,XAP,Unaccompanied,Repeater,Audio/Video,POS,XNA,Country-wide,-1,Consumer electronics,24.0,high,POS household without interest,365243.0,-2788.0,-2098.0,-2368.0,-2366.0,0.0
1313088,359295,Consumer loans,12726.765,134950.5,134950.5,0.0,134950.5,SUNDAY,12,Y,1,0.0,,,XAP,Approved,-962,Cash through the bank,XAP,Unaccompanied,Repeater,Computers,POS,XNA,Country-wide,951,Consumer electronics,12.0,low_normal,POS household with interest,365243.0,-931.0,-601.0,-601.0,-598.0,0.0
2485924,427911,Revolving loans,3375.0,0.0,67500.0,,,FRIDAY,12,Y,1,,,,XAP,Approved,-2712,XNA,XAP,,Repeater,XNA,Cards,x-sell,Country-wide,31,Connectivity,0.0,XNA,Card Street,-2709.0,-2671.0,365243.0,-1483.0,-76.0,0.0
2621621,427246,Consumer loans,4215.42,34447.5,34069.5,3447.0,34447.5,FRIDAY,12,Y,1,0.10006520767226056,,,XAP,Approved,-1184,Cash through the bank,XAP,Unaccompanied,New,Mobile,POS,XNA,Country-wide,72,Connectivity,12.0,high,POS mobile with interest,365243.0,-1153.0,-823.0,-823.0,-818.0,0.0
1455040,107888,Consumer loans,2810.16,62379.0,62379.0,0.0,62379.0,SATURDAY,13,Y,1,0.0,,,XAP,Approved,-263,Cash through the bank,XAP,Family,Refreshed,Mobile,POS,XNA,Country-wide,2500,Consumer electronics,24.0,low_action,POS household without interest,365243.0,-233.0,457.0,365243.0,365243.0,0.0
1968550,295085,Consumer loans,14207.805,132619.5,146623.5,0.0,132619.5,WEDNESDAY,8,Y,1,0.0,,,XAP,Approved,-430,XNA,XAP,,New,Mobile,POS,XNA,Country-wide,71,Connectivity,12.0,low_normal,POS mobile without interest,365243.0,-399.0,-69.0,-129.0,-125.0,0.0
1531249,130234,Cash loans,14182.38,270000.0,313839.0,,270000.0,SATURDAY,6,Y,1,,,,XNA,Approved,-926,Cash through the bank,XAP,Unaccompanied,Repeater,XNA,Cash,x-sell,Credit and cash offices,-1,XNA,36.0,middle,Cash X-Sell: middle,365243.0,-896.0,154.0,-896.0,-890.0,1.0
1680289,162200,Cash loans,13912.11,270000.0,355536.0,,270000.0,FRIDAY,7,Y,1,,,,Repairs,Refused,-166,Cash through the bank,SCOFR,Unaccompanied,Repeater,XNA,Cash,walk-in,Credit and cash offices,-1,XNA,36.0,low_normal,Cash Street: low,,,,,,
2023010,227221,Cash loans,3413.385,54000.0,61128.0,,54000.0,WEDNESDAY,11,Y,1,,,,XNA,Approved,-673,Cash through the bank,XAP,Unaccompanied,Refreshed,XNA,Cash,x-sell,Credit and cash offices,-1,XNA,24.0,low_normal,Cash X-Sell: low,365243.0,-643.0,47.0,-343.0,-340.0,1.0
2626533,375423,Revolving loans,,0.0,0.0,,,FRIDAY,6,Y,1,,,,XAP,Refused,-228,XNA,HC,,Repeater,XNA,XNA,XNA,Credit and cash offices,-1,XNA,,XNA,Card Street,,,,,,
2415047,167765,Consumer loans,6208.335,31460.4,30181.5,2700.9,31460.4,THURSDAY,14,Y,1,0.08945592889702803,,,XAP,Approved,-1121,Cash through the bank,XAP,,New,Mobile,POS,XNA,Country-wide,42,Connectivity,6.0,high,POS mobile with interest,365243.0,-1084.0,-934.0,-994.0,-992.0,0.0
2598002,275490,Consumer loans,12368.565,112554.0,112554.0,0.0,112554.0,THURSDAY,15,Y,1,0.0,,,XAP,Approved,-323,Cash through the bank,XAP,,Repeater,Mobile,POS,XNA,Country-wide,42,Connectivity,10.0,low_normal,POS mobile without interest,365243.0,-285.0,-15.0,-225.0,-222.0,0.0
1032142,455346,Consumer loans,9798.615,89167.5,89167.5,0.0,89167.5,SATURDAY,15,Y,1,0.0,,,XAP,Approved,-490,Cash through the bank,XAP,,Repeater,Mobile,POS,XNA,Country-wide,42,Connectivity,10.0,low_normal,POS mobile without interest,365243.0,-455.0,-185.0,-305.0,-300.0,0.0
2045117,386030,Consumer loans,11309.22,51257.25,42444.0,10257.75,51257.25,SUNDAY,12,Y,1,0.2119782032423453,,,XAP,Approved,-947,Cash through the bank,XAP,,Repeater,Mobile,POS,XNA,Country-wide,20,Connectivity,4.0,middle,POS mobile without interest,365243.0,-907.0,-817.0,-817.0,-814.0,0.0
2583042,416433,Consumer loans,12585.51,239454.0,215505.0,23949.0,239454.0,THURSDAY,16,Y,1,0.10892546452269823,,,XAP,Refused,-1150,Cash through the bank,LIMIT,Unaccompanied,Repeater,Construction Materials,POS,XNA,Stone,14,Furniture,24.0,middle,POS industry with interest,,,,,,
2167124,427421,Consumer loans,13463.19,77022.0,82444.5,0.0,77022.0,SUNDAY,12,Y,1,0.0,,,XAP,Approved,-922,Cash through the bank,XAP,Family,Repeater,Computers,POS,XNA,Country-wide,20,Connectivity,8.0,high,POS mobile with interest,365243.0,-891.0,-681.0,-711.0,-705.0,0.0
1035292,142115,Consumer loans,14107.365,112500.0,122400.0,0.0,112500.0,THURSDAY,14,Y,1,0.0,,,XAP,Approved,-137,Cash through the bank,XAP,,Refreshed,Construction Materials,POS,XNA,Stone,20,Construction,10.0,low_normal,POS other with interest,365243.0,-107.0,163.0,365243.0,365243.0,1.0
1104747,305647,Consumer loans,9376.245,98994.42,98991.0,3.42,98994.42,WEDNESDAY,15,Y,1,3.762526119240772e-05,,,XAP,Approved,-1290,Cash through the bank,XAP,Unaccompanied,Refreshed,Consumer Electronics,POS,XNA,Country-wide,3000,Consumer electronics,12.0,low_normal,POS household with interest,365243.0,-1259.0,-929.0,-929.0,-922.0,0.0
1486961,358355,Consumer loans,4418.865,23786.73,22464.0,2380.23,23786.73,TUESDAY,10,Y,1,0.1043416058596082,,,XAP,Approved,-1389,Cash through the bank,XAP,Family,New,Photo / Cinema Equipment,POS,XNA,Country-wide,3000,Consumer electronics,6.0,middle,POS household with interest,,,,,,
1384263,354960,Consumer loans,10610.28,51601.5,51601.5,0.0,51601.5,THURSDAY,19,Y,1,0.0,,,XAP,Approved,-478,Cash through the bank,XAP,,Repeater,Mobile,POS,XNA,Country-wide,24,Connectivity,6.0,high,POS mobile with interest,365243.0,-437.0,-287.0,-317.0,-314.0,0.0
1372899,160695,Consumer loans,26056.8,135112.5,140908.5,0.0,135112.5,FRIDAY,16,Y,1,0.0,,,XAP,Approved,-511,Cash through the bank,XAP,,New,Consumer Electronics,POS,XNA,Country-wide,310,Consumer electronics,6.0,middle,POS household with interest,365243.0,-480.0,-330.0,-330.0,-327.0,0.0
2068681,270571,Revolving loans,2250.0,45000.0,45000.0,,45000.0,FRIDAY,17,Y,1,,,,XAP,Refused,-298,XNA,SCOFR,Unaccompanied,New,XNA,Cards,walk-in,Stone,1474,Furniture,0.0,XNA,Card Street,,,,,,
2167560,137133,Consumer loans,6131.025,37350.0,32116.5,6750.0,37350.0,SUNDAY,13,Y,1,0.18914395781363474,,,XAP,Approved,-1612,Cash through the bank,XAP,Children,New,Furniture,POS,XNA,Stone,50,Furniture,6.0,middle,POS industry with interest,365243.0,-1580.0,-1430.0,-1430.0,-1423.0,0.0
1704969,253191,Consumer loans,9943.02,109800.0,96534.0,21960.0,109800.0,THURSDAY,13,Y,1,0.20183668678276,,,XAP,Refused,-1973,Cash through the bank,SCO,Unaccompanied,New,Audio/Video,POS,XNA,Stone,74,Furniture,12.0,middle,POS industry with interest,,,,,,
1151132,308782,Consumer loans,3414.555,34155.0,27643.5,9000.0,34155.0,SATURDAY,15,Y,1,0.26749131992899633,,,XAP,Approved,-2113,Cash through the bank,XAP,Other_A,Repeater,Mobile,POS,XNA,Country-wide,16,Connectivity,12.0,high,POS mobile with interest,365243.0,-2082.0,-1752.0,-1752.0,-1748.0,0.0
1543502,198161,Consumer loans,3554.91,25146.0,25105.5,2515.5,25146.0,FRIDAY,13,Y,1,0.09918569862851387,,,XAP,Approved,-1614,Cash through the bank,XAP,Unaccompanied,New,Mobile,POS,XNA,Country-wide,58,Connectivity,10.0,high,POS mobile with interest,365243.0,-1583.0,-1313.0,-1313.0,-1304.0,0.0
1976725,316901,Consumer loans,11324.295,105687.0,94923.0,18000.0,105687.0,TUESDAY,12,Y,1,0.17360180267648187,,,XAP,Approved,-1971,Cash through the bank,XAP,Children,New,Computers,POS,XNA,Country-wide,2226,Consumer electronics,10.0,middle,POS household with interest,365243.0,-1940.0,-1670.0,-1670.0,-1665.0,0.0
1675083,447972,Consumer loans,10928.25,98077.5,108436.5,0.0,98077.5,TUESDAY,13,Y,1,0.0,,,XAP,Refused,-493,Cash through the bank,SCOFR,Unaccompanied,New,Computers,POS,XNA,Country-wide,2226,Consumer electronics,12.0,middle,POS household with interest,,,,,,
2720633,421010,Cash loans,,0.0,0.0,,,FRIDAY,14,Y,1,,,,XNA,Canceled,-220,XNA,XAP,,Repeater,XNA,XNA,XNA,Credit and cash offices,-1,XNA,,XNA,Cash,,,,,,
1231177,293655,Cash loans,6536.34,45000.0,55075.5,,45000.0,TUESDAY,9,Y,1,,,,Other,Approved,-503,Cash through the bank,XAP,,Repeater,XNA,Cash,walk-in,Credit and cash offices,-1,XNA,12.0,high,Cash Street: high,365243.0,-473.0,-143.0,-143.0,-141.0,0.0
1400557,327589,Cash loans,,0.0,0.0,,,TUESDAY,11,Y,1,,,,XNA,Canceled,-241,XNA,XAP,,Repeater,XNA,XNA,XNA,Credit and cash offices,-1,XNA,,XNA,Cash,,,,,,
1808159,192669,Cash loans,16708.59,270000.0,299223.0,,270000.0,TUESDAY,12,Y,1,,,,Repairs,Refused,-563,Cash through the bank,HC,,Repeater,XNA,Cash,walk-in,Credit and cash offices,-1,XNA,24.0,low_normal,Cash Street: low,,,,,,
2489748,173210,Consumer loans,4358.61,35505.0,31954.5,3550.5,35505.0,FRIDAY,15,Y,1,0.1089090909090909,,,XAP,Refused,-2063,Cash through the bank,LIMIT,,Repeater,Mobile,POS,XNA,Stone,2,Connectivity,10.0,high,POS mobile with interest,,,,,,
1798886,259576,Consumer loans,24129.36,139522.5,131782.5,13954.5,139522.5,WEDNESDAY,12,Y,1,0.10428181649758872,,,XAP,Approved,-2531,Cash through the bank,XAP,Other_B,New,Furniture,POS,XNA,Stone,800,Furniture,6.0,middle,POS industry with interest,365243.0,-2499.0,-2349.0,-2349.0,-2023.0,1.0
2327887,164720,Consumer loans,4969.35,59517.0,45000.0,14517.0,59517.0,THURSDAY,13,Y,1,0.26564397948943536,,,XAP,Approved,-364,Cash through the bank,XAP,,New,Mobile,POS,XNA,Country-wide,10,Connectivity,12.0,high,POS mobile with interest,365243.0,-329.0,1.0,-239.0,-235.0,0.0
2696818,412975,Consumer loans,8346.555,64251.0,70614.0,0.0,64251.0,FRIDAY,14,Y,1,0.0,,,XAP,Approved,-2399,Cash through the bank,XAP,Family,New,Audio/Video,POS,XNA,Stone,1500,Consumer electronics,12.0,high,POS household with interest,365243.0,-2368.0,-2038.0,-2038.0,-2012.0,1.0
2786405,304046,Consumer loans,17788.23,164475.0,158935.5,16447.5,164475.0,MONDAY,16,Y,1,0.10213545627154698,,,XAP,Refused,-1676,Cash through the bank,HC,Family,Refreshed,Consumer Electronics,POS,XNA,Country-wide,1900,Consumer electronics,10.0,low_normal,POS household with interest,,,,,,
1202433,155241,Cash loans,15134.4,360000.0,360000.0,,360000.0,TUESDAY,8,Y,1,,,,XNA,Approved,-233,Cash through the bank,XAP,Unaccompanied,Repeater,XNA,Cash,x-sell,Regional / Local,278,Consumer electronics,48.0,middle,Cash X-Sell: middle,365243.0,-203.0,1207.0,-143.0,-137.0,0.0
2565005,384729,Consumer loans,8474.355,42295.5,29745.0,13500.0,42295.5,FRIDAY,15,Y,1,0.33998675621984675,,,XAP,Approved,-2434,Cash through the bank,XAP,Family,New,Mobile,POS,XNA,Country-wide,50,Connectivity,4.0,low_normal,POS mobile with interest,365243.0,-2403.0,-2313.0,-2313.0,-2306.0,1.0
2354135,149457,Consumer loans,11169.225,43560.0,39204.0,4356.0,43560.0,TUESDAY,11,Y,1,0.1089090909090909,,,XAP,Approved,-2901,Cash through the bank,XAP,Family,Repeater,Mobile,POS,XNA,Country-wide,64,Connectivity,4.0,low_normal,POS mobile with interest,365243.0,-2870.0,-2780.0,-2780.0,-2588.0,0.0
1276732,121764,Consumer loans,5577.885,26167.5,20934.0,5233.5,26167.5,WEDNESDAY,19,Y,1,0.2178181818181818,,,XAP,Approved,-1410,Cash through the bank,XAP,,Refreshed,Mobile,POS,XNA,Country-wide,42,Connectivity,4.0,middle,POS mobile without interest,365243.0,-1353.0,-1263.0,-1263.0,-1259.0,0.0
1747545,255273,Revolving loans,9000.0,180000.0,180000.0,,180000.0,FRIDAY,14,Y,1,,,,XAP,Refused,-235,XNA,HC,Unaccompanied,Repeater,XNA,Cards,x-sell,Credit and cash offices,-1,XNA,0.0,XNA,Card X-Sell,,,,,,
1977586,134399,Cash loans,,0.0,0.0,,,THURSDAY,13,Y,1,,,,XNA,Canceled,-194,XNA,XAP,,Repeater,XNA,XNA,XNA,Credit and cash offices,-1,XNA,,XNA,Cash,,,,,,
1269423,266867,Cash loans,,0.0,0.0,,,THURSDAY,16,Y,1,,,,XNA,Canceled,-554,XNA,XAP,,New,XNA,XNA,XNA,Credit and cash offices,-1,XNA,,XNA,Cash,,,,,,
1444104,319522,Cash loans,,0.0,0.0,,,SUNDAY,13,Y,1,,,,XNA,Canceled,-168,XNA,XAP,,Repeater,XNA,XNA,XNA,Credit and cash offices,-1,XNA,,XNA,Cash,,,,,,
1514511,101011,Consumer loans,6856.065,65866.5,66735.0,6588.0,65866.5,FRIDAY,21,Y,1,0.09785375542586784,,,XAP,Approved,-627,Cash through the bank,XAP,Family,Refreshed,Consumer Electronics,POS,XNA,Country-wide,100,Consumer electronics,12.0,middle,POS household with interest,365243.0,-596.0,-266.0,-296.0,-289.0,0.0
1236216,302514,Consumer loans,3344.355,18085.5,18085.5,0.0,18085.5,SATURDAY,17,Y,1,0.0,,,XAP,Refused,-403,Cash through the bank,HC,Unaccompanied,Repeater,Consumer Electronics,POS,XNA,Country-wide,100,Consumer electronics,6.0,middle,POS household with interest,,,,,,
2716636,366604,Consumer loans,24418.62,130500.0,123264.0,13050.0,130500.0,THURSDAY,11,Y,1,0.1042639520785566,,,XAP,Approved,-2429,Cash through the bank,XAP,Family,New,Vehicles,POS,XNA,Stone,10,Industry,6.0,high,POS industry with interest,365243.0,-2397.0,-2247.0,-2247.0,-2244.0,1.0
2522822,170274,Consumer loans,11761.74,62046.0,58603.5,6205.5,62046.0,SATURDAY,15,Y,1,0.10428109732234153,,,XAP,Approved,-2809,Cash through the bank,XAP,"Spouse, partner",New,Mobile,POS,XNA,Stone,784,Consumer electronics,6.0,high,POS household with interest,365243.0,-2778.0,-2628.0,-2628.0,-2563.0,1.0
2634118,313265,Consumer loans,6086.43,38376.0,38376.0,0.0,38376.0,MONDAY,14,Y,1,0.0,,,XAP,Refused,-2570,Cash through the bank,SCO,"Spouse, partner",Repeater,XNA,POS,XNA,Stone,784,Consumer electronics,8.0,high,POS household with interest,,,,,,
1561405,222542,Consumer loans,2267.055,18855.0,18643.5,1890.0,18855.0,SATURDAY,17,Y,1,0.10024505409120794,,,XAP,Approved,-2072,Cash through the bank,XAP,Family,New,Mobile,POS,XNA,Country-wide,36,Connectivity,12.0,high,POS mobile with interest,365243.0,-2041.0,-1711.0,-1711.0,-1707.0,0.0
2773274,271357,Consumer loans,5328.495,43551.0,39051.0,4500.0,43551.0,WEDNESDAY,19,Y,1,0.11253264198087506,,,XAP,Approved,-117,XNA,XAP,,Repeater,Mobile,POS,XNA,Country-wide,40,Connectivity,10.0,high,POS mobile with interest,365243.0,-78.0,192.0,365243.0,365243.0,0.0
1440298,392319,Consumer loans,2881.665,20655.0,19921.5,2250.0,20655.0,SUNDAY,17,Y,1,0.1105227226599258,,,XAP,Approved,-1925,Cash through the bank,XAP,"Spouse, partner",New,Mobile,POS,XNA,Country-wide,40,Connectivity,10.0,high,POS mobile with interest,365243.0,-1893.0,-1623.0,-1683.0,-1680.0,0.0
2567524,309307,Consumer loans,6810.48,44460.0,48370.5,0.0,44460.0,THURSDAY,13,Y,1,0.0,,,XAP,Approved,-870,Cash through the bank,XAP,Unaccompanied,New,Photo / Cinema Equipment,POS,XNA,Country-wide,40,Connectivity,10.0,high,POS mobile with interest,365243.0,-839.0,-569.0,-809.0,-804.0,0.0
2089248,393391,Cash loans,,0.0,0.0,,,WEDNESDAY,7,Y,1,,,,XNA,Canceled,-267,XNA,XAP,,Repeater,XNA,XNA,XNA,Credit and cash offices,-1,XNA,,XNA,Cash,,,,,,
1426902,152739,Cash loans,,0.0,0.0,,,WEDNESDAY,6,Y,1,,,,XNA,Canceled,-413,XNA,XAP,,Repeater,XNA,XNA,XNA,Credit and cash offices,-1,XNA,,XNA,Cash,,,,,,
1828072,144577,Cash loans,,0.0,0.0,,,MONDAY,9,Y,1,,,,XNA,Refused,-204,XNA,SCOFR,,Repeater,XNA,XNA,XNA,Credit and cash offices,-1,XNA,,XNA,Cash,,,,,,
1719722,277739,Cash loans,70667.73,1237500.0,1327342.5,,1237500.0,MONDAY,11,Y,1,,,,XNA,Approved,-663,Cash through the bank,XAP,,Repeater,XNA,Cash,x-sell,Credit and cash offices,-1,XNA,30.0,middle,Cash X-Sell: middle,365243.0,-633.0,237.0,-633.0,-629.0,1.0
1501580,163304,Cash loans,14167.485,247500.0,280989.0,,247500.0,TUESDAY,13,Y,1,,,,XNA,Refused,-396,Cash through the bank,HC,,Repeater,XNA,Cash,x-sell,Credit and cash offices,-1,XNA,30.0,middle,Cash X-Sell: middle,,,,,,
2630082,426405,Consumer loans,6213.87,62145.0,55930.5,6214.5,62145.0,MONDAY,11,Y,1,0.1089090909090909,,,XAP,Approved,-2876,Cash through the bank,XAP,Family,New,Consumer Electronics,POS,XNA,Regional / Local,150,Consumer electronics,10.0,low_normal,POS household without interest,365243.0,-2845.0,-2575.0,-2575.0,-2569.0,0.0
1309038,294197,Consumer loans,3496.14,34965.0,31468.5,3496.5,34965.0,TUESDAY,15,Y,1,0.1089090909090909,,,XAP,Approved,-2498,Cash through the bank,XAP,Unaccompanied,New,Consumer Electronics,POS,XNA,Regional / Local,150,Consumer electronics,10.0,low_normal,POS household without interest,365243.0,-2467.0,-2197.0,-2197.0,-2192.0,0.0
1263918,346131,Consumer loans,3887.82,48153.96,38520.0,9633.96,48153.96,MONDAY,20,Y,1,0.21788983200022288,0.1891221806641732,0.8350951374207188,XAP,Approved,-267,Cash through the bank,XAP,,New,Mobile,POS,XNA,Country-wide,35,Connectivity,12.0,middle,POS mobile with interest,365243.0,-233.0,97.0,-143.0,-135.0,0.0
1784946,119114,Consumer loans,9551.97,45945.0,45945.0,0.0,45945.0,THURSDAY,17,Y,1,0.0,,,XAP,Approved,-1272,Cash through the bank,XAP,,Repeater,Photo / Cinema Equipment,POS,XNA,Country-wide,26,Connectivity,6.0,high,POS mobile with interest,365243.0,-1229.0,-1079.0,-1109.0,-1101.0,0.0
1110673,380818,Consumer loans,5574.465,54450.0,49005.0,5445.0,54450.0,MONDAY,16,Y,1,0.1089090909090909,,,XAP,Approved,-880,Cash through the bank,XAP,Unaccompanied,New,Audio/Video,POS,XNA,Stone,306,Consumer electronics,10.0,low_normal,POS household with interest,365243.0,-849.0,-579.0,-669.0,-663.0,0.0
1234207,250374,Consumer loans,6872.445,38205.0,33705.0,4500.0,38205.0,MONDAY,15,Y,1,0.1282792590213085,,,XAP,Approved,-1608,XNA,XAP,,New,Mobile,POS,XNA,Country-wide,25,Connectivity,6.0,high,POS mobile with interest,365243.0,-1569.0,-1419.0,-1419.0,-1413.0,0.0
2210150,170688,Consumer loans,15916.905,147055.5,143266.5,14706.0,147055.5,MONDAY,16,Y,1,0.10138581657624528,,,XAP,Approved,-1589,Cash through the bank,XAP,"Spouse, partner",New,Audio/Video,POS,XNA,Country-wide,1700,Consumer electronics,10.0,low_normal,POS household with interest,365243.0,-1558.0,-1288.0,-1288.0,-1282.0,0.0
1048627,261279,Consumer loans,14778.0,143550.0,75091.5,72000.0,143550.0,SUNDAY,16,Y,1,0.5331004541699924,,,XAP,Refused,-1331,Cash through the bank,LIMIT,,Repeater,Mobile,POS,XNA,Country-wide,15,Connectivity,6.0,high,POS mobile with interest,,,,,,
1484918,121933,Consumer loans,27467.235,134955.0,133582.5,22500.0,134955.0,TUESDAY,14,Y,1,0.1569973921134365,,,XAP,Approved,-490,Cash through the bank,XAP,Unaccompanied,Repeater,Computers,POS,XNA,Country-wide,56,Connectivity,6.0,high,POS mobile with interest,365243.0,-456.0,-306.0,-306.0,-303.0,0.0
2363657,104532,Consumer loans,7329.06,38844.0,36517.5,4050.0,38844.0,SUNDAY,14,Y,1,0.10872787777945844,,,XAP,Approved,-2487,XNA,XAP,"Spouse, partner",New,Mobile,POS,XNA,Stone,40,Connectivity,6.0,high,POS mobile with interest,365243.0,-2455.0,-2305.0,-2305.0,-2298.0,1.0
1894113,297319,Consumer loans,5497.47,29025.0,27391.5,2925.0,29025.0,THURSDAY,12,Y,1,0.1050777929210466,,,XAP,Approved,-2476,Cash through the bank,XAP,,Repeater,Mobile,POS,XNA,Country-wide,28,Connectivity,6.0,low_normal,POS mobile with interest,365243.0,-2434.0,-2284.0,-2344.0,-2319.0,1.0
1475607,406990,Cash loans,,0.0,0.0,,,WEDNESDAY,10,Y,1,,,,XNA,Canceled,-141,XNA,XAP,,Repeater,XNA,XNA,XNA,Credit and cash offices,-1,XNA,,XNA,Cash,,,,,,
2124191,102135,Cash loans,,0.0,0.0,,,THURSDAY,16,Y,1,,,,XNA,Refused,-263,XNA,HC,,Repeater,XNA,XNA,XNA,Credit and cash offices,-1,XNA,,XNA,Cash,,,,,,
1567327,265172,Cash loans,11871.0,450000.0,450000.0,,450000.0,SUNDAY,11,Y,1,,,,XNA,Approved,-415,Cash through the bank,XAP,Unaccompanied,Repeater,XNA,Cash,x-sell,Stone,53,Consumer electronics,60.0,low_action,Cash X-Sell: low,365243.0,-385.0,1385.0,365243.0,365243.0,0.0
1153883,184550,Consumer loans,8132.67,75136.5,73201.5,7515.0,75136.5,MONDAY,19,Y,1,0.1013983284931604,,,XAP,Approved,-1949,Cash through the bank,XAP,Unaccompanied,Repeater,Computers,POS,XNA,Country-wide,1200,Consumer electronics,10.0,low_normal,POS household with interest,365243.0,-1918.0,-1648.0,-1648.0,-1642.0,0.0
1980664,331978,Revolving loans,5625.0,112500.0,112500.0,,112500.0,MONDAY,16,Y,1,,,,XAP,Approved,-139,XNA,XAP,Unaccompanied,Repeater,XNA,Cards,x-sell,Country-wide,1200,Consumer electronics,0.0,XNA,Card X-Sell,-138.0,-93.0,365243.0,365243.0,365243.0,0.0
2424565,198700,Consumer loans,8278.83,82557.0,82147.5,8257.5,82557.0,THURSDAY,11,Y,1,0.09947644689804967,,,XAP,Approved,-252,Cash through the bank,XAP,Unaccompanied,New,Consumer Electronics,POS,XNA,Country-wide,1200,Consumer electronics,12.0,middle,POS household with interest,365243.0,-221.0,109.0,365243.0,365243.0,0.0
2007998,323394,Consumer loans,14132.205,70636.5,74817.0,7065.0,70636.5,SUNDAY,12,Y,1,0.09396970363116768,,,XAP,Approved,-906,Cash through the bank,XAP,Unaccompanied,New,Consumer Electronics,POS,XNA,Country-wide,1200,Consumer electronics,6.0,middle,POS household with interest,365243.0,-875.0,-725.0,-725.0,-717.0,0.0
2445507,160891,Consumer loans,6907.41,124200.0,150430.5,0.0,124200.0,SATURDAY,14,Y,1,0.0,,,XAP,Approved,-640,Cash through the bank,XAP,,Repeater,Computers,POS,XNA,Country-wide,1200,Consumer electronics,24.0,low_action,POS household without interest,365243.0,-609.0,81.0,365243.0,365243.0,0.0
1595548,186952,Consumer loans,25091.82,181341.0,194706.0,0.0,181341.0,MONDAY,17,Y,1,0.0,,,XAP,Approved,-1645,Cash through the bank,XAP,Family,Repeater,Photo / Cinema Equipment,POS,XNA,Country-wide,1200,Consumer electronics,10.0,high,POS household with interest,365243.0,-1614.0,-1344.0,-1344.0,-1338.0,0.0
2770062,305200,Consumer loans,1374.165,32994.0,29488.5,3505.5,32994.0,TUESDAY,18,Y,1,0.1157121956058126,,,XAP,Approved,-2699,Cash through the bank,XAP,Family,New,Photo / Cinema Equipment,POS,XNA,Country-wide,1360,Consumer electronics,24.0,low_action,POS household without interest,365243.0,-2668.0,-1978.0,-2008.0,-1994.0,0.0
1153890,384553,Consumer loans,6725.655,54180.0,33246.0,22500.0,54180.0,THURSDAY,14,Y,1,0.4395749552352716,,,XAP,Approved,-1973,Cash through the bank,XAP,,Repeater,Mobile,POS,XNA,Country-wide,50,Connectivity,6.0,high,POS mobile with interest,365243.0,-1938.0,-1788.0,-1788.0,-1774.0,0.0
1856525,373312,Consumer loans,4155.615,32386.5,40059.0,0.0,32386.5,SATURDAY,16,Y,1,0.0,,,XAP,Approved,-1179,Cash through the bank,XAP,Unaccompanied,New,Audio/Video,POS,XNA,Country-wide,1200,Consumer electronics,12.0,middle,POS household with interest,365243.0,-1148.0,-818.0,-848.0,-842.0,0.0
1033676,334623,Consumer loans,6305.85,53991.0,52866.0,5400.0,53991.0,MONDAY,17,Y,1,0.10093520936894428,,,XAP,Approved,-1077,Cash through the bank,XAP,Unaccompanied,Repeater,Consumer Electronics,POS,XNA,Country-wide,1200,Consumer electronics,10.0,middle,POS household with interest,365243.0,-1046.0,-776.0,-1016.0,-1008.0,0.0
1987335,166147,Consumer loans,6431.355,36765.0,34726.5,3676.5,36765.0,MONDAY,14,Y,1,0.10426380041331994,,,XAP,Approved,-2591,Cash through the bank,XAP,Family,New,Photo / Cinema Equipment,POS,XNA,Country-wide,486,Consumer electronics,6.0,middle,POS household without interest,365243.0,-2560.0,-2410.0,-2410.0,-2403.0,1.0
1751103,158005,Consumer loans,,392850.0,392850.0,,392850.0,THURSDAY,12,Y,1,,,,XAP,Refused,-1472,Cash through the bank,LIMIT,Unaccompanied,Repeater,Consumer Electronics,XNA,XNA,Stone,396,Consumer electronics,,XNA,POS household with interest,,,,,,
1086194,200159,Consumer loans,15588.945,164025.0,147622.5,16402.5,164025.0,FRIDAY,10,Y,1,0.1089090909090909,,,XAP,Approved,-1259,Cash through the bank,XAP,Unaccompanied,New,Consumer Electronics,POS,XNA,Stone,396,Consumer electronics,12.0,middle,POS household with interest,365243.0,-1227.0,-897.0,-957.0,-949.0,0.0
1655539,208534,Cash loans,47602.71,1804500.0,1804500.0,,1804500.0,SUNDAY,9,Y,1,,,,XNA,Refused,-383,Cash through the bank,HC,Family,Repeater,XNA,Cash,x-sell,Credit and cash offices,-1,XNA,60.0,low_action,Cash X-Sell: low,,,,,,
1827301,350354,Cash loans,,0.0,0.0,,,THURSDAY,10,Y,1,,,,XNA,Canceled,-334,XNA,XAP,,Repeater,XNA,XNA,XNA,Credit and cash offices,-1,XNA,,XNA,Cash,,,,,,
1257715,235076,Consumer loans,12118.41,63351.0,66694.5,0.0,63351.0,SATURDAY,14,Y,1,0.0,,,XAP,Approved,-1088,Cash through the bank,XAP,Unaccompanied,Repeater,Homewares,POS,XNA,Country-wide,2200,Consumer electronics,6.0,middle,POS household with interest,365243.0,-1055.0,-905.0,-1025.0,-1017.0,0.0
1895071,175509,Consumer loans,5908.77,45468.0,44293.5,4549.5,45468.0,MONDAY,10,Y,1,0.10144379114528368,,,XAP,Approved,-2809,Cash through the bank,XAP,Unaccompanied,New,Consumer Electronics,POS,XNA,Country-wide,602,Consumer electronics,10.0,low_normal,POS household with interest,365243.0,-2777.0,-2507.0,-2507.0,-2502.0,1.0
2228366,375686,Consumer loans,8961.615,82795.5,80662.5,8280.0,82795.5,TUESDAY,11,Y,1,0.1013876687441069,,,XAP,Approved,-2590,Cash through the bank,XAP,"Spouse, partner",New,Consumer Electronics,POS,XNA,Country-wide,602,Consumer electronics,10.0,low_normal,POS household without interest,365243.0,-2559.0,-2289.0,-2289.0,-2284.0,1.0
1570725,282530,Consumer loans,6249.87,62505.0,56254.5,6250.5,62505.0,MONDAY,6,Y,1,0.1089090909090909,,,XAP,Approved,-2483,Cash through the bank,XAP,,New,Audio/Video,POS,XNA,Regional / Local,130,Consumer electronics,10.0,low_normal,POS household without interest,365243.0,-2442.0,-2172.0,-2172.0,-2169.0,0.0
1535280,438338,Consumer loans,2514.42,24021.0,21546.0,2475.0,24021.0,FRIDAY,13,Y,1,0.11221431247658294,,,XAP,Approved,-2800,XNA,XAP,,New,Mobile,POS,XNA,Country-wide,25,Connectivity,12.0,low_normal,POS mobile with interest,365243.0,-2758.0,-2428.0,-2458.0,-2455.0,0.0
2787775,437337,Consumer loans,8182.17,43416.0,45567.0,0.0,43416.0,THURSDAY,14,Y,1,0.0,,,XAP,Approved,-1343,Cash through the bank,XAP,Other_B,Repeater,Consumer Electronics,POS,XNA,Country-wide,1350,Consumer electronics,6.0,low_normal,POS household with interest,365243.0,-1312.0,-1162.0,-1162.0,-1158.0,0.0
2712145,178541,Consumer loans,7397.775,133186.5,161316.0,0.0,133186.5,WEDNESDAY,18,Y,1,0.0,,,XAP,Approved,-171,Cash through the bank,XAP,Unaccompanied,Repeater,Computers,POS,XNA,Country-wide,1350,Consumer electronics,24.0,low_action,POS household without interest,365243.0,-141.0,549.0,365243.0,365243.0,1.0
2224419,200094,Consumer loans,12321.945,104382.0,102208.5,10440.0,104382.0,FRIDAY,13,Y,1,0.10093440295174004,,,XAP,Approved,-1037,Cash through the bank,XAP,Children,Repeater,Computers,POS,XNA,Country-wide,1350,Consumer electronics,10.0,middle,POS household with interest,365243.0,-1006.0,-736.0,-736.0,-705.0,0.0
1076320,431394,Consumer loans,11535.57,121032.0,123507.0,0.0,121032.0,TUESDAY,18,Y,1,0.0,,,XAP,Approved,-1053,Cash through the bank,XAP,Unaccompanied,Repeater,Computers,POS,XNA,Country-wide,1350,Consumer electronics,12.0,low_normal,POS household with interest,365243.0,-1022.0,-692.0,-692.0,-655.0,0.0
1958865,117651,Consumer loans,16739.055,89995.5,94747.5,0.0,89995.5,FRIDAY,15,Y,1,0.0,,,XAP,Approved,-339,Cash through the bank,XAP,Unaccompanied,Repeater,Consumer Electronics,POS,XNA,Regional / Local,140,Consumer electronics,6.0,low_normal,POS household with interest,365243.0,-309.0,-159.0,-159.0,-155.0,1.0
2436650,230542,Consumer loans,13744.44,93100.5,74326.5,22500.0,93100.5,MONDAY,18,Y,1,0.2530768483271155,,,XAP,Approved,-506,Cash through the bank,XAP,,Refreshed,Consumer Electronics,POS,XNA,Regional / Local,1560,Consumer electronics,6.0,middle,POS household with interest,365243.0,-475.0,-325.0,-355.0,-353.0,0.0